root	runner	action	mode	class	family	reason	destination	first_line
package:cmd/compile	package	-	interpreted	blocked-design	multi-package-interpreted	running a multi-package module (cmd/compile internals) interpreted: recorded design limitation (162 D1)	recorded-limitation:D1-package-interpreted	"bash++ import ""cmd/compile/internal/amd64"": package is not in the reviewed Go standard library"
package:cmd/compile/internal/abt	package	-	interpreted	blocked-design	multi-package-interpreted	running a multi-package module (cmd/compile internals) interpreted: recorded design limitation (162 D1)	recorded-limitation:D1-package-interpreted	gosource: original callback with copied slice references is unsupported
package:cmd/compile/internal/amd64	package	-	interpreted	blocked-design	multi-package-interpreted	running a multi-package module (cmd/compile internals) interpreted: recorded design limitation (162 D1)	recorded-limitation:D1-package-interpreted	gosource: build dependency bridge: exit status 2: internal/abi.FuncPCABI0·f: relocation target internal/abi.FuncPCABI0 not defined
package:cmd/compile/internal/base	package	-	interpreted	blocked-design	multi-package-interpreted	running a multi-package module (cmd/compile internals) interpreted: recorded design limitation (162 D1)	recorded-limitation:D1-package-interpreted	gosource: original callback with copied slice references is unsupported
package:cmd/compile/internal/compare	package	-	interpreted	blocked-design	multi-package-interpreted	running a multi-package module (cmd/compile internals) interpreted: recorded design limitation (162 D1)	recorded-limitation:D1-package-interpreted	gosource: original callback with copied slice references is unsupported
package:cmd/compile/internal/devirtualize	package	-	interpreted	blocked-design	multi-package-interpreted	running a multi-package module (cmd/compile internals) interpreted: recorded design limitation (162 D1)	recorded-limitation:D1-package-interpreted	gosource: original callback with copied slice references is unsupported
package:cmd/compile/internal/dwarfgen	package	-	interpreted	blocked-design	multi-package-interpreted	running a multi-package module (cmd/compile internals) interpreted: recorded design limitation (162 D1)	recorded-limitation:D1-package-interpreted	gosource: original callback with copied slice references is unsupported
package:cmd/compile/internal/importer	package	-	interpreted	blocked-design	multi-package-interpreted	running a multi-package module (cmd/compile internals) interpreted: recorded design limitation (162 D1)	recorded-limitation:D1-package-interpreted	gosource: original callback with copied slice references is unsupported
package:cmd/compile/internal/inline/inlheur	package	-	interpreted	blocked-design	multi-package-interpreted	running a multi-package module (cmd/compile internals) interpreted: recorded design limitation (162 D1)	recorded-limitation:D1-package-interpreted	src/cmd/compile/internal/inline/inlheur/analyze_func_callsites.go:21:1: BASHPP-ECOLLECTION-KEY: unsupported map key type __gosource_import_0_2_0.Node
package:cmd/compile/internal/ir	package	-	interpreted	blocked-design	multi-package-interpreted	running a multi-package module (cmd/compile internals) interpreted: recorded design limitation (162 D1)	recorded-limitation:D1-package-interpreted	function _ redeclared in this session
package:cmd/compile/internal/liveness	package	-	interpreted	blocked-design	multi-package-interpreted	running a multi-package module (cmd/compile internals) interpreted: recorded design limitation (162 D1)	recorded-limitation:D1-package-interpreted	gosource: build dependency bridge: exit status 2: internal/abi.FuncPCABI0·f: relocation target internal/abi.FuncPCABI0 not defined
package:cmd/compile/internal/logopt	package	-	interpreted	blocked-design	multi-package-interpreted	running a multi-package module (cmd/compile internals) interpreted: recorded design limitation (162 D1)	recorded-limitation:D1-package-interpreted	gosource: original callback with copied slice references is unsupported
package:cmd/compile/internal/loopvar	package	-	interpreted	blocked-design	multi-package-interpreted	running a multi-package module (cmd/compile internals) interpreted: recorded design limitation (162 D1)	recorded-limitation:D1-package-interpreted	gosource: original callback with copied slice references is unsupported
package:cmd/compile/internal/noder	package	-	interpreted	blocked-design	multi-package-interpreted	running a multi-package module (cmd/compile internals) interpreted: recorded design limitation (162 D1)	recorded-limitation:D1-package-interpreted	BASHPP-EINTERFACE-EMBED: interface __gosource_pkg_0_ImplicitNode embeds non-interface __gosource_import_0_4_1.Node
package:cmd/compile/internal/rangefunc	package	-	interpreted	blocked-design	multi-package-interpreted	running a multi-package module (cmd/compile internals) interpreted: recorded design limitation (162 D1)	recorded-limitation:D1-package-interpreted	gosource: build dependency bridge: exit status 2: internal/abi.FuncPCABI0·f: relocation target internal/abi.FuncPCABI0 not defined
package:cmd/compile/internal/reflectdata	package	-	interpreted	blocked-design	multi-package-interpreted	running a multi-package module (cmd/compile internals) interpreted: recorded design limitation (162 D1)	recorded-limitation:D1-package-interpreted	gosource: build dependency bridge: exit status 2: internal/abi.FuncPCABI0·f: relocation target internal/abi.FuncPCABI0 not defined
package:cmd/compile/internal/ssa	package	-	interpreted	blocked-design	multi-package-interpreted	running a multi-package module (cmd/compile internals) interpreted: recorded design limitation (162 D1)	recorded-limitation:D1-package-interpreted	Bash++ gotest backend: non-Go inputs
package:cmd/compile/internal/ssagen	package	-	interpreted	blocked-design	multi-package-interpreted	running a multi-package module (cmd/compile internals) interpreted: recorded design limitation (162 D1)	recorded-limitation:D1-package-interpreted	gosource: build dependency bridge: exit status 2: internal/abi.FuncPCABI0·f: relocation target internal/abi.FuncPCABI0 not defined
package:cmd/compile/internal/syntax	package	-	interpreted	blocked-design	multi-package-interpreted	running a multi-package module (cmd/compile internals) interpreted: recorded design limitation (162 D1)	recorded-limitation:D1-package-interpreted	src/cmd/compile/internal/syntax/source.go:58:7: BASHPP-ECONST-EXPR: const initializer is not a constant expression
package:cmd/compile/internal/test	package	-	interpreted	blocked-design	multi-package-interpreted	running a multi-package module (cmd/compile internals) interpreted: recorded design limitation (162 D1)	recorded-limitation:D1-package-interpreted	gosource: original callback with copied slice references is unsupported
package:cmd/compile/internal/typecheck	package	-	interpreted	blocked-design	multi-package-interpreted	running a multi-package module (cmd/compile internals) interpreted: recorded design limitation (162 D1)	recorded-limitation:D1-package-interpreted	src/cmd/compile/internal/typecheck/universe.go:15:1: BASHPP-ECOLLECTION-LENGTH: invalid array length __gosource_import_0_16_1.OEND
package:cmd/compile/internal/types	package	-	interpreted	blocked-design	multi-package-interpreted	running a multi-package module (cmd/compile internals) interpreted: recorded design limitation (162 D1)	recorded-limitation:D1-package-interpreted	function _ redeclared in this session
package:cmd/compile/internal/types2	package	-	interpreted	blocked-design	multi-package-interpreted	running a multi-package module (cmd/compile internals) interpreted: recorded design limitation (162 D1)	recorded-limitation:D1-package-interpreted	src/cmd/compile/internal/types2/alias.go:24:1: BASHPP-ECOLLECTION-KEY: unsupported map key type __gosource_pkg_0_Type
package:cmd/internal/testdir	package	-	interpreted	blocked-design	multi-package-interpreted	running a multi-package module (cmd/compile internals) interpreted: recorded design limitation (162 D1)	recorded-limitation:D1-package-interpreted	src/cmd/internal/testdir/testdir_test.go:218:1: gosource: asynchronous or retained original function callbacks are unsupported for __gosource_import_0_0_22.Once
package:go/types	package	-	interpreted	blocked-design	multi-package-interpreted	running a multi-package module (cmd/compile internals) interpreted: recorded design limitation (162 D1)	recorded-limitation:D1-package-interpreted	src/go/types/alias.go:27:1: BASHPP-ECOLLECTION-KEY: unsupported map key type __gosource_import_0_1_2.Expr
package:internal/types/errors	package	-	compiled	repair	package		todo:306d0db8d77b	src/internal/types/errors/codes_test.go:54:27: cannot use importer.Default() (value of interface type types.Importer) as types.Importer value in struct literal:
package:internal/types/errors	package	-	interpreted	blocked-design	multi-package-interpreted	running a multi-package module (cmd/compile internals) interpreted: recorded design limitation (162 D1)	recorded-limitation:D1-package-interpreted	src/internal/types/errors/codes_test.go:54:27: cannot use importer.Default() (value of interface type types.Importer) as types.Importer value in struct literal:
testdir:235.go	testdir	run	interpreted	repair	151		todo:11f3abf68a13	235.go:60:4: BASHPP-EEXPR-OPERAND: indexed value is not a scalar
testdir:64bit.go	testdir	runoutput	interpreted	blocked-design	interpreter-per-call-cost	exceeds the 60 s bound under interpretation (interpreter per-call cost (162 D2, 53x the bound)); the bound is never raised	recorded-limitation:D2-deadline	command exceeded time limit
testdir:abi/fibish.go	testdir	run	interpreted	blocked-design	interpreter-per-call-cost	exceeds the 60 s bound under interpretation (interpreter per-call cost (162 D2, 53x the bound)); the bound is never raised	recorded-limitation:D2-deadline	command exceeded time limit
testdir:abi/fibish_closure.go	testdir	run	interpreted	blocked-design	interpreter-per-call-cost	exceeds the 60 s bound under interpretation (interpreter per-call cost (162 D2, 53x the bound)); the bound is never raised	recorded-limitation:D2-deadline	command exceeded time limit
testdir:abi/idata.go	testdir	run	interpreted	repair	151		todo:11f3abf68a13	BASHPP-EPOINTER-TARGET: expression is not a pointer
testdir:abi/map.go	testdir	run	interpreted	blocked-design	retained-callback	runtime.SetFinalizer original-pointer callback: needs a heap-lifetime design for retained callbacks	todo:ffabc6c1c44a	abi/map.go:28:26: gosource: original callback signature requires value-semantics parameters and supported results
testdir:abi/method_wrapper.go	testdir	run	interpreted	repair	151		todo:11f3abf68a13	"func literal: cannot use ""6/5"" as float64 value for parameter __gosource_arg2"
testdir:abi/part_live.go	testdir	run	interpreted	excluded	unsafe-reinterpretation	unsafe.Pointer memory reinterpretation: the interpreter has no native memory model	recorded-limitation:D7-unsafe-pointer	abi/part_live.go:34:34: BASHPP-EEXPR-FORM: unsupported scalar expression *syntax.BashPPAddressExpr
testdir:abi/part_live_2.go	testdir	run	interpreted	excluded	unsafe-reinterpretation	unsafe.Pointer memory reinterpretation: the interpreter has no native memory model	recorded-limitation:D7-unsafe-pointer	abi/part_live_2.go:39:34: BASHPP-EEXPR-FORM: unsupported scalar expression *syntax.BashPPAddressExpr
testdir:abi/result_live.go	testdir	errorcheck	interpreted	excluded	compiler-diagnostic	test asserts gc optimizer output (-m/-d=); an interpreter has no optimizer to report on	recorded-limitation:retained-artifact-row	Bash++ backend unsupported: optimizer diagnostics are a compiler artifact; the check interface has no inlining, escape-analysis or SSA meaning
testdir:abi/uglyfib.go	testdir	run	interpreted	blocked-design	interpreter-per-call-cost	exceeds the 60 s bound under interpretation (interpreter per-call cost (162 D2, 53x the bound)); the bound is never raised	recorded-limitation:D2-deadline	command exceeded time limit
testdir:alias3.go	testdir	rundir	interpreted	repair	151		todo:11f3abf68a13	BASHPP-EINTERFACE-SIGNATURE: __gosource_pkg_0_I1 method M1 has wrong signature
testdir:append.go	testdir	run	interpreted	repair	151		todo:11f3abf68a13	append.go:68:42: BASHPP-EEXPR-CONVERT: cannot convert String to []byte
testdir:asmhdr.go	testdir	buildrundir	interpreted	blocked-design	harness-generate-phase	runoutput/errorcheckoutput generate a compile input the interpreted backend does not yet drive (harness phase, not a language gap)	recorded-limitation:retained-artifact-row	"Bash++ backend unsupported generate phase: compile input ""/srv/sprint162/barrier-d/evidence/goroot/test/asmhdr.dir/main.s"" is not a Go source file"
testdir:bigalg.go	testdir	run	interpreted	repair	151		todo:11f3abf68a13	bigalg.go:61:34: BASHPP-EEXPR-OPERAND: a is not a scalar
testdir:blank.go	testdir	run	interpreted	blocked-design	unsafe-reinterpretation	unsafe.Pointer reinterpretation of an anonymous composite (blank.go): D7 ground unless a memory model is designed	todo:27f3e89e5692	blank.go:117:30: BASHPP-EEXPR-FORM: unsupported scalar expression *syntax.BashPPAddressExpr
testdir:bloop.go	testdir	errorcheck	interpreted	excluded	compiler-diagnostic	test asserts gc optimizer output (-m/-d=); an interpreter has no optimizer to report on	recorded-limitation:retained-artifact-row	Bash++ backend unsupported: optimizer diagnostics are a compiler artifact; the check interface has no inlining, escape-analysis or SSA meaning
testdir:bounds.go	testdir	errorcheck	interpreted	excluded	compiler-diagnostic	test asserts gc optimizer output (-m/-d=); an interpreter has no optimizer to report on	recorded-limitation:retained-artifact-row	Bash++ backend unsupported: optimizer diagnostics are a compiler artifact; the check interface has no inlining, escape-analysis or SSA meaning
testdir:chan/doubleselect.go	testdir	run	interpreted	repair	153		todo:c794caf2c0e2	command exceeded time limit
testdir:chan/powser1.go	testdir	run	interpreted	repair	unclassified		todo:306d0db8d77b	chan/powser1.go:146:3: gosource: mixed native/interpreted channel select requires atomic arbitration
testdir:chan/powser2.go	testdir	run	interpreted	repair	151		todo:11f3abf68a13	BASHPP-ESELECTOR-EXPR: unsupported structured expression
testdir:chan/select.go	testdir	run	interpreted	repair	151		todo:11f3abf68a13	BASHPP-EARG-CHAN: Send requires chan uint for parameter b
testdir:chan/select2.go	testdir	run	interpreted	blocked-design	interpreter-per-call-cost	exceeds the 60 s bound under interpretation (128 s (2.1×) then next defect 'memstats has no fields' — runtime lane;); the bound is never raised	recorded-limitation:D10-deadline-new	command exceeded time limit
testdir:chan/select5.go	testdir	runoutput	interpreted	repair	151		todo:11f3abf68a13	BASHPP-EPOINTER-TARGET: expression is not a pointer
testdir:chan/sieve2.go	testdir	run	interpreted	repair	153		todo:c794caf2c0e2	bash++: task failed: gosource: dependency mutation of interpreter-owned references is unsupported for heap.Push
testdir:chancap.go	testdir	run	interpreted	repair	153		todo:c794caf2c0e2	native dependency panic: makechan: size out of range
testdir:chanlinear.go	testdir	run	interpreted	repair	151		todo:11f3abf68a13	BASHPP-EBUILTIN-TYPE: BASHPP-ECOLLECTION-ELEMENT: scalar cannot be used as chan bool
testdir:checkbce.go	testdir	errorcheck	interpreted	excluded	compiler-diagnostic	test asserts gc optimizer output (-m/-d=); an interpreter has no optimizer to report on	recorded-limitation:retained-artifact-row	Bash++ backend unsupported: optimizer diagnostics are a compiler artifact; the check interface has no inlining, escape-analysis or SSA meaning
testdir:closedchan.go	testdir	run	interpreted	repair	151		todo:11f3abf68a13	closedchan.go:322:39: BASHPP-EEXPR-OPERAND: c is not a scalar
testdir:closure.go	testdir	run	interpreted	blocked-design	interpreter-stack	goroutine stack exceeds under interpretation: native stack per interpreted frame (D10e)	recorded-limitation:D2-deadline	newfunc allocated unexpectedly
testdir:closure3.go	testdir	errorcheckandrundir	compiled	repair	152		todo:600dd206218e	test/closure3.dir/main.go:16:9: can inline main.func1
testdir:closure3.go	testdir	errorcheckandrundir	interpreted	repair	152		todo:600dd206218e	"main.go:15: missing error ""can inline main.func1"""
testdir:cmp.go	testdir	run	interpreted	excluded	unsafe-reinterpretation	unsafe.Pointer memory reinterpretation: the interpreter has no native memory model	recorded-limitation:D7-unsafe-pointer	cmp.go:20:70: BASHPP-EEXPR-FORM: unsupported scalar expression *syntax.BashPPAddressExpr
testdir:cmplxdivide.go	testdir	run	interpreted	repair	151		todo:11f3abf68a13	cmplxdivide1.go:18:53: BASHPP-EEXPR-OPERAND: nan is not a scalar
testdir:codegen/addrcalc.go	testdir	none	interpreted	excluded	asmcheck	test matches generated machine code (asmcheck); an interpreter emits none	recorded-limitation:retained-artifact-row	linux/amd64/v1
testdir:codegen/alloc.go	testdir	none	interpreted	excluded	asmcheck	test matches generated machine code (asmcheck); an interpreter emits none	recorded-limitation:retained-artifact-row	linux/amd64/v1
testdir:codegen/append.go	testdir	none	interpreted	excluded	asmcheck	test matches generated machine code (asmcheck); an interpreter emits none	recorded-limitation:retained-artifact-row	linux/amd64/v1
testdir:codegen/arithmetic.go	testdir	none	interpreted	excluded	asmcheck	test matches generated machine code (asmcheck); an interpreter emits none	recorded-limitation:retained-artifact-row	linux/amd64/v1
testdir:codegen/atomics.go	testdir	none	interpreted	excluded	asmcheck	test matches generated machine code (asmcheck); an interpreter emits none	recorded-limitation:retained-artifact-row	linux/amd64/v1
testdir:codegen/bits.go	testdir	none	interpreted	excluded	asmcheck	test matches generated machine code (asmcheck); an interpreter emits none	recorded-limitation:retained-artifact-row	linux/amd64/v1
testdir:codegen/bmi.go	testdir	none	interpreted	excluded	asmcheck	test matches generated machine code (asmcheck); an interpreter emits none	recorded-limitation:retained-artifact-row	linux/amd64/v3
testdir:codegen/bool.go	testdir	none	interpreted	excluded	asmcheck	test matches generated machine code (asmcheck); an interpreter emits none	recorded-limitation:retained-artifact-row	linux/amd64/v1
testdir:codegen/clobberdead.go	testdir	none	interpreted	excluded	asmcheck	test matches generated machine code (asmcheck); an interpreter emits none	recorded-limitation:retained-artifact-row	linux/amd64/v1
testdir:codegen/clobberdeadreg.go	testdir	none	interpreted	excluded	asmcheck	test matches generated machine code (asmcheck); an interpreter emits none	recorded-limitation:retained-artifact-row	linux/amd64/v1
testdir:codegen/comparisons.go	testdir	none	interpreted	excluded	asmcheck	test matches generated machine code (asmcheck); an interpreter emits none	recorded-limitation:retained-artifact-row	linux/amd64/v1
testdir:codegen/condmove.go	testdir	none	interpreted	excluded	asmcheck	test matches generated machine code (asmcheck); an interpreter emits none	recorded-limitation:retained-artifact-row	linux/amd64/v1
testdir:codegen/constants.go	testdir	none	interpreted	excluded	asmcheck	test matches generated machine code (asmcheck); an interpreter emits none	recorded-limitation:retained-artifact-row	linux/amd64/v1
testdir:codegen/copy.go	testdir	none	interpreted	excluded	asmcheck	test matches generated machine code (asmcheck); an interpreter emits none	recorded-limitation:retained-artifact-row	linux/amd64/v1
testdir:codegen/deadstore.go	testdir	none	interpreted	excluded	asmcheck	test matches generated machine code (asmcheck); an interpreter emits none	recorded-limitation:retained-artifact-row	linux/amd64/v1
testdir:codegen/floats.go	testdir	none	interpreted	excluded	asmcheck	test matches generated machine code (asmcheck); an interpreter emits none	recorded-limitation:retained-artifact-row	linux/amd64/v1
testdir:codegen/fuse.go	testdir	none	interpreted	excluded	asmcheck	test matches generated machine code (asmcheck); an interpreter emits none	recorded-limitation:retained-artifact-row	linux/amd64/v1
testdir:codegen/generics.go	testdir	none	interpreted	excluded	asmcheck	test matches generated machine code (asmcheck); an interpreter emits none	recorded-limitation:retained-artifact-row	linux/amd64/v1
testdir:codegen/ifaces.go	testdir	none	interpreted	excluded	asmcheck	test matches generated machine code (asmcheck); an interpreter emits none	recorded-limitation:retained-artifact-row	linux/amd64/v1
testdir:codegen/issue22703.go	testdir	none	interpreted	excluded	asmcheck	test matches generated machine code (asmcheck); an interpreter emits none	recorded-limitation:retained-artifact-row	linux/amd64/v1
testdir:codegen/issue25378.go	testdir	none	interpreted	excluded	asmcheck	test matches generated machine code (asmcheck); an interpreter emits none	recorded-limitation:retained-artifact-row	linux/amd64/v1
testdir:codegen/issue31618.go	testdir	none	interpreted	excluded	asmcheck	test matches generated machine code (asmcheck); an interpreter emits none	recorded-limitation:retained-artifact-row	linux/amd64/v1
testdir:codegen/issue33580.go	testdir	none	interpreted	excluded	asmcheck	test matches generated machine code (asmcheck); an interpreter emits none	recorded-limitation:retained-artifact-row	linux/amd64/v1
testdir:codegen/issue38554.go	testdir	none	interpreted	excluded	asmcheck	test matches generated machine code (asmcheck); an interpreter emits none	recorded-limitation:retained-artifact-row	linux/amd64/v1
testdir:codegen/issue48054.go	testdir	none	interpreted	excluded	asmcheck	test matches generated machine code (asmcheck); an interpreter emits none	recorded-limitation:retained-artifact-row	linux/amd64/v1
testdir:codegen/issue52635.go	testdir	none	interpreted	excluded	asmcheck	test matches generated machine code (asmcheck); an interpreter emits none	recorded-limitation:retained-artifact-row	linux/amd64/v1
testdir:codegen/issue54467.go	testdir	none	interpreted	excluded	asmcheck	test matches generated machine code (asmcheck); an interpreter emits none	recorded-limitation:retained-artifact-row	linux/amd64/v1
testdir:codegen/issue56440.go	testdir	none	interpreted	excluded	asmcheck	test matches generated machine code (asmcheck); an interpreter emits none	recorded-limitation:retained-artifact-row	linux/amd64/v1
testdir:codegen/issue58166.go	testdir	none	interpreted	excluded	asmcheck	test matches generated machine code (asmcheck); an interpreter emits none	recorded-limitation:retained-artifact-row	linux/amd64/v1
testdir:codegen/issue59297.go	testdir	none	interpreted	excluded	asmcheck	test matches generated machine code (asmcheck); an interpreter emits none	recorded-limitation:retained-artifact-row	linux/amd64/v1
testdir:codegen/issue60324.go	testdir	none	interpreted	excluded	asmcheck	test matches generated machine code (asmcheck); an interpreter emits none	recorded-limitation:retained-artifact-row	linux/amd64/v1
testdir:codegen/issue61356.go	testdir	none	interpreted	excluded	asmcheck	test matches generated machine code (asmcheck); an interpreter emits none	recorded-limitation:retained-artifact-row	linux/amd64/v1
testdir:codegen/issue63332.go	testdir	none	interpreted	excluded	asmcheck	test matches generated machine code (asmcheck); an interpreter emits none	recorded-limitation:retained-artifact-row	linux/amd64/v1
testdir:codegen/issue66585.go	testdir	none	interpreted	excluded	asmcheck	test matches generated machine code (asmcheck); an interpreter emits none	recorded-limitation:retained-artifact-row	linux/amd64/v1
testdir:codegen/issue68845.go	testdir	none	interpreted	excluded	asmcheck	test matches generated machine code (asmcheck); an interpreter emits none	recorded-limitation:retained-artifact-row	linux/amd64/v1
testdir:codegen/issue69635.go	testdir	none	interpreted	excluded	asmcheck	test matches generated machine code (asmcheck); an interpreter emits none	recorded-limitation:retained-artifact-row	linux/amd64/v1
testdir:codegen/issue70409.go	testdir	none	interpreted	excluded	asmcheck	test matches generated machine code (asmcheck); an interpreter emits none	recorded-limitation:retained-artifact-row	linux/amd64/v1
testdir:codegen/issue72832.go	testdir	none	interpreted	excluded	asmcheck	test matches generated machine code (asmcheck); an interpreter emits none	recorded-limitation:retained-artifact-row	linux/amd64/v1
testdir:codegen/issue74485.go	testdir	none	interpreted	excluded	asmcheck	test matches generated machine code (asmcheck); an interpreter emits none	recorded-limitation:retained-artifact-row	linux/amd64/v1
testdir:codegen/issue74788.go	testdir	none	interpreted	excluded	asmcheck	test matches generated machine code (asmcheck); an interpreter emits none	recorded-limitation:retained-artifact-row	linux/amd64/v1
testdir:codegen/issue75203.go	testdir	none	interpreted	excluded	asmcheck	test matches generated machine code (asmcheck); an interpreter emits none	recorded-limitation:retained-artifact-row	linux/amd64/v1
testdir:codegen/issue77375.go	testdir	none	interpreted	excluded	asmcheck	test matches generated machine code (asmcheck); an interpreter emits none	recorded-limitation:retained-artifact-row	linux/amd64/v1
testdir:codegen/known_bits.go	testdir	none	interpreted	excluded	asmcheck	test matches generated machine code (asmcheck); an interpreter emits none	recorded-limitation:retained-artifact-row	linux/amd64/v1
testdir:codegen/load_type_from_itab.go	testdir	none	interpreted	excluded	asmcheck	test matches generated machine code (asmcheck); an interpreter emits none	recorded-limitation:retained-artifact-row	linux/amd64/v1
testdir:codegen/logic.go	testdir	none	interpreted	excluded	asmcheck	test matches generated machine code (asmcheck); an interpreter emits none	recorded-limitation:retained-artifact-row	linux/amd64/v1
testdir:codegen/mapaccess.go	testdir	none	interpreted	excluded	asmcheck	test matches generated machine code (asmcheck); an interpreter emits none	recorded-limitation:retained-artifact-row	linux/amd64/v1
testdir:codegen/maps.go	testdir	none	interpreted	excluded	asmcheck	test matches generated machine code (asmcheck); an interpreter emits none	recorded-limitation:retained-artifact-row	linux/amd64/v1
testdir:codegen/math.go	testdir	none	interpreted	excluded	asmcheck	test matches generated machine code (asmcheck); an interpreter emits none	recorded-limitation:retained-artifact-row	linux/amd64/v1
testdir:codegen/mathbits.go	testdir	none	interpreted	excluded	asmcheck	test matches generated machine code (asmcheck); an interpreter emits none	recorded-limitation:retained-artifact-row	linux/amd64/v1
testdir:codegen/memcombine.go	testdir	none	interpreted	excluded	asmcheck	test matches generated machine code (asmcheck); an interpreter emits none	recorded-limitation:retained-artifact-row	linux/amd64/v1
testdir:codegen/memops.go	testdir	none	interpreted	excluded	asmcheck	test matches generated machine code (asmcheck); an interpreter emits none	recorded-limitation:retained-artifact-row	linux/amd64/v1
testdir:codegen/moveload.go	testdir	none	interpreted	excluded	asmcheck	test matches generated machine code (asmcheck); an interpreter emits none	recorded-limitation:retained-artifact-row	linux/amd64/v1
testdir:codegen/multiply.go	testdir	none	interpreted	excluded	asmcheck	test matches generated machine code (asmcheck); an interpreter emits none	recorded-limitation:retained-artifact-row	linux/amd64/v1
testdir:codegen/race.go	testdir	none	interpreted	excluded	asmcheck	test matches generated machine code (asmcheck); an interpreter emits none	recorded-limitation:retained-artifact-row	linux/amd64/v1
testdir:codegen/reflect_type.go	testdir	none	interpreted	excluded	asmcheck	test matches generated machine code (asmcheck); an interpreter emits none	recorded-limitation:retained-artifact-row	linux/amd64/v1
testdir:codegen/regabi_regalloc.go	testdir	none	interpreted	excluded	asmcheck	test matches generated machine code (asmcheck); an interpreter emits none	recorded-limitation:retained-artifact-row	linux/amd64/v1
testdir:codegen/retpoline.go	testdir	none	interpreted	excluded	asmcheck	test matches generated machine code (asmcheck); an interpreter emits none	recorded-limitation:retained-artifact-row	linux/amd64/v1
testdir:codegen/rotate.go	testdir	none	interpreted	excluded	asmcheck	test matches generated machine code (asmcheck); an interpreter emits none	recorded-limitation:retained-artifact-row	linux/amd64/v1
testdir:codegen/schedule.go	testdir	none	interpreted	excluded	asmcheck	test matches generated machine code (asmcheck); an interpreter emits none	recorded-limitation:retained-artifact-row	linux/amd64/v1
testdir:codegen/select.go	testdir	none	interpreted	excluded	asmcheck	test matches generated machine code (asmcheck); an interpreter emits none	recorded-limitation:retained-artifact-row	linux/amd64/v1
testdir:codegen/shape_assert.go	testdir	none	interpreted	excluded	asmcheck	test matches generated machine code (asmcheck); an interpreter emits none	recorded-limitation:retained-artifact-row	linux/amd64/v1
testdir:codegen/shift.go	testdir	none	interpreted	excluded	asmcheck	test matches generated machine code (asmcheck); an interpreter emits none	recorded-limitation:retained-artifact-row	linux/amd64/v1
testdir:codegen/shortcircuit.go	testdir	none	interpreted	excluded	asmcheck	test matches generated machine code (asmcheck); an interpreter emits none	recorded-limitation:retained-artifact-row	linux/amd64/v1
testdir:codegen/slices.go	testdir	none	interpreted	excluded	asmcheck	test matches generated machine code (asmcheck); an interpreter emits none	recorded-limitation:retained-artifact-row	linux/amd64/v1
testdir:codegen/smallintiface.go	testdir	none	interpreted	excluded	asmcheck	test matches generated machine code (asmcheck); an interpreter emits none	recorded-limitation:retained-artifact-row	linux/amd64/v1
testdir:codegen/spectre.go	testdir	none	interpreted	excluded	asmcheck	test matches generated machine code (asmcheck); an interpreter emits none	recorded-limitation:retained-artifact-row	linux/amd64/v1
testdir:codegen/stack.go	testdir	none	interpreted	excluded	asmcheck	test matches generated machine code (asmcheck); an interpreter emits none	recorded-limitation:retained-artifact-row	linux/amd64/v1
testdir:codegen/strings.go	testdir	none	interpreted	excluded	asmcheck	test matches generated machine code (asmcheck); an interpreter emits none	recorded-limitation:retained-artifact-row	linux/amd64/v1
testdir:codegen/structs.go	testdir	none	interpreted	excluded	asmcheck	test matches generated machine code (asmcheck); an interpreter emits none	recorded-limitation:retained-artifact-row	linux/amd64/v1
testdir:codegen/switch.go	testdir	none	compiled	repair	152		todo:600dd206218e	codegen/switch.go:249: linux/amd64/v1: opcode not found: `^CMPL \(.*\), \$1836345390$`
testdir:codegen/switch.go	testdir	none	interpreted	repair	152		todo:600dd206218e	linux/amd64/v1
testdir:codegen/typeswitch.go	testdir	none	interpreted	excluded	asmcheck	test matches generated machine code (asmcheck); an interpreter emits none	recorded-limitation:retained-artifact-row	linux/amd64/v1
testdir:codegen/unique.go	testdir	none	interpreted	excluded	asmcheck	test matches generated machine code (asmcheck); an interpreter emits none	recorded-limitation:retained-artifact-row	linux/amd64/v1
testdir:codegen/unsafe.go	testdir	none	interpreted	excluded	asmcheck	test matches generated machine code (asmcheck); an interpreter emits none	recorded-limitation:retained-artifact-row	linux/amd64/v1
testdir:codegen/writebarrier.go	testdir	none	interpreted	excluded	asmcheck	test matches generated machine code (asmcheck); an interpreter emits none	recorded-limitation:retained-artifact-row	linux/amd64/v1
testdir:codegen/zerosize.go	testdir	none	interpreted	excluded	asmcheck	test matches generated machine code (asmcheck); an interpreter emits none	recorded-limitation:retained-artifact-row	linux/amd64/v1
testdir:complit.go	testdir	run	interpreted	repair	151		todo:11f3abf68a13	BASHPP-ECOLLECTION-LENGTH: invalid array length len(at)
testdir:complit2.go	testdir	run	interpreted	repair	151		todo:11f3abf68a13	complit2.go:35:5: BASHPP-ECOMPARE-NONCOMPARABLE: unsupported comparison
testdir:const.go	testdir	run	interpreted	repair	151		todo:11f3abf68a13	const.go:22:2: const.go:22:9: BASHPP-EEXPR-SHIFT: shift requires integer operands
testdir:const4.go	testdir	run	interpreted	repair	151		todo:11f3abf68a13	const4.go:42:2: BASHPP-EINIT-ORDER: initializer for c depends on c before it is initialized; dependency reordering across shell statements is unsupported
testdir:const8.go	testdir	run	interpreted	repair	151		todo:11f3abf68a13	const8.go:18:10: const8.go:18:10: BASHPP-EEXPR-UNDEFINED: undefined: iota
testdir:convT2X.go	testdir	run	interpreted	repair	153		todo:c794caf2c0e2	panic: u128 != iu128
testdir:convert4.go	testdir	run	interpreted	repair	151		todo:11f3abf68a13	BASHPP-EPOINTER-TARGET: ss is not a pointer
testdir:convert5.go	testdir	run	interpreted	repair	153		todo:c794caf2c0e2	panic: runtime error: integer divide by zero
testdir:convinline.go	testdir	runoutput	interpreted	repair	151		todo:11f3abf68a13	"convert1: cannot use ""-3/2"" as float64 value for parameter v"
testdir:copy.go	testdir	run	interpreted	repair	151		todo:11f3abf68a13	copy.go:113:16: BASHPP-EEXPR-OPERAND: indexed value is not a scalar
testdir:ddd.go	testdir	run	interpreted	repair	151		todo:11f3abf68a13	"sum: cannot use ""[1,2,3]"" as int value for parameter args"
testdir:defererrcheck.go	testdir	errorcheck	interpreted	excluded	compiler-diagnostic	test asserts gc optimizer output (-m/-d=); an interpreter has no optimizer to report on	recorded-limitation:retained-artifact-row	Bash++ backend unsupported: optimizer diagnostics are a compiler artifact; the check interface has no inlining, escape-analysis or SSA meaning
testdir:deferfin.go	testdir	run	interpreted	blocked-design	interpreter-per-call-cost	exceeds the 60 s bound under interpretation (interpreter per-call cost (162 D2, 53x the bound)); the bound is never raised	recorded-limitation:D2-deadline	command exceeded time limit
testdir:deferprint.go	testdir	run	interpreted	repair	153		todo:c794caf2c0e2	output does not match expected in deferprint.out. Instead saw
testdir:devirt.go	testdir	errorcheck	interpreted	excluded	compiler-diagnostic	test asserts gc optimizer output (-m/-d=); an interpreter has no optimizer to report on	recorded-limitation:retained-artifact-row	Bash++ backend unsupported: optimizer diagnostics are a compiler artifact; the check interface has no inlining, escape-analysis or SSA meaning
testdir:devirtualization.go	testdir	errorcheck	interpreted	excluded	compiler-diagnostic	test asserts gc optimizer output (-m/-d=); an interpreter has no optimizer to report on	recorded-limitation:retained-artifact-row	Bash++ backend unsupported: optimizer diagnostics are a compiler artifact; the check interface has no inlining, escape-analysis or SSA meaning
testdir:devirtualization_nil_panics.go	testdir	run	compiled	repair	153		todo:c794caf2c0e2	panic: runtime error: invalid memory address or nil pointer dereference [recovered]
testdir:devirtualization_with_type_assertions_interleaved.go	testdir	errorcheck	interpreted	excluded	compiler-diagnostic	test asserts gc optimizer output (-m/-d=); an interpreter has no optimizer to report on	recorded-limitation:retained-artifact-row	Bash++ backend unsupported: optimizer diagnostics are a compiler artifact; the check interface has no inlining, escape-analysis or SSA meaning
testdir:divmod.go	testdir	run	interpreted	blocked-design	interpreter-per-call-cost	exceeds the 60 s bound under interpretation (> 600 s (> 10×) — interpreter per-call cost (D10b)); the bound is never raised	recorded-limitation:D10-deadline-new	command exceeded time limit
testdir:escape.go	testdir	run	interpreted	repair	151		todo:11f3abf68a13	escape.go:182:2: BASHPP-EASSIGN-TYPE: cannot assign int to *int
testdir:escape2.go	testdir	errorcheck	interpreted	excluded	compiler-diagnostic	test asserts gc optimizer output (-m/-d=); an interpreter has no optimizer to report on	recorded-limitation:retained-artifact-row	Bash++ backend unsupported: optimizer diagnostics are a compiler artifact; the check interface has no inlining, escape-analysis or SSA meaning
testdir:escape2n.go	testdir	errorcheck	interpreted	excluded	compiler-diagnostic	test asserts gc optimizer output (-m/-d=); an interpreter has no optimizer to report on	recorded-limitation:retained-artifact-row	Bash++ backend unsupported: optimizer diagnostics are a compiler artifact; the check interface has no inlining, escape-analysis or SSA meaning
testdir:escape4.go	testdir	errorcheck	interpreted	excluded	compiler-diagnostic	test asserts gc optimizer output (-m/-d=); an interpreter has no optimizer to report on	recorded-limitation:retained-artifact-row	Bash++ backend unsupported: optimizer diagnostics are a compiler artifact; the check interface has no inlining, escape-analysis or SSA meaning
testdir:escape5.go	testdir	errorcheck	interpreted	excluded	compiler-diagnostic	test asserts gc optimizer output (-m/-d=); an interpreter has no optimizer to report on	recorded-limitation:retained-artifact-row	Bash++ backend unsupported: optimizer diagnostics are a compiler artifact; the check interface has no inlining, escape-analysis or SSA meaning
testdir:escape6.go	testdir	errorcheck	interpreted	excluded	compiler-diagnostic	test asserts gc optimizer output (-m/-d=); an interpreter has no optimizer to report on	recorded-limitation:retained-artifact-row	Bash++ backend unsupported: optimizer diagnostics are a compiler artifact; the check interface has no inlining, escape-analysis or SSA meaning
testdir:escape_array.go	testdir	errorcheck	interpreted	excluded	compiler-diagnostic	test asserts gc optimizer output (-m/-d=); an interpreter has no optimizer to report on	recorded-limitation:retained-artifact-row	Bash++ backend unsupported: optimizer diagnostics are a compiler artifact; the check interface has no inlining, escape-analysis or SSA meaning
testdir:escape_bloop.go	testdir	errorcheck	interpreted	excluded	compiler-diagnostic	test asserts gc optimizer output (-m/-d=); an interpreter has no optimizer to report on	recorded-limitation:retained-artifact-row	Bash++ backend unsupported: optimizer diagnostics are a compiler artifact; the check interface has no inlining, escape-analysis or SSA meaning
testdir:escape_calls.go	testdir	errorcheck	interpreted	excluded	compiler-diagnostic	test asserts gc optimizer output (-m/-d=); an interpreter has no optimizer to report on	recorded-limitation:retained-artifact-row	Bash++ backend unsupported: optimizer diagnostics are a compiler artifact; the check interface has no inlining, escape-analysis or SSA meaning
testdir:escape_closure.go	testdir	errorcheck	interpreted	excluded	compiler-diagnostic	test asserts gc optimizer output (-m/-d=); an interpreter has no optimizer to report on	recorded-limitation:retained-artifact-row	Bash++ backend unsupported: optimizer diagnostics are a compiler artifact; the check interface has no inlining, escape-analysis or SSA meaning
testdir:escape_field.go	testdir	errorcheck	interpreted	excluded	compiler-diagnostic	test asserts gc optimizer output (-m/-d=); an interpreter has no optimizer to report on	recorded-limitation:retained-artifact-row	Bash++ backend unsupported: optimizer diagnostics are a compiler artifact; the check interface has no inlining, escape-analysis or SSA meaning
testdir:escape_goto.go	testdir	errorcheck	interpreted	excluded	compiler-diagnostic	test asserts gc optimizer output (-m/-d=); an interpreter has no optimizer to report on	recorded-limitation:retained-artifact-row	Bash++ backend unsupported: optimizer diagnostics are a compiler artifact; the check interface has no inlining, escape-analysis or SSA meaning
testdir:escape_hash_maphash.go	testdir	errorcheck	interpreted	excluded	compiler-diagnostic	test asserts gc optimizer output (-m/-d=); an interpreter has no optimizer to report on	recorded-limitation:retained-artifact-row	Bash++ backend unsupported: optimizer diagnostics are a compiler artifact; the check interface has no inlining, escape-analysis or SSA meaning
testdir:escape_iface.go	testdir	errorcheck	interpreted	excluded	compiler-diagnostic	test asserts gc optimizer output (-m/-d=); an interpreter has no optimizer to report on	recorded-limitation:retained-artifact-row	Bash++ backend unsupported: optimizer diagnostics are a compiler artifact; the check interface has no inlining, escape-analysis or SSA meaning
testdir:escape_iface_data.go	testdir	errorcheck	interpreted	excluded	compiler-diagnostic	test asserts gc optimizer output (-m/-d=); an interpreter has no optimizer to report on	recorded-limitation:retained-artifact-row	Bash++ backend unsupported: optimizer diagnostics are a compiler artifact; the check interface has no inlining, escape-analysis or SSA meaning
testdir:escape_indir.go	testdir	errorcheck	interpreted	excluded	compiler-diagnostic	test asserts gc optimizer output (-m/-d=); an interpreter has no optimizer to report on	recorded-limitation:retained-artifact-row	Bash++ backend unsupported: optimizer diagnostics are a compiler artifact; the check interface has no inlining, escape-analysis or SSA meaning
testdir:escape_level.go	testdir	errorcheck	interpreted	excluded	compiler-diagnostic	test asserts gc optimizer output (-m/-d=); an interpreter has no optimizer to report on	recorded-limitation:retained-artifact-row	Bash++ backend unsupported: optimizer diagnostics are a compiler artifact; the check interface has no inlining, escape-analysis or SSA meaning
testdir:escape_make_non_const.go	testdir	errorcheck	interpreted	excluded	compiler-diagnostic	test asserts gc optimizer output (-m/-d=); an interpreter has no optimizer to report on	recorded-limitation:retained-artifact-row	Bash++ backend unsupported: optimizer diagnostics are a compiler artifact; the check interface has no inlining, escape-analysis or SSA meaning
testdir:escape_map.go	testdir	errorcheck	interpreted	excluded	compiler-diagnostic	test asserts gc optimizer output (-m/-d=); an interpreter has no optimizer to report on	recorded-limitation:retained-artifact-row	Bash++ backend unsupported: optimizer diagnostics are a compiler artifact; the check interface has no inlining, escape-analysis or SSA meaning
testdir:escape_mutations.go	testdir	errorcheck	interpreted	excluded	compiler-diagnostic	test asserts gc optimizer output (-m/-d=); an interpreter has no optimizer to report on	recorded-limitation:retained-artifact-row	Bash++ backend unsupported: optimizer diagnostics are a compiler artifact; the check interface has no inlining, escape-analysis or SSA meaning
testdir:escape_param.go	testdir	errorcheck	interpreted	excluded	compiler-diagnostic	test asserts gc optimizer output (-m/-d=); an interpreter has no optimizer to report on	recorded-limitation:retained-artifact-row	Bash++ backend unsupported: optimizer diagnostics are a compiler artifact; the check interface has no inlining, escape-analysis or SSA meaning
testdir:escape_reflect.go	testdir	errorcheck	interpreted	excluded	compiler-diagnostic	test asserts gc optimizer output (-m/-d=); an interpreter has no optimizer to report on	recorded-limitation:retained-artifact-row	Bash++ backend unsupported: optimizer diagnostics are a compiler artifact; the check interface has no inlining, escape-analysis or SSA meaning
testdir:escape_runtime_atomic.go	testdir	errorcheck	interpreted	excluded	compiler-diagnostic	test asserts gc optimizer output (-m/-d=); an interpreter has no optimizer to report on	recorded-limitation:retained-artifact-row	Bash++ backend unsupported: optimizer diagnostics are a compiler artifact; the check interface has no inlining, escape-analysis or SSA meaning
testdir:escape_selfassign.go	testdir	errorcheck	interpreted	excluded	compiler-diagnostic	test asserts gc optimizer output (-m/-d=); an interpreter has no optimizer to report on	recorded-limitation:retained-artifact-row	Bash++ backend unsupported: optimizer diagnostics are a compiler artifact; the check interface has no inlining, escape-analysis or SSA meaning
testdir:escape_slice.go	testdir	errorcheck	interpreted	excluded	compiler-diagnostic	test asserts gc optimizer output (-m/-d=); an interpreter has no optimizer to report on	recorded-limitation:retained-artifact-row	Bash++ backend unsupported: optimizer diagnostics are a compiler artifact; the check interface has no inlining, escape-analysis or SSA meaning
testdir:escape_struct_param1.go	testdir	errorcheck	interpreted	excluded	compiler-diagnostic	test asserts gc optimizer output (-m/-d=); an interpreter has no optimizer to report on	recorded-limitation:retained-artifact-row	Bash++ backend unsupported: optimizer diagnostics are a compiler artifact; the check interface has no inlining, escape-analysis or SSA meaning
testdir:escape_struct_param2.go	testdir	errorcheck	interpreted	excluded	compiler-diagnostic	test asserts gc optimizer output (-m/-d=); an interpreter has no optimizer to report on	recorded-limitation:retained-artifact-row	Bash++ backend unsupported: optimizer diagnostics are a compiler artifact; the check interface has no inlining, escape-analysis or SSA meaning
testdir:escape_struct_return.go	testdir	errorcheck	interpreted	excluded	compiler-diagnostic	test asserts gc optimizer output (-m/-d=); an interpreter has no optimizer to report on	recorded-limitation:retained-artifact-row	Bash++ backend unsupported: optimizer diagnostics are a compiler artifact; the check interface has no inlining, escape-analysis or SSA meaning
testdir:escape_sync_atomic.go	testdir	errorcheck	interpreted	excluded	compiler-diagnostic	test asserts gc optimizer output (-m/-d=); an interpreter has no optimizer to report on	recorded-limitation:retained-artifact-row	Bash++ backend unsupported: optimizer diagnostics are a compiler artifact; the check interface has no inlining, escape-analysis or SSA meaning
testdir:escape_unique.go	testdir	errorcheck	interpreted	excluded	compiler-diagnostic	test asserts gc optimizer output (-m/-d=); an interpreter has no optimizer to report on	recorded-limitation:retained-artifact-row	Bash++ backend unsupported: optimizer diagnostics are a compiler artifact; the check interface has no inlining, escape-analysis or SSA meaning
testdir:escape_unsafe.go	testdir	errorcheck	interpreted	excluded	compiler-diagnostic	test asserts gc optimizer output (-m/-d=); an interpreter has no optimizer to report on	recorded-limitation:retained-artifact-row	Bash++ backend unsupported: optimizer diagnostics are a compiler artifact; the check interface has no inlining, escape-analysis or SSA meaning
testdir:finprofiled.go	testdir	run	interpreted	excluded	gc-observation	runtime.SetFinalizer+runtime.GC on interpreter-owned values: D7's ground (165 D9)	recorded-limitation:D9-finalizer-makefunc	finprofiled.go:33:28: gosource: original callback signature requires value-semantics parameters and supported results
testdir:fixedbugs/bug120.go	testdir	run	interpreted	repair	unclassified		todo:306d0db8d77b	string for float64
testdir:fixedbugs/bug184.go	testdir	run	interpreted	repair	151		todo:11f3abf68a13	fixedbugs/bug184.go:41:11: BASHPP-EASSERT-OPERAND: type assertion operand is not an interface
testdir:fixedbugs/bug196.go	testdir	run	interpreted	repair	151		todo:11f3abf68a13	fixedbugs/bug196.go:42:2: BASHPP-EUPDATE-TARGET: BASHPP-ENONADDRESSABLE: operand is not addressable
testdir:fixedbugs/bug203.go	testdir	run	interpreted	repair	151		todo:11f3abf68a13	fixedbugs/bug203.go:13:8: BASHPP-EASSIGN-TYPE: cannot assign [...]string to [8]string
testdir:fixedbugs/bug246.go	testdir	run	interpreted	review	unsafe-policy-review	ledger rows not covered by D7: decide by ID or repair	todo:364913686dc6	fixedbugs/bug246.go:14:15: BASHPP-EEXPR-CONVERT: cannot convert Int to unsafe.Pointer
testdir:fixedbugs/bug248.go	testdir	errorcheckandrundir	compiled	repair	151		todo:11f3abf68a13	test/fixedbugs/bug248.dir/bug2.go:41:13: cannot use t1(0) (constant 0 of float64 type t1) as I0 value in variable declaration: t1 does not implement I0 (wrong t
testdir:fixedbugs/bug248.go	testdir	errorcheckandrundir	interpreted	repair	151		todo:11f3abf68a13	test/fixedbugs/bug248.dir/bug2.go:41:13: cannot use t1(0) (constant 0 of float64 type t1) as I0 value in variable declaration: t1 does not implement I0 (wrong t
testdir:fixedbugs/bug254.go	testdir	run	interpreted	repair	151		todo:11f3abf68a13	fixedbugs/bug254.go:10:1: BASHPP-ECOLLECTION-LENGTH: invalid array length 1e1
testdir:fixedbugs/bug260.go	testdir	run	interpreted	repair	153		todo:c794caf2c0e2	exit status 1
testdir:fixedbugs/bug262.go	testdir	run	interpreted	repair	151		todo:11f3abf68a13	BASHPP-EINTERFACE-MISSING: *errors.errorString does not implement interface (missing method Error)
testdir:fixedbugs/bug269.go	testdir	run	interpreted	repair	151		todo:11f3abf68a13	fixedbugs/bug269.go:15:6: BASHPP-EINTERFACE-VALUE: undefined value f
testdir:fixedbugs/bug273.go	testdir	run	interpreted	repair	unclassified		todo:306d0db8d77b	channel binding requires a registered channel type and one value
testdir:fixedbugs/bug285.go	testdir	run	interpreted	repair	unclassified		todo:306d0db8d77b	handle (main.C) has no interpreter representation
testdir:fixedbugs/bug294.go	testdir	run	interpreted	repair	151		todo:11f3abf68a13	fixedbugs/bug294.go:29:11: BASHPP-EEXPR-UNDEFINED: undefined: a
testdir:fixedbugs/bug321.go	testdir	run	interpreted	repair	151		todo:11f3abf68a13	"check: cannot use ""5562684646268003/2500000000000000000000000000000000000000000000000000000000000000000000000000000000000000000000000000000000000000000000000000"
testdir:fixedbugs/bug328.go	testdir	run	interpreted	repair	151		todo:11f3abf68a13	fixedbugs/bug328.go:13:10: BASHPP-EEXPR-OPERAND: p is not a scalar
testdir:fixedbugs/bug352.go	testdir	run	interpreted	repair	153		todo:c794caf2c0e2	output should be empty when (optional) expected-output file fixedbugs/bug352.out is not present. Instead saw
testdir:fixedbugs/bug364.go	testdir	run	interpreted	repair	153		todo:c794caf2c0e2	output should be empty when (optional) expected-output file fixedbugs/bug364.out is not present. Instead saw
testdir:fixedbugs/bug372.go	testdir	run	interpreted	repair	151		todo:11f3abf68a13	type TT has no method m
testdir:fixedbugs/bug385_64.go	testdir	errorcheck	interpreted	excluded	gc-only-check	errorcheck expects a gc-only diagnostic go/types cannot express	recorded-limitation:D5-gc-only	compilation succeeded unexpectedly
testdir:fixedbugs/bug398.go	testdir	errorcheck	interpreted	excluded	gc-only-check	errorcheck expects a gc-only diagnostic go/types cannot express	recorded-limitation:D5-gc-only	compilation succeeded unexpectedly
testdir:fixedbugs/bug401.go	testdir	run	interpreted	repair	151		todo:11f3abf68a13	fixedbugs/bug401.go:32:6: BASHPP-EASSIGN-CALL: tuple assignment requires a declared result-bearing function
testdir:fixedbugs/bug424.go	testdir	rundir	interpreted	repair	151		todo:11f3abf68a13	test/fixedbugs/bug424.dir/main.go:53:6: BASHPP-EINTERFACE-MISSING: *myT2 does not implement interface (missing method m)
testdir:fixedbugs/bug434.go	testdir	run	interpreted	repair	153		todo:c794caf2c0e2	panic: 0
testdir:fixedbugs/bug444.go	testdir	run	interpreted	repair	151		todo:11f3abf68a13	fixedbugs/bug444.go:26:16: BASHPP-EEXPR-NIL: nil is not a scalar
testdir:fixedbugs/bug447.go	testdir	runoutput	interpreted	repair	151		todo:11f3abf68a13	"testint8: cannot use ""2793639143853261/70368744177664"" as float64 value for parameter f"
testdir:fixedbugs/bug449.go	testdir	runoutput	interpreted	repair	151		todo:11f3abf68a13	/srv/sprint162/barrier-d/tmp/Testfixedbugsbug449.go399694481/001/tmp__.go:15:9: BASHPP-ECOMPARE-TYPE: mismatched comparison
testdir:fixedbugs/bug454.go	testdir	run	interpreted	repair	153		todo:c794caf2c0e2	panic: runtime error: invalid memory address or nil pointer dereference
testdir:fixedbugs/bug465.go	testdir	rundir	interpreted	repair	151		todo:11f3abf68a13	test/fixedbugs/bug465.dir/a.go:21:6: BASHPP-EEXPR-FORM: unsupported scalar expression *syntax.BashPPCompositeLit
testdir:fixedbugs/bug473.go	testdir	run	interpreted	repair	151		todo:11f3abf68a13	fixedbugs/bug473.go:15:8: BASHPP-EUPDATE-RHS: fixedbugs/bug473.go:15:8: BASHPP-EASSERT-OPERAND: type assertion operand is not an interface
testdir:fixedbugs/bug474.go	testdir	run	interpreted	repair	151		todo:11f3abf68a13	"fixedbugs/bug474.go:25:12: BASHPP-ESELECTOR-UNKNOWN: T has no field or method ""M"""
testdir:fixedbugs/bug491.go	testdir	run	interpreted	repair	153		todo:c794caf2c0e2	output should be empty when (optional) expected-output file fixedbugs/bug491.out is not present. Instead saw
testdir:fixedbugs/bug510.go	testdir	rundir	interpreted	repair	151		todo:11f3abf68a13	BASHPP-EASSERT-OPERAND: type assertion operand must be an interface
testdir:fixedbugs/bug513.go	testdir	run	interpreted	excluded	unsafe-reinterpretation	unsafe.Pointer memory reinterpretation: the interpreter has no native memory model	recorded-limitation:D7-unsafe-pointer	fixedbugs/bug513.go:20:7: fixedbugs/bug513.go:20:57: BASHPP-EEXPR-FORM: unsupported scalar expression *syntax.BashPPAddressExpr
testdir:fixedbugs/bug514.go	testdir	run	interpreted	excluded	cgo	"import ""C"" / //go:build cgo: the pure-Go product declares cgo out of scope"	recorded-limitation:D4-cgo	"bash++ import ""runtime/cgo"": package requires cgo, which this pure-Go shell does not provide"
testdir:fixedbugs/bug517.go	testdir	run	interpreted	repair	151		todo:11f3abf68a13	fixedbugs/bug517.go:25:1: BASHPP-ECOLLECTION-LENGTH: invalid array length unsafe.Sizeof(F())
testdir:fixedbugs/dse_move_auxint.go	testdir	run	interpreted	repair	151		todo:11f3abf68a13	fixedbugs/dse_move_auxint.go:23:17: BASHPP-EEXPR-OPERAND: dst is not a scalar
testdir:fixedbugs/gcc61253.go	testdir	compile	compiled	repair	151		todo:11f3abf68a13	test/fixedbugs/gcc61253.go:17:7: gosource: unsupported compound simple statement
testdir:fixedbugs/gcc61253.go	testdir	compile	interpreted	repair	151		todo:11f3abf68a13	test/fixedbugs/gcc61253.go:17:7: gosource: unsupported compound simple statement
testdir:fixedbugs/gcc65755.go	testdir	run	interpreted	repair	153		todo:c794caf2c0e2	"fixedbugs/gcc65755.go:19:9: unregistered bridge type ""s"""
testdir:fixedbugs/issue11256.go	testdir	run	interpreted	blocked-design	interpreter-per-call-cost	exceeds the 60 s bound under interpretation (interpreter per-call cost (162 D2, 53x the bound)); the bound is never raised	recorded-limitation:D2-deadline	command exceeded time limit
testdir:fixedbugs/issue11326b.go	testdir	run	interpreted	repair	153		todo:c794caf2c0e2	output should be empty when (optional) expected-output file fixedbugs/issue11326b.out is not present. Instead saw
testdir:fixedbugs/issue11656.go	testdir	runindir	interpreted	excluded	unsafe-reinterpretation	unsafe.Pointer memory reinterpretation: the interpreter has no native memory model	recorded-limitation:D7-unsafe-pointer	BASHPP-ECOLLECTION-ELEMENT: /srv/sprint162/barrier-d/tmp/Testfixedbugsissue11656.go666978983/001/src/issue11656.dir/issue11656.go:70:31: BASHPP-EEXPR-FORM: unsu
testdir:fixedbugs/issue11945.go	testdir	run	interpreted	repair	unclassified		todo:306d0db8d77b	fixedbugs/issue11945.go:23:2: fixedbugs/issue11945.go:23:10: real requires complex argument
testdir:fixedbugs/issue12006.go	testdir	errorcheck	interpreted	excluded	compiler-diagnostic	test asserts gc optimizer output (-m/-d=); an interpreter has no optimizer to report on	recorded-limitation:retained-artifact-row	Bash++ backend unsupported: optimizer diagnostics are a compiler artifact; the check interface has no inlining, escape-analysis or SSA meaning
testdir:fixedbugs/issue12577.go	testdir	run	interpreted	repair	153		todo:c794caf2c0e2	output should be empty when (optional) expected-output file fixedbugs/issue12577.out is not present. Instead saw
testdir:fixedbugs/issue12588.go	testdir	errorcheck	interpreted	excluded	compiler-diagnostic	test asserts gc optimizer output (-m/-d=); an interpreter has no optimizer to report on	recorded-limitation:retained-artifact-row	Bash++ backend unsupported: optimizer diagnostics are a compiler artifact; the check interface has no inlining, escape-analysis or SSA meaning
testdir:fixedbugs/issue13160.go	testdir	run	interpreted	repair	153		todo:c794caf2c0e2	bash++: task failed: panic: reflect: call of reflect.Value.Set on zero Value
testdir:fixedbugs/issue13169.go	testdir	run	interpreted	repair	151		todo:11f3abf68a13	fixedbugs/issue13169.go:40:9: BASHPP-ESELECTOR-EXPR: unsupported structured expression
testdir:fixedbugs/issue13587.go	testdir	errorcheck	interpreted	excluded	compiler-diagnostic	test asserts gc optimizer output (-m/-d=); an interpreter has no optimizer to report on	recorded-limitation:retained-artifact-row	Bash++ backend unsupported: optimizer diagnostics are a compiler artifact; the check interface has no inlining, escape-analysis or SSA meaning
testdir:fixedbugs/issue13799.go	testdir	errorcheck	interpreted	excluded	compiler-diagnostic	test asserts gc optimizer output (-m/-d=); an interpreter has no optimizer to report on	recorded-limitation:retained-artifact-row	Bash++ backend unsupported: optimizer diagnostics are a compiler artifact; the check interface has no inlining, escape-analysis or SSA meaning
testdir:fixedbugs/issue14651.go	testdir	run	interpreted	repair	151		todo:11f3abf68a13	"f32: cannot use ""1/1427247692705959881058285969449495136382746624"" as float64 value for parameter x"
testdir:fixedbugs/issue14999.go	testdir	errorcheck	interpreted	excluded	gc-only-check	errorcheck expects a gc-only diagnostic go/types cannot express	recorded-limitation:D5-gc-only	compilation succeeded unexpectedly
testdir:fixedbugs/issue15002.go	testdir	run	interpreted	repair	unclassified		todo:306d0db8d77b	fixedbugs/issue15002.go:56:31: index out of range [1] with length 1
testdir:fixedbugs/issue15277.go	testdir	run	interpreted	repair	151		todo:11f3abf68a13	fixedbugs/issue15277.go:19:20: gosource: unsupported interpreter collection value expand.invalidObject
testdir:fixedbugs/issue15281.go	testdir	run	interpreted	excluded	gc-observation	GC/finalizer observation of interpreter-owned values: no native GC to observe	recorded-limitation:D7-unsafe-pointer	fixedbugs/issue15281.go:32:12: BASHPP-EEXPR-OPERAND: x is not a scalar
testdir:fixedbugs/issue15329.go	testdir	run	interpreted	repair	151		todo:11f3abf68a13	fixedbugs/issue15329.go:44:2: fixedbugs/issue15329.go:44:8: BASHPP-EEXPR-CONVERT: cannot convert Int to unsafe.Pointer
testdir:fixedbugs/issue15528.go	testdir	run	interpreted	repair	151		todo:11f3abf68a13	BASHPP-EINTERFACE-EMBED: interface Strunger embeds non-interface fmt.Stringer
testdir:fixedbugs/issue15609.go	testdir	runindir	compiled	excluded	assembly-companion	execute-phase .s companion: assembly must run natively	recorded-limitation:D3b-frontend	Bash++ backend unsupported execute phase: module package issue15609.dir has non-Go inputs [call_amd64.s]
testdir:fixedbugs/issue15609.go	testdir	runindir	interpreted	repair	152		todo:600dd206218e	Bash++ backend unsupported execute phase: module package issue15609.dir has non-Go inputs [call_amd64.s]
testdir:fixedbugs/issue15747.go	testdir	errorcheck	interpreted	excluded	compiler-diagnostic	test asserts gc optimizer output (-m/-d=); an interpreter has no optimizer to report on	recorded-limitation:retained-artifact-row	Bash++ backend unsupported: optimizer diagnostics are a compiler artifact; the check interface has no inlining, escape-analysis or SSA meaning
testdir:fixedbugs/issue15992.go	testdir	run	interpreted	repair	151		todo:11f3abf68a13	Go value requires one result
testdir:fixedbugs/issue16037_run.go	testdir	run	interpreted	blocked-design	interpreter-per-call-cost	exceeds the 60 s bound under interpretation (interpreter per-call cost (162 D2, 53x the bound)); the bound is never raised	recorded-limitation:D2-deadline	command exceeded time limit
testdir:fixedbugs/issue16241.go	testdir	errorcheck	interpreted	excluded	compiler-diagnostic	test asserts gc optimizer output (-m/-d=); an interpreter has no optimizer to report on	recorded-limitation:retained-artifact-row	Bash++ backend unsupported: optimizer diagnostics are a compiler artifact; the check interface has no inlining, escape-analysis or SSA meaning
testdir:fixedbugs/issue16241_64.go	testdir	errorcheck	interpreted	excluded	compiler-diagnostic	test asserts gc optimizer output (-m/-d=); an interpreter has no optimizer to report on	recorded-limitation:retained-artifact-row	Bash++ backend unsupported: optimizer diagnostics are a compiler artifact; the check interface has no inlining, escape-analysis or SSA meaning
testdir:fixedbugs/issue16249.go	testdir	run	interpreted	blocked-design	interpreter-per-call-cost	exceeds the 60 s bound under interpretation (interpreter per-call cost (162 D2, 53x the bound)); the bound is never raised	recorded-limitation:D2-deadline	command exceeded time limit
testdir:fixedbugs/issue16331.go	testdir	run	interpreted	blocked-design	retained-callback	reflect.MakeFunc retained callback (162 D7 retained-callback clause; 165 D9)	recorded-limitation:D9-finalizer-makefunc	fixedbugs/issue16331.go:27:28: gosource: original callback signature requires value-semantics parameters and supported results
testdir:fixedbugs/issue16369.go	testdir	errorcheck	interpreted	excluded	gc-only-check	errorcheck expects a gc-only diagnostic go/types cannot express	recorded-limitation:D5-gc-only	compilation succeeded unexpectedly
testdir:fixedbugs/issue17318.go	testdir	errorcheck	interpreted	excluded	compiler-diagnostic	test asserts gc optimizer output (-m/-d=); an interpreter has no optimizer to report on	recorded-limitation:retained-artifact-row	Bash++ backend unsupported: optimizer diagnostics are a compiler artifact; the check interface has no inlining, escape-analysis or SSA meaning
testdir:fixedbugs/issue17381.go	testdir	run	interpreted	excluded	unsafe-reinterpretation	unsafe.Pointer memory reinterpretation: the interpreter has no native memory model	recorded-limitation:D7-unsafe-pointer	fixedbugs/issue17381.go:38:61: BASHPP-EEXPR-FORM: unsupported scalar expression *syntax.BashPPAddressExpr
testdir:fixedbugs/issue18459.go	testdir	errorcheck	interpreted	excluded	gc-only-check	errorcheck expects a gc-only diagnostic go/types cannot express	recorded-limitation:D5-gc-only	compilation succeeded unexpectedly
testdir:fixedbugs/issue18595.go	testdir	run	interpreted	repair	151		todo:11f3abf68a13	fixedbugs/issue18595.go:47:8: fixedbugs/issue18595.go:49:5: BASHPP-EEXPR-CONVERT: cannot convert String to (J)
testdir:fixedbugs/issue18882.go	testdir	errorcheck	interpreted	excluded	gc-only-check	errorcheck expects a gc-only diagnostic go/types cannot express	recorded-limitation:D5-gc-only	compilation succeeded unexpectedly
testdir:fixedbugs/issue18895.go	testdir	errorcheckdir	interpreted	excluded	compiler-diagnostic	errorcheck row expects gc inlining/intrinsic diagnostics; an interpreter has none	recorded-limitation:retained-artifact-row	"p.go:7: missing error ""can inline"""
testdir:fixedbugs/issue18911.go	testdir	rundir	interpreted	repair	153		todo:c794caf2c0e2	panic: interface conversion: interface {} is struct { x int }, not struct { x int } (types from different scopes)
testdir:fixedbugs/issue19078.go	testdir	run	interpreted	review	unsafe-policy-review	ledger rows not covered by D7: decide by ID or repair	todo:364913686dc6	fixedbugs/issue19078.go:20:15: BASHPP-EEXPR-CONVERT: cannot convert String to unsafe.Pointer
testdir:fixedbugs/issue19113.go	testdir	run	interpreted	blocked-design	retained-callback	retained reflect.ValueOf original-function callback (165 D9)	recorded-limitation:D9-finalizer-makefunc	fixedbugs/issue19113.go:76:3: gosource: asynchronous or retained original function callbacks are unsupported for reflect.ValueOf
testdir:fixedbugs/issue19168.go	testdir	errorcheck	interpreted	excluded	compiler-diagnostic	test asserts gc optimizer output (-m/-d=); an interpreter has no optimizer to report on	recorded-limitation:retained-artifact-row	Bash++ backend unsupported: optimizer diagnostics are a compiler artifact; the check interface has no inlining, escape-analysis or SSA meaning
testdir:fixedbugs/issue19261.go	testdir	errorcheckdir	interpreted	excluded	compiler-diagnostic	errorcheck row expects gc inlining/intrinsic diagnostics; an interpreter has none	recorded-limitation:retained-artifact-row	"p.go:7: missing error ""can inline F"""
testdir:fixedbugs/issue19359.go	testdir	run	interpreted	repair	151		todo:11f3abf68a13	BASHPP-EBUILTIN-TYPE: delete key: scalar call interrupted
testdir:fixedbugs/issue19467.go	testdir	rundir	interpreted	repair	151		todo:11f3abf68a13	BASHPP-EBUILTIN-TYPE: BASHPP-ECOLLECTION-ELEMENT: cannot use *interp.bashPPBridgeValue value as runtime.Frame
testdir:fixedbugs/issue19710.go	testdir	run	interpreted	repair	151		todo:11f3abf68a13	BASHPP-EBUILTIN-TYPE: delete first argument must be a map
testdir:fixedbugs/issue19743.go	testdir	errorcheck	interpreted	excluded	compiler-diagnostic	test asserts gc optimizer output (-m/-d=); an interpreter has no optimizer to report on	recorded-limitation:retained-artifact-row	Bash++ backend unsupported: optimizer diagnostics are a compiler artifact; the check interface has no inlining, escape-analysis or SSA meaning
testdir:fixedbugs/issue19911.go	testdir	run	interpreted	repair	151		todo:11f3abf68a13	fixedbugs/issue19911.go:31:5: BASHPP-EEXPR-OPERAND: got is not a scalar
testdir:fixedbugs/issue20014.go	testdir	runindir	interpreted	repair	151		todo:11f3abf68a13	gosource: build dependency bridge: exit status 2: /srv/sprint162/barrier-d/tmp/.bashpp-eval-2689025510/bashpp-session-1201386148.go:266:103: tracked field must 
testdir:fixedbugs/issue20027.go	testdir	errorcheck	interpreted	excluded	gc-only-check	errorcheck expects a gc-only diagnostic go/types cannot express	recorded-limitation:D5-gc-only	compilation succeeded unexpectedly
testdir:fixedbugs/issue20250.go	testdir	errorcheck	interpreted	excluded	compiler-diagnostic	test asserts gc optimizer output (-m/-d=); an interpreter has no optimizer to report on	recorded-limitation:retained-artifact-row	Bash++ backend unsupported: optimizer diagnostics are a compiler artifact; the check interface has no inlining, escape-analysis or SSA meaning
testdir:fixedbugs/issue20298.go	testdir	errorcheck	compiled	repair	152		todo:600dd206218e	"test/fixedbugs/issue20298.go:14:2: ""bufio"" imported and not used"
testdir:fixedbugs/issue20298.go	testdir	errorcheck	interpreted	repair	152		todo:600dd206218e	"test/fixedbugs/issue20298.go:14:2: ""bufio"" imported and not used"
testdir:fixedbugs/issue20529.go	testdir	errorcheck	interpreted	excluded	gc-only-check	errorcheck expects a gc-only diagnostic go/types cannot express	recorded-limitation:D5-gc-only	compilation succeeded unexpectedly
testdir:fixedbugs/issue20530.go	testdir	run	interpreted	repair	151		todo:11f3abf68a13	fixedbugs/issue20530.go:13:12: BASHPP-EEXPR-FORM: unsupported scalar call
testdir:fixedbugs/issue20780.go	testdir	errorcheck	interpreted	excluded	gc-only-check	errorcheck expects a gc-only diagnostic go/types cannot express	recorded-limitation:D5-gc-only	compilation succeeded unexpectedly
testdir:fixedbugs/issue20780b.go	testdir	run	interpreted	repair	153		todo:c794caf2c0e2	panic: interface conversion: interface {} is expand.invalidObject, not []interface {}
testdir:fixedbugs/issue21221.go	testdir	run	interpreted	review	unsafe-policy-review	ledger rows not covered by D7: decide by ID or repair	todo:364913686dc6	fixedbugs/issue21221.go:12:5: BASHPP-EEXPR-CONVERT: cannot convert Int to unsafe.Pointer
testdir:fixedbugs/issue21687.go	testdir	run	interpreted	repair	151		todo:11f3abf68a13	fixedbugs/issue21687.go:17:8: BASHPP-EUPDATE-RHS: fixedbugs/issue21687.go:17:8: BASHPP-EEXPR-FORM: unsupported scalar call
testdir:fixedbugs/issue21709.go	testdir	errorcheck	interpreted	excluded	compiler-diagnostic	test asserts gc optimizer output (-m/-d=); an interpreter has no optimizer to report on	recorded-limitation:retained-artifact-row	Bash++ backend unsupported: optimizer diagnostics are a compiler artifact; the check interface has no inlining, escape-analysis or SSA meaning
testdir:fixedbugs/issue21879.go	testdir	run	interpreted	repair	151		todo:11f3abf68a13	fixedbugs/issue21879.go:14:10: BASHPP-ESELECTOR-TYPE: ?.frame has no fields
testdir:fixedbugs/issue22200.go	testdir	errorcheck	interpreted	excluded	gc-only-check	errorcheck expects a gc-only diagnostic go/types cannot express	recorded-limitation:D5-gc-only	compilation succeeded unexpectedly
testdir:fixedbugs/issue22200b.go	testdir	errorcheck	interpreted	excluded	gc-only-check	errorcheck expects a gc-only diagnostic go/types cannot express	recorded-limitation:D5-gc-only	compilation succeeded unexpectedly
testdir:fixedbugs/issue22605.go	testdir	run	interpreted	repair	151		todo:11f3abf68a13	fixedbugs/issue22605.go:20:9: BASHPP-ECOLLECTION-KEY: BASHPP-ECOLLECTION-ELEMENT: scalar cannot be used as [8]string
testdir:fixedbugs/issue22877.go	testdir	builddir	interpreted	blocked-design	harness-generate-phase	runoutput/errorcheckoutput generate a compile input the interpreted backend does not yet drive (harness phase, not a language gap)	recorded-limitation:retained-artifact-row	"Bash++ backend unsupported generate phase: compile input ""/srv/sprint162/barrier-d/evidence/goroot/test/fixedbugs/issue22877.dir/p.s"" is not a Go source file"
testdir:fixedbugs/issue22881.go	testdir	run	interpreted	repair	151		todo:11f3abf68a13	fixedbugs/issue22881.go:81:7: BASHPP-EUPDATE-OP: scalar call interrupted
testdir:fixedbugs/issue23017.go	testdir	run	interpreted	repair	151		todo:11f3abf68a13	BASHPP-ECOLLECTION-BOUNDS: index 1 out of bounds for length 0
testdir:fixedbugs/issue23489.go	testdir	run	interpreted	repair	151		todo:11f3abf68a13	type P has no method Foo
testdir:fixedbugs/issue23521.go	testdir	errorcheck	interpreted	excluded	compiler-diagnostic	test asserts gc optimizer output (-m/-d=); an interpreter has no optimizer to report on	recorded-limitation:retained-artifact-row	Bash++ backend unsupported: optimizer diagnostics are a compiler artifact; the check interface has no inlining, escape-analysis or SSA meaning
testdir:fixedbugs/issue23545.go	testdir	run	interpreted	repair	151		todo:11f3abf68a13	fixedbugs/issue23545.go:13:17: BASHPP-ECOMPARE-NONCOMPARABLE: unsupported comparison
testdir:fixedbugs/issue23546.go	testdir	run	interpreted	repair	151		todo:11f3abf68a13	fixedbugs/issue23546.go:13:2: fixedbugs/issue23546.go:13:6: BASHPP-ECOMPARE-NONCOMPARABLE: unsupported comparison
testdir:fixedbugs/issue23586.go	testdir	errorcheck	compiled	repair	152		todo:600dd206218e	"test/fixedbugs/issue23586.go:15:2: ""fmt"" imported and not used"
testdir:fixedbugs/issue23586.go	testdir	errorcheck	interpreted	repair	152		todo:600dd206218e	"test/fixedbugs/issue23586.go:15:2: ""fmt"" imported and not used"
testdir:fixedbugs/issue23734.go	testdir	run	interpreted	repair	151		todo:11f3abf68a13	BASHPP-EBUILTIN-TYPE: delete key: BASHPP-ECOLLECTION-KEY: unsupported map key type []int
testdir:fixedbugs/issue23814.go	testdir	run	interpreted	repair	151		todo:11f3abf68a13	fixedbugs/issue23814.go:23:6: fixedbugs/issue23814.go:23:20: BASHPP-EEXPR-NIL: nil is not a scalar
testdir:fixedbugs/issue24488.go	testdir	run	interpreted	repair	151		todo:11f3abf68a13	fixedbugs/issue24488.go:35:14: BASHPP-EEXPR-FORM: unsupported scalar expression *syntax.BashPPFuncLit
testdir:fixedbugs/issue24491a.go	testdir	run	interpreted	excluded	gc-observation	runtime.SetFinalizer+runtime.GC on interpreter-owned values: D7's ground (165 D9)	recorded-limitation:D9-finalizer-makefunc	fixedbugs/issue24491a.go:20:27: gosource: original callback signature requires value-semantics parameters and supported results
testdir:fixedbugs/issue24491b.go	testdir	run	interpreted	excluded	gc-observation	runtime.SetFinalizer+runtime.GC on interpreter-owned values: D7's ground (165 D9)	recorded-limitation:D9-finalizer-makefunc	fixedbugs/issue24491b.go:21:27: gosource: original callback signature requires value-semantics parameters and supported results
testdir:fixedbugs/issue24547.go	testdir	run	interpreted	repair	151		todo:11f3abf68a13	unknown imported symbol or method: String
testdir:fixedbugs/issue24651a.go	testdir	errorcheck	interpreted	excluded	compiler-diagnostic	test asserts gc optimizer output (-m/-d=); an interpreter has no optimizer to report on	recorded-limitation:retained-artifact-row	Bash++ backend unsupported: optimizer diagnostics are a compiler artifact; the check interface has no inlining, escape-analysis or SSA meaning
testdir:fixedbugs/issue24651b.go	testdir	errorcheck	interpreted	excluded	compiler-diagnostic	test asserts gc optimizer output (-m/-d=); an interpreter has no optimizer to report on	recorded-limitation:retained-artifact-row	Bash++ backend unsupported: optimizer diagnostics are a compiler artifact; the check interface has no inlining, escape-analysis or SSA meaning
testdir:fixedbugs/issue24693.go	testdir	rundir	interpreted	repair	unclassified		todo:306d0db8d77b	test/fixedbugs/issue24693.dir/b.go:9:1: cyclic type declaration: __gosource_pkg_1_T
testdir:fixedbugs/issue24937.go	testdir	run	interpreted	repair	151		todo:11f3abf68a13	fixedbugs/issue24937.go:12:7: BASHPP-EEXPR-FORM: unsupported scalar call
testdir:fixedbugs/issue25507.go	testdir	errorcheck	interpreted	excluded	gc-only-check	errorcheck expects a gc-only diagnostic go/types cannot express	recorded-limitation:D5-gc-only	compilation succeeded unexpectedly
testdir:fixedbugs/issue25897a.go	testdir	run	interpreted	blocked-design	retained-callback	reflect.MakeFunc retained callback (162 D7 retained-callback clause; 165 D9)	recorded-limitation:D9-finalizer-makefunc	fixedbugs/issue25897a.go:35:4: gosource: original callback signature requires value-semantics parameters and supported results
testdir:fixedbugs/issue25897b.go	testdir	run	interpreted	repair	153		todo:c794caf2c0e2	gosource: dependency mutation of interpreter-owned references is unsupported for reflect.ValueOf
testdir:fixedbugs/issue2615.go	testdir	run	interpreted	repair	151		todo:11f3abf68a13	BASHPP-ECOLLECTION-ELEMENT: cannot use string value as uint64
testdir:fixedbugs/issue26335.go	testdir	run	interpreted	blocked-design	retained-callback	retained reflect.ValueOf original-function callback (165 D9)	recorded-limitation:D9-finalizer-makefunc	fixedbugs/issue26335.go:28:18: gosource: original callback signature requires value-semantics parameters and supported results
testdir:fixedbugs/issue27518b.go	testdir	run	interpreted	excluded	gc-observation	runtime.SetFinalizer+runtime.GC on interpreter-owned values: D7's ground (165 D9)	recorded-limitation:D9-finalizer-makefunc	fixedbugs/issue27518b.go:48:28: gosource: original callback signature requires value-semantics parameters and supported results
testdir:fixedbugs/issue27557.go	testdir	errorcheck	interpreted	excluded	compiler-diagnostic	test asserts gc optimizer output (-m/-d=); an interpreter has no optimizer to report on	recorded-limitation:retained-artifact-row	Bash++ backend unsupported: optimizer diagnostics are a compiler artifact; the check interface has no inlining, escape-analysis or SSA meaning
testdir:fixedbugs/issue27695.go	testdir	run	interpreted	repair	153		todo:c794caf2c0e2	command exceeded time limit
testdir:fixedbugs/issue27695b.go	testdir	run	interpreted	excluded	unsafe-reinterpretation	unsafe.Pointer memory reinterpretation: the interpreter has no native memory model	recorded-limitation:D7-unsafe-pointer	fixedbugs/issue27695b.go:28:11: fixedbugs/issue27695b.go:28:34: BASHPP-EEXPR-FORM: unsupported scalar expression *syntax.BashPPAddressExpr
testdir:fixedbugs/issue27695c.go	testdir	run	interpreted	excluded	unsafe-reinterpretation	unsafe.Pointer memory reinterpretation: the interpreter has no native memory model	recorded-limitation:D7-unsafe-pointer	fixedbugs/issue27695c.go:29:11: fixedbugs/issue27695c.go:29:34: BASHPP-EEXPR-FORM: unsupported scalar expression *syntax.BashPPAddressExpr
testdir:fixedbugs/issue27718.go	testdir	run	interpreted	repair	151		todo:11f3abf68a13	fixedbugs/issue27718.go:18:9: BASHPP-EEXPR-DIVZERO: division by zero
testdir:fixedbugs/issue27732a.go	testdir	errorcheck	interpreted	excluded	compiler-diagnostic	test asserts gc optimizer output (-m/-d=); an interpreter has no optimizer to report on	recorded-limitation:retained-artifact-row	Bash++ backend unsupported: optimizer diagnostics are a compiler artifact; the check interface has no inlining, escape-analysis or SSA meaning
testdir:fixedbugs/issue27961.go	testdir	run	interpreted	repair	151		todo:11f3abf68a13	BASHPP-ECOLLECTION-ELEMENT: fixedbugs/issue27961.go:26:14: BASHPP-EEXPR-DIVZERO: division by zero
testdir:fixedbugs/issue28748.go	testdir	run	interpreted	blocked-design	retained-callback	reflect.MakeFunc retained callback (162 D7 retained-callback clause; 165 D9)	recorded-limitation:D9-finalizer-makefunc	fixedbugs/issue28748.go:27:3: gosource: original callback signature requires value-semantics parameters and supported results
testdir:fixedbugs/issue29013a.go	testdir	run	interpreted	repair	151		todo:11f3abf68a13	BASHPP-ECOLLECTION-ELEMENT: fixedbugs/issue29013a.go:14:2: BASHPP-EEXPR-OPERAND: Dicts is not a scalar
testdir:fixedbugs/issue29013b.go	testdir	run	interpreted	repair	151		todo:11f3abf68a13	BASHPP-ECOLLECTION-ELEMENT: fixedbugs/issue29013b.go:24:2: BASHPP-EEXPR-OPERAND: Dicts is not a scalar
testdir:fixedbugs/issue29190.go	testdir	run	interpreted	repair	unclassified		todo:306d0db8d77b	gosource: slice size exceeds interpreter carrier capacity
testdir:fixedbugs/issue29264.go	testdir	run	interpreted	repair	151		todo:11f3abf68a13	fixedbugs/issue29264.go:17:20: gosource: unsupported interpreter collection value expand.invalidObject
testdir:fixedbugs/issue29304.go	testdir	run	interpreted	repair	151		todo:11f3abf68a13	fixedbugs/issue29304.go:16:5: BASHPP-EEXPR-UNDEFINED: undefined callable error
testdir:fixedbugs/issue29312.go	testdir	run	interpreted	repair	151		todo:11f3abf68a13	fixedbugs/issue29312.go:65:13: gosource: unsupported interpreter collection value expand.invalidObject
testdir:fixedbugs/issue29329.go	testdir	run	interpreted	repair	151		todo:11f3abf68a13	"DouglasPeucker: cannot use ""3602879701896397/36028797018963968"" as float64 value for parameter threshold"
testdir:fixedbugs/issue29362.go	testdir	run	interpreted	excluded	unsafe-reinterpretation	unsafe.Pointer memory reinterpretation: the interpreter has no native memory model	recorded-limitation:D7-unsafe-pointer	fixedbugs/issue29362.go:25:11: fixedbugs/issue29362.go:25:34: BASHPP-EEXPR-FORM: unsupported scalar expression *syntax.BashPPAddressExpr
testdir:fixedbugs/issue29362b.go	testdir	run	interpreted	excluded	unsafe-reinterpretation	unsafe.Pointer memory reinterpretation: the interpreter has no native memory model	recorded-limitation:D7-unsafe-pointer	fixedbugs/issue29362b.go:25:11: fixedbugs/issue29362b.go:25:34: BASHPP-EEXPR-FORM: unsupported scalar expression *syntax.BashPPAddressExpr
testdir:fixedbugs/issue29504.go	testdir	run	compiled	repair	151		todo:11f3abf68a13	could not find marker line in traceback:
testdir:fixedbugs/issue29504.go	testdir	run	interpreted	repair	151		todo:11f3abf68a13	BASHPP-ECOLLECTION-BOUNDS: index 9 out of bounds for length 1
testdir:fixedbugs/issue29612.go	testdir	runindir	interpreted	repair	153		todo:c794caf2c0e2	panic: interface conversion: *main.__gosource_pkg_1_T is not interface: missing method foo
testdir:fixedbugs/issue29919.go	testdir	rundir	interpreted	repair	153		todo:c794caf2c0e2	panic: missing a.go:15
testdir:fixedbugs/issue30041.go	testdir	run	interpreted	excluded	unsafe-reinterpretation	unsafe.Pointer memory reinterpretation: the interpreter has no native memory model	recorded-limitation:D7-unsafe-pointer	fixedbugs/issue30041.go:27:11: fixedbugs/issue30041.go:27:34: BASHPP-EEXPR-FORM: unsupported scalar expression *syntax.BashPPAddressExpr
testdir:fixedbugs/issue30116.go	testdir	run	interpreted	repair	151		todo:11f3abf68a13	fixedbugs/issue30116.go:48:8: fixedbugs/issue30116.go:48:8: BASHPP-ECOLLECTION-BOUNDS: index -9876543210 out of bounds for length 3
testdir:fixedbugs/issue30116u.go	testdir	run	interpreted	repair	151		todo:11f3abf68a13	BASHPP-ECOLLECTION-ELEMENT: cannot use string value as uint64
testdir:fixedbugs/issue30476.go	testdir	run	interpreted	excluded	gc-observation	runtime.SetFinalizer+runtime.GC on interpreter-owned values: D7's ground (165 D9)	recorded-limitation:D9-finalizer-makefunc	fixedbugs/issue30476.go:15:26: gosource: original callback signature requires value-semantics parameters and supported results
testdir:fixedbugs/issue30606.go	testdir	run	interpreted	repair	153		todo:c794caf2c0e2	fixedbugs/issue30606.go:15:1: fixedbugs/issue30606.go:15:38: gosource: invalid native slice writeback: gosource: native callback field belongs to another depend
testdir:fixedbugs/issue30606b.go	testdir	run	interpreted	repair	unclassified		todo:306d0db8d77b	fixedbugs/issue30606b.go:21:1: string not assignable to reflect.Type
testdir:fixedbugs/issue30862.go	testdir	runindir	interpreted	repair	unclassified		todo:306d0db8d77b	test failed: fail 1
testdir:fixedbugs/issue30898.go	testdir	errorcheck	interpreted	excluded	compiler-diagnostic	test asserts gc optimizer output (-m/-d=); an interpreter has no optimizer to report on	recorded-limitation:retained-artifact-row	Bash++ backend unsupported: optimizer diagnostics are a compiler artifact; the check interface has no inlining, escape-analysis or SSA meaning
testdir:fixedbugs/issue30908.go	testdir	rundir	interpreted	repair	151		todo:11f3abf68a13	test/fixedbugs/issue30908.dir/m.go:18:5: BASHPP-EEXPR-OPERAND: indexed value is not a scalar
testdir:fixedbugs/issue31573.go	testdir	errorcheck	interpreted	excluded	compiler-diagnostic	test asserts gc optimizer output (-m/-d=); an interpreter has no optimizer to report on	recorded-limitation:retained-artifact-row	Bash++ backend unsupported: optimizer diagnostics are a compiler artifact; the check interface has no inlining, escape-analysis or SSA meaning
testdir:fixedbugs/issue32477.go	testdir	run	interpreted	excluded	gc-observation	runtime.SetFinalizer+runtime.GC on interpreter-owned values: D7's ground (165 D9)	recorded-limitation:D9-finalizer-makefunc	fixedbugs/issue32477.go:47:26: gosource: original callback signature requires value-semantics parameters and supported results
testdir:fixedbugs/issue34395.go	testdir	run	interpreted	repair	151		todo:11f3abf68a13	BASHPP-ECOLLECTION-ELEMENT: cannot use [100 * 1024 * 1024]byte as [104857600]byte element
testdir:fixedbugs/issue34723.go	testdir	errorcheck	interpreted	excluded	compiler-diagnostic	test asserts gc optimizer output (-m/-d=); an interpreter has no optimizer to report on	recorded-limitation:retained-artifact-row	Bash++ backend unsupported: optimizer diagnostics are a compiler artifact; the check interface has no inlining, escape-analysis or SSA meaning
testdir:fixedbugs/issue34968.go	testdir	run	compiled	excluded	cgo	"import \"C\" / //go:build cgo: the pure-Go product declares cgo out of scope"	recorded-limitation:D4-cgo	fixedbugs/issue34968.go:12:8: could not import C (go list failed using go SDK go1.27.1 at /srv/sprint162/barrier-d/evidence/goroot/bin/go (GOROOT=/srv/sprint162
testdir:fixedbugs/issue34968.go	testdir	run	interpreted	excluded	cgo	"import \"C\" / //go:build cgo: the pure-Go product declares cgo out of scope"	recorded-limitation:D4-cgo	fixedbugs/issue34968.go:12:8: could not import C (go list failed using go SDK go1.27.1 at /srv/sprint162/barrier-d/evidence/goroot/bin/go (GOROOT=/srv/sprint162
testdir:fixedbugs/issue35027.go	testdir	run	interpreted	excluded	unsafe-reinterpretation	unsafe.Pointer memory reinterpretation: the interpreter has no native memory model	recorded-limitation:D7-unsafe-pointer	fixedbugs/issue35027.go:18:45: BASHPP-EEXPR-FORM: unsupported scalar expression *syntax.BashPPAddressExpr
testdir:fixedbugs/issue35073a.go	testdir	run	interpreted	review	unsafe-policy-review	ledger rows not covered by D7: decide by ID or repair	todo:364913686dc6	fixedbugs/issue35073a.go:21:6: fixedbugs/issue35073a.go:21:6: BASHPP-EEXPR-CONVERT: cannot convert Int to unsafe.Pointer
testdir:fixedbugs/issue35073b.go	testdir	errorcheck	interpreted	excluded	compiler-diagnostic	test asserts gc optimizer output (-m/-d=); an interpreter has no optimizer to report on	recorded-limitation:retained-artifact-row	Bash++ backend unsupported: optimizer diagnostics are a compiler artifact; the check interface has no inlining, escape-analysis or SSA meaning
testdir:fixedbugs/issue35518.go	testdir	errorcheck	interpreted	excluded	compiler-diagnostic	test asserts gc optimizer output (-m/-d=); an interpreter has no optimizer to report on	recorded-limitation:retained-artifact-row	Bash++ backend unsupported: optimizer diagnostics are a compiler artifact; the check interface has no inlining, escape-analysis or SSA meaning
testdir:fixedbugs/issue35576.go	testdir	run	interpreted	repair	151		todo:11f3abf68a13	fixedbugs/issue35576.go:14:8: BASHPP-EEXPR-CALL: scalar call requires one result
testdir:fixedbugs/issue36516.go	testdir	run	interpreted	excluded	gc-observation	testing.AllocsPerRun retained callback (165 D9)	recorded-limitation:D9-finalizer-makefunc	gosource: asynchronous or retained original function callbacks are unsupported for testing.AllocsPerRun
testdir:fixedbugs/issue36705.go	testdir	run	compiled	excluded	cgo	"import \"C\" / //go:build cgo: the pure-Go product declares cgo out of scope"	recorded-limitation:D4-cgo	fixedbugs/issue36705.go:13:8: could not import C (go list failed using go SDK go1.27.1 at /srv/sprint162/barrier-d/evidence/goroot/bin/go (GOROOT=/srv/sprint162
testdir:fixedbugs/issue36705.go	testdir	run	interpreted	excluded	cgo	"import \"C\" / //go:build cgo: the pure-Go product declares cgo out of scope"	recorded-limitation:D4-cgo	fixedbugs/issue36705.go:13:8: could not import C (go list failed using go SDK go1.27.1 at /srv/sprint162/barrier-d/evidence/goroot/bin/go (GOROOT=/srv/sprint162
testdir:fixedbugs/issue37513.go	testdir	buildrundir	interpreted	blocked-design	harness-generate-phase	runoutput/errorcheckoutput generate a compile input the interpreted backend does not yet drive (harness phase, not a language gap)	recorded-limitation:retained-artifact-row	"Bash++ backend unsupported generate phase: compile input ""/srv/sprint162/barrier-d/evidence/goroot/test/fixedbugs/issue37513.dir/sigill_amd64.s"" is not a Go sou"
testdir:fixedbugs/issue37716.go	testdir	run	interpreted	repair	151		todo:11f3abf68a13	fixedbugs/issue37716.go:29:6: BASHPP-ECOLLECTION-KEY: BASHPP-ECOLLECTION-ELEMENT: fixedbugs/issue37716.go:29:8: BASHPP-EEXPR-OPERAND: k is not a scalar
testdir:fixedbugs/issue37837.go	testdir	errorcheckandrundir	interpreted	excluded	compiler-diagnostic	errorcheck row expects gc inlining/intrinsic diagnostics; an interpreter has none	recorded-limitation:retained-artifact-row	"a.go:7: missing error ""can inline F"""
testdir:fixedbugs/issue39292.go	testdir	errorcheck	interpreted	excluded	compiler-diagnostic	test asserts gc optimizer output (-m/-d=); an interpreter has no optimizer to report on	recorded-limitation:retained-artifact-row	Bash++ backend unsupported: optimizer diagnostics are a compiler artifact; the check interface has no inlining, escape-analysis or SSA meaning
testdir:fixedbugs/issue39541.go	testdir	run	interpreted	repair	153		todo:c794caf2c0e2	"fixedbugs/issue39541.go:20:24: unregistered nil bridge type ""func()(interface)"""
testdir:fixedbugs/issue40917.go	testdir	run	interpreted	excluded	unsafe-reinterpretation	unsafe.Pointer memory reinterpretation: the interpreter has no native memory model	recorded-limitation:D7-unsafe-pointer	fixedbugs/issue40917.go:13:22: BASHPP-EEXPR-FORM: unsupported scalar expression *syntax.BashPPAddressExpr
testdir:fixedbugs/issue40954.go	testdir	run	interpreted	excluded	cgo	"import ""C"" / //go:build cgo: the pure-Go product declares cgo out of scope"	recorded-limitation:D4-cgo	"bash++ import ""runtime/cgo"": package requires cgo, which this pure-Go shell does not provide"
testdir:fixedbugs/issue4099.go	testdir	errorcheck	interpreted	excluded	compiler-diagnostic	test asserts gc optimizer output (-m/-d=); an interpreter has no optimizer to report on	recorded-limitation:retained-artifact-row	Bash++ backend unsupported: optimizer diagnostics are a compiler artifact; the check interface has no inlining, escape-analysis or SSA meaning
testdir:fixedbugs/issue41635.go	testdir	errorcheck	interpreted	excluded	compiler-diagnostic	test asserts gc optimizer output (-m/-d=); an interpreter has no optimizer to report on	recorded-limitation:retained-artifact-row	Bash++ backend unsupported: optimizer diagnostics are a compiler artifact; the check interface has no inlining, escape-analysis or SSA meaning
testdir:fixedbugs/issue42032.go	testdir	run	interpreted	excluded	cgo	"import ""C"" / //go:build cgo: the pure-Go product declares cgo out of scope"	recorded-limitation:D4-cgo	"bash++ import ""runtime/cgo"": package requires cgo, which this pure-Go shell does not provide"
testdir:fixedbugs/issue42058a.go	testdir	errorcheck	interpreted	excluded	gc-only-check	errorcheck expects a gc-only diagnostic go/types cannot express	recorded-limitation:D5-gc-only	compilation succeeded unexpectedly
testdir:fixedbugs/issue42058b.go	testdir	errorcheck	interpreted	excluded	gc-only-check	errorcheck expects a gc-only diagnostic go/types cannot express	recorded-limitation:D5-gc-only	compilation succeeded unexpectedly
testdir:fixedbugs/issue42076.go	testdir	run	interpreted	excluded	cgo	"import ""C"" / //go:build cgo: the pure-Go product declares cgo out of scope"	recorded-limitation:D4-cgo	"bash++ import ""runtime/cgo"": package requires cgo, which this pure-Go shell does not provide"
testdir:fixedbugs/issue42284.go	testdir	errorcheckdir	interpreted	excluded	compiler-diagnostic	errorcheck row expects gc inlining/intrinsic diagnostics; an interpreter has none	recorded-limitation:retained-artifact-row	"a.go:10: missing error ""can inline T.M"""
testdir:fixedbugs/issue42401.go	testdir	rundir	interpreted	repair	153		todo:c794caf2c0e2	panic: FAIL
testdir:fixedbugs/issue42944.go	testdir	errorcheck	interpreted	excluded	compiler-diagnostic	test asserts gc optimizer output (-m/-d=); an interpreter has no optimizer to report on	recorded-limitation:retained-artifact-row	Bash++ backend unsupported: optimizer diagnostics are a compiler artifact; the check interface has no inlining, escape-analysis or SSA meaning
testdir:fixedbugs/issue4316.go	testdir	run	interpreted	repair	151		todo:11f3abf68a13	fixedbugs/issue4316.go:19:7: BASHPP-EEXPR-CONVERT: cannot convert String to Peano
testdir:fixedbugs/issue43164.go	testdir	compiledir	compiled	repair	152		todo:600dd206218e	test/fixedbugs/issue43164.dir/a.go:7:1: LOWER-ETYPE: SplitAfterN redeclared in this block
testdir:fixedbugs/issue43444.go	testdir	run	interpreted	repair	151		todo:11f3abf68a13	e a bfixedbugs/issue43444.go:26:13: fixedbugs/issue43444.go:26:13: BASHPP-EEXPR-FORM: unsupported scalar call
testdir:fixedbugs/issue43619.go	testdir	run	interpreted	repair	151		todo:11f3abf68a13	fixedbugs/issue43619.go:71:20: BASHPP-ECOLLECTION-ELEMENT: cannot use *interp.bashPPBridgeValue value as float64
testdir:fixedbugs/issue43633.go	testdir	rundir	interpreted	repair	151		todo:11f3abf68a13	test/fixedbugs/issue43633.dir/main.go:15:6: BASHPP-EEXPR-UNDEFINED: undefined callable g
testdir:fixedbugs/issue4468.go	testdir	errorcheck	compiled	repair	154		todo:306d0db8d77b	test/fixedbugs/issue4468.go:24:5: expression in go must not be parenthesized
testdir:fixedbugs/issue4468.go	testdir	errorcheck	interpreted	repair	154		todo:306d0db8d77b	test/fixedbugs/issue4468.go:24:5: expression in go must not be parenthesized
testdir:fixedbugs/issue44830.go	testdir	run	interpreted	repair	151		todo:11f3abf68a13	fixedbugs/issue44830.go:15:37: BASHPP-EEXPR-NIL: nil is not a scalar
testdir:fixedbugs/issue45045.go	testdir	run	interpreted	excluded	gc-observation	runtime.SetFinalizer+runtime.GC on interpreter-owned values: D7's ground (165 D9)	recorded-limitation:D9-finalizer-makefunc	fixedbugs/issue45045.go:17:30: gosource: original callback signature requires value-semantics parameters and supported results
testdir:fixedbugs/issue4585.go	testdir	run	interpreted	excluded	unsafe-reinterpretation	unsafe.Pointer memory reinterpretation: the interpreter has no native memory model	recorded-limitation:D7-unsafe-pointer	fixedbugs/issue4585.go:52:34: BASHPP-EEXPR-FORM: unsupported scalar expression *syntax.BashPPAddressExpr
testdir:fixedbugs/issue4590.go	testdir	rundir	interpreted	repair	151		todo:11f3abf68a13	BASHPP-EINTERFACE-IMPOSSIBLE: struct cannot implement interface
testdir:fixedbugs/issue4618.go	testdir	run	interpreted	excluded	gc-observation	testing.AllocsPerRun retained callback (165 D9)	recorded-limitation:D9-finalizer-makefunc	gosource: asynchronous or retained original function callbacks are unsupported for testing.AllocsPerRun
testdir:fixedbugs/issue46304.go	testdir	run	interpreted	repair	151		todo:11f3abf68a13	BASHPP-ECOLLECTION-ELEMENT: fixedbugs/issue46304.go:71:33: BASHPP-EEXPR-OPERAND: p1 is not a scalar
testdir:fixedbugs/issue4667.go	testdir	run	interpreted	excluded	gc-observation	testing.AllocsPerRun retained callback (165 D9)	recorded-limitation:D9-finalizer-makefunc	gosource: asynchronous or retained original function callbacks are unsupported for testing.AllocsPerRun
testdir:fixedbugs/issue46725.go	testdir	run	interpreted	repair	151		todo:11f3abf68a13	BASHPP-ESTRUCT-TYPE: <inferred> is not a supported struct type
testdir:fixedbugs/issue46903.go	testdir	run	interpreted	excluded	cgo	"import ""C"" / //go:build cgo: the pure-Go product declares cgo out of scope"	recorded-limitation:D4-cgo	"bash++ import ""runtime/cgo"": package requires cgo, which this pure-Go shell does not provide"
testdir:fixedbugs/issue46938.go	testdir	run	interpreted	excluded	unsafe-reinterpretation	unsafe.Pointer memory reinterpretation: the interpreter has no native memory model	recorded-limitation:D7-unsafe-pointer	fixedbugs/issue46938.go:25:22: BASHPP-EEXPR-FORM: unsupported scalar expression *syntax.BashPPAddressExpr
testdir:fixedbugs/issue47185.go	testdir	runindir	compiled	repair	152		todo:600dd206218e	Bash++ backend unsupported execute phase: module package issue47185.dir/bad has non-Go inputs [bad.go]
testdir:fixedbugs/issue47185.go	testdir	runindir	interpreted	repair	152		todo:600dd206218e	Bash++ backend unsupported execute phase: module package issue47185.dir/bad has non-Go inputs [bad.go]
testdir:fixedbugs/issue47227.go	testdir	run	compiled	excluded	cgo	"import \"C\" / //go:build cgo: the pure-Go product declares cgo out of scope"	recorded-limitation:D4-cgo	fixedbugs/issue47227.go:12:8: could not import C (go list failed using go SDK go1.27.1 at /srv/sprint162/barrier-d/evidence/goroot/bin/go (GOROOT=/srv/sprint162
testdir:fixedbugs/issue47227.go	testdir	run	interpreted	excluded	cgo	"import \"C\" / //go:build cgo: the pure-Go product declares cgo out of scope"	recorded-limitation:D4-cgo	fixedbugs/issue47227.go:12:8: could not import C (go list failed using go SDK go1.27.1 at /srv/sprint162/barrier-d/evidence/goroot/bin/go (GOROOT=/srv/sprint162
testdir:fixedbugs/issue47317.go	testdir	builddir	interpreted	blocked-design	harness-generate-phase	runoutput/errorcheckoutput generate a compile input the interpreted backend does not yet drive (harness phase, not a language gap)	recorded-limitation:retained-artifact-row	"Bash++ backend unsupported generate phase: compile input ""/srv/sprint162/barrier-d/evidence/goroot/test/fixedbugs/issue47317.dir/a.s"" is not a Go source file"
testdir:fixedbugs/issue47928.go	testdir	run	interpreted	repair	153		todo:c794caf2c0e2	panic: FAIL
testdir:fixedbugs/issue48097.go	testdir	errorcheck	interpreted	excluded	gc-only-check	errorcheck expects a gc-only diagnostic go/types cannot express	recorded-limitation:D5-gc-only	compilation succeeded unexpectedly
testdir:fixedbugs/issue48536.go	testdir	run	interpreted	excluded	unsafe-reinterpretation	unsafe.Pointer memory reinterpretation: the interpreter has no native memory model	recorded-limitation:D7-unsafe-pointer	fixedbugs/issue48536.go:15:23: BASHPP-EEXPR-FORM: unsupported scalar expression *syntax.BashPPAddressExpr
testdir:fixedbugs/issue49110.go	testdir	run	interpreted	repair	153		todo:c794caf2c0e2	gosource: invalid native slice writeback: gosource: native callback field belongs to another dependency session
testdir:fixedbugs/issue49512.go	testdir	run	interpreted	repair	151		todo:11f3abf68a13	BASHPP-EBUILTIN-TYPE: BASHPP-ECOLLECTION-ELEMENT: scalar cannot be used as func(int)(int,int)
testdir:fixedbugs/issue49767.go	testdir	errorcheck	interpreted	excluded	gc-only-check	errorcheck expects a gc-only diagnostic go/types cannot express	recorded-limitation:D5-gc-only	compilation succeeded unexpectedly
testdir:fixedbugs/issue49814.go	testdir	errorcheck	interpreted	excluded	gc-only-check	errorcheck expects a gc-only diagnostic go/types cannot express	recorded-limitation:D5-gc-only	compilation succeeded unexpectedly
testdir:fixedbugs/issue50190.go	testdir	run	interpreted	repair	153		todo:c794caf2c0e2	panic: FAIL
testdir:fixedbugs/issue50372.go	testdir	errorcheck	compiled	repair	154		todo:306d0db8d77b	test/fixedbugs/issue50372.go:16:19: expected at most 2 expressions
testdir:fixedbugs/issue50372.go	testdir	errorcheck	interpreted	repair	154		todo:306d0db8d77b	test/fixedbugs/issue50372.go:16:19: expected at most 2 expressions
testdir:fixedbugs/issue50671.go	testdir	run	interpreted	repair	151		todo:11f3abf68a13	"poison: cannot use ""3333/10"" as float64 value for parameter x"
testdir:fixedbugs/issue51401.go	testdir	run	interpreted	repair	151		todo:11f3abf68a13	BASHPP-ESELECTOR-ROOT: outer is not a structured value
testdir:fixedbugs/issue51733.go	testdir	run	interpreted	excluded	cgo	"import ""C"" / //go:build cgo: the pure-Go product declares cgo out of scope"	recorded-limitation:D4-cgo	"bash++ import ""runtime/cgo"": package requires cgo, which this pure-Go shell does not provide"
testdir:fixedbugs/issue51913.go	testdir	run	interpreted	repair	151		todo:11f3abf68a13	fixedbugs/issue51913.go:9:9: fixedbugs/issue51913.go:9:9: BASHPP-EEXPR-FORM: unsupported scalar call
testdir:fixedbugs/issue52193.go	testdir	errorcheck	interpreted	excluded	compiler-diagnostic	test asserts gc optimizer output (-m/-d=); an interpreter has no optimizer to report on	recorded-limitation:retained-artifact-row	Bash++ backend unsupported: optimizer diagnostics are a compiler artifact; the check interface has no inlining, escape-analysis or SSA meaning
testdir:fixedbugs/issue52612.go	testdir	run	interpreted	excluded	unsafe-reinterpretation	unsafe.Pointer memory reinterpretation: the interpreter has no native memory model	recorded-limitation:D7-unsafe-pointer	fixedbugs/issue52612.go:30:32: BASHPP-EEXPR-FORM: unsupported scalar expression *syntax.BashPPAddressExpr
testdir:fixedbugs/issue52697.go	testdir	errorcheck	interpreted	excluded	gc-only-check	errorcheck expects a gc-only diagnostic go/types cannot express	recorded-limitation:D5-gc-only	compilation succeeded unexpectedly
testdir:fixedbugs/issue52788.go	testdir	run	interpreted	blocked-design	retained-callback	reflect.MakeFunc retained callback (162 D7 retained-callback clause; 165 D9)	recorded-limitation:D9-finalizer-makefunc	fixedbugs/issue52788.go:23:63: gosource: original callback signature requires value-semantics parameters and supported results
testdir:fixedbugs/issue52788a.go	testdir	run	interpreted	blocked-design	retained-callback	reflect.MakeFunc retained callback (162 D7 retained-callback clause; 165 D9)	recorded-limitation:D9-finalizer-makefunc	fixedbugs/issue52788a.go:25:63: gosource: original callback signature requires value-semantics parameters and supported results
testdir:fixedbugs/issue53137.go	testdir	run	interpreted	repair	151		todo:11f3abf68a13	fixedbugs/issue53137.go:23:8: BASHPP-EUNSAFE-OFFSET: operand is not a supported struct field selector
testdir:fixedbugs/issue5373.go	testdir	run	interpreted	repair	151		todo:11f3abf68a13	BASHPP-ECOLLECTION-ELEMENT: fixedbugs/issue5373.go:57:17: BASHPP-EEXPR-OPERAND: s is not a scalar
testdir:fixedbugs/issue54159.go	testdir	errorcheck	interpreted	excluded	compiler-diagnostic	test asserts gc optimizer output (-m/-d=); an interpreter has no optimizer to report on	recorded-limitation:retained-artifact-row	Bash++ backend unsupported: optimizer diagnostics are a compiler artifact; the check interface has no inlining, escape-analysis or SSA meaning
testdir:fixedbugs/issue54343.go	testdir	run	interpreted	excluded	gc-observation	GC/finalizer observation of interpreter-owned values: no native GC to observe	recorded-limitation:D7-unsafe-pointer	fixedbugs/issue54343.go:25:26: gosource: original callback signature requires value-semantics parameters and supported results
testdir:fixedbugs/issue54467.go	testdir	run	interpreted	repair	151		todo:11f3abf68a13	BASHPP-ECOLLECTION-STORAGE: missing slice capacity metadata
testdir:fixedbugs/issue5493.go	testdir	run	interpreted	blocked-design	interpreter-per-call-cost	exceeds the 60 s bound under interpretation (interpreter per-call cost (162 D2, 53x the bound)); the bound is never raised	recorded-limitation:D2-deadline	command exceeded time limit
testdir:fixedbugs/issue5515.go	testdir	run	interpreted	repair	151		todo:11f3abf68a13	fixedbugs/issue5515.go:16:21: BASHPP-EEXPR-OPERAND: b is not a scalar
testdir:fixedbugs/issue56103.go	testdir	errorcheck	interpreted	excluded	gc-only-check	errorcheck expects a gc-only diagnostic go/types cannot express	recorded-limitation:D5-gc-only	compilation succeeded unexpectedly
testdir:fixedbugs/issue56280.go	testdir	errorcheckdir	interpreted	excluded	compiler-diagnostic	errorcheck row expects gc inlining/intrinsic diagnostics; an interpreter has none	recorded-limitation:retained-artifact-row	"a.go:7: missing error ""can inline F"""
testdir:fixedbugs/issue57184.go	testdir	run	interpreted	blocked-design	retained-callback	reflect.MakeFunc retained callback (162 D7 retained-callback clause; 165 D9)	recorded-limitation:D9-finalizer-makefunc	fixedbugs/issue57184.go:26:66: gosource: original callback signature requires value-semantics parameters and supported results
testdir:fixedbugs/issue57823.go	testdir	run	interpreted	excluded	unsafe-reinterpretation	unsafe.SliceData / raw memory layout: no native memory model	recorded-limitation:unsafe-slice-data	unknown imported symbol or method: unsafe.SliceData
testdir:fixedbugs/issue5793.go	testdir	run	interpreted	repair	unclassified		todo:306d0db8d77b	complex requires 2 arguments
testdir:fixedbugs/issue58300.go	testdir	run	interpreted	blocked-design	retained-callback	retained reflect.ValueOf original-function callback (165 D9)	recorded-limitation:D9-finalizer-makefunc	fixedbugs/issue58300.go:23:35: gosource: asynchronous or retained original function callbacks are unsupported for reflect.ValueOf
testdir:fixedbugs/issue58300b.go	testdir	run	interpreted	blocked-design	retained-callback	retained reflect.ValueOf original-function callback (165 D9)	recorded-limitation:D9-finalizer-makefunc	fixedbugs/issue58300b.go:34:44: gosource: original callback signature requires value-semantics parameters and supported results
testdir:fixedbugs/issue58671.go	testdir	run	interpreted	repair	151		todo:11f3abf68a13	"g: cannot use ""23/10"" as float64 value for parameter 3"
testdir:fixedbugs/issue59293.go	testdir	run	interpreted	excluded	unsafe-reinterpretation	unsafe.SliceData / raw memory layout: no native memory model	recorded-limitation:unsafe-slice-data	fixedbugs/issue59293.go:13:9: unknown imported symbol or method: unsafe.SliceData
testdir:fixedbugs/issue5963.go	testdir	run	interpreted	blocked-design	interpreter-per-call-cost	exceeds the 60 s bound under interpretation (interpreter per-call cost (162 D2, 53x the bound)); the bound is never raised	recorded-limitation:D2-deadline	command exceeded time limit
testdir:fixedbugs/issue59680.go	testdir	run	interpreted	repair	151		todo:11f3abf68a13	BASHPP-ECOLLECTION-ELEMENT: cannot use string value as RO
testdir:fixedbugs/issue59709.go	testdir	rundir	interpreted	repair	151		todo:11f3abf68a13	"test/fixedbugs/issue59709.dir/cmem.go:32:19: BASHPP-ESELECTOR-UNKNOWN: __gosource_pkg_2_memResource has no field or method ""teardown"""
testdir:fixedbugs/issue60601.go	testdir	run	interpreted	repair	151		todo:11f3abf68a13	fixedbugs/issue60601.go:15:14: BASHPP-EUNSAFE-TYPE: operand type has no supported Go layout
testdir:fixedbugs/issue63333.go	testdir	errorcheck	interpreted	excluded	gc-only-check	errorcheck expects a gc-only diagnostic go/types cannot express	recorded-limitation:D5-gc-only	compilation succeeded unexpectedly
testdir:fixedbugs/issue65417.go	testdir	run	interpreted	repair	151		todo:11f3abf68a13	fixedbugs/issue65417.go:21:6: fixedbugs/issue65417.go:21:6: BASHPP-ECOLLECTION-BOUNDS: index 1 out of bounds for length 1
testdir:fixedbugs/issue65957.go	testdir	rundir	interpreted	repair	153		todo:c794caf2c0e2	panic: runtime error: hash of unhashable type [4]int32
testdir:fixedbugs/issue65962.go	testdir	run	interpreted	repair	151		todo:11f3abf68a13	BASHPP-EASSERT-IMPOSSIBLE: bool cannot be asserted from I
testdir:fixedbugs/issue67255.go	testdir	run	interpreted	blocked-design	interpreter-per-call-cost	exceeds the 60 s bound under interpretation (interpreter per-call cost (162 D2, 53x the bound)); the bound is never raised	recorded-limitation:D2-deadline	command exceeded time limit
testdir:fixedbugs/issue67329.go	testdir	errorcheck	interpreted	excluded	compiler-diagnostic	test asserts gc optimizer output (-m/-d=); an interpreter has no optimizer to report on	recorded-limitation:retained-artifact-row	Bash++ backend unsupported: optimizer diagnostics are a compiler artifact; the check interface has no inlining, escape-analysis or SSA meaning
testdir:fixedbugs/issue68227.go	testdir	run	interpreted	repair	151		todo:11f3abf68a13	BASHPP-EBUILTIN-TYPE: BASHPP-ECOLLECTION-ELEMENT: cannot use string value as uint64
testdir:fixedbugs/issue68526.go	testdir	runindir	interpreted	repair	151		todo:11f3abf68a13	/srv/sprint162/barrier-d/tmp/Testfixedbugsissue68526.go166270894/001/src/issue68526.dir/main.go:21:5: BASHPP-ECOMPARE-TYPE: mismatched comparison
testdir:fixedbugs/issue6866.go	testdir	run	compiled	repair	151		todo:11f3abf68a13	output should be empty when (optional) expected-output file fixedbugs/issue6866.out is not present. Instead saw
testdir:fixedbugs/issue6866.go	testdir	run	interpreted	repair	151		todo:11f3abf68a13	fixedbugs/issue6866.go:31:2: BASHPP-ECONST-EXPR: const initializer is not a constant expression
testdir:fixedbugs/issue6899.go	testdir	run	interpreted	repair	153		todo:c794caf2c0e2	output does not match expected in fixedbugs/issue6899.out. Instead saw
testdir:fixedbugs/issue70189.go	testdir	run	interpreted	repair	151		todo:11f3abf68a13	fixedbugs/issue70189.go:11:9: BASHPP-EEXPR-DIVZERO: division by zero
testdir:fixedbugs/issue71225.go	testdir	build	compiled	excluded	cgo	"import \"C\" / //go:build cgo: the pure-Go product declares cgo out of scope"	recorded-limitation:D4-cgo	test/fixedbugs/issue71225.go:12:8: could not import C (go list failed using go SDK go1.27.1 at /srv/sprint162/barrier-d/evidence/goroot/bin/go (GOROOT=/srv/spri
testdir:fixedbugs/issue71225.go	testdir	build	interpreted	excluded	cgo	"import \"C\" / //go:build cgo: the pure-Go product declares cgo out of scope"	recorded-limitation:D4-cgo	test/fixedbugs/issue71225.go:12:8: could not import C (go list failed using go SDK go1.27.1 at /srv/sprint162/barrier-d/evidence/goroot/bin/go (GOROOT=/srv/spri
testdir:fixedbugs/issue71226.go	testdir	build	compiled	excluded	cgo	"import \"C\" / //go:build cgo: the pure-Go product declares cgo out of scope"	recorded-limitation:D4-cgo	test/fixedbugs/issue71226.go:20:8: could not import C (go list failed using go SDK go1.27.1 at /srv/sprint162/barrier-d/evidence/goroot/bin/go (GOROOT=/srv/spri
testdir:fixedbugs/issue71226.go	testdir	build	interpreted	excluded	cgo	"import \"C\" / //go:build cgo: the pure-Go product declares cgo out of scope"	recorded-limitation:D4-cgo	test/fixedbugs/issue71226.go:20:8: could not import C (go list failed using go SDK go1.27.1 at /srv/sprint162/barrier-d/evidence/goroot/bin/go (GOROOT=/srv/spri
testdir:fixedbugs/issue71675.go	testdir	run	interpreted	repair	unclassified		todo:306d0db8d77b	f recover:called
testdir:fixedbugs/issue72844.go	testdir	run	interpreted	repair	153		todo:c794caf2c0e2	panic: runtime error: invalid memory address or nil pointer dereference
testdir:fixedbugs/issue7419.go	testdir	run	interpreted	repair	153		todo:c794caf2c0e2	exit status 1
testdir:fixedbugs/issue74626.go	testdir	errorcheck	interpreted	excluded	gc-only-check	errorcheck expects a gc-only diagnostic go/types cannot express	recorded-limitation:D5-gc-only	compilation succeeded unexpectedly
testdir:fixedbugs/issue74648.go	testdir	runindir	compiled	excluded	assembly-companion	execute-phase .s companion: assembly must run natively	recorded-limitation:D3b-frontend	Bash++ backend unsupported execute phase: module package issue74648.dir has non-Go inputs [a.s]
testdir:fixedbugs/issue74648.go	testdir	runindir	interpreted	repair	152		todo:600dd206218e	Bash++ backend unsupported execute phase: module package issue74648.dir has non-Go inputs [a.s]
testdir:fixedbugs/issue75278.go	testdir	errorcheck	interpreted	excluded	compiler-diagnostic	test asserts gc optimizer output (-m/-d=); an interpreter has no optimizer to report on	recorded-limitation:retained-artifact-row	Bash++ backend unsupported: optimizer diagnostics are a compiler artifact; the check interface has no inlining, escape-analysis or SSA meaning
testdir:fixedbugs/issue75365.go	testdir	run	interpreted	excluded	unsafe-reinterpretation	unsafe.Pointer memory reinterpretation: the interpreter has no native memory model	recorded-limitation:D7-unsafe-pointer	fixedbugs/issue75365.go:28:36: BASHPP-EEXPR-FORM: unsupported scalar expression *syntax.BashPPAddressExpr
testdir:fixedbugs/issue7550.go	testdir	run	interpreted	repair	unclassified		todo:306d0db8d77b	gosource: slice size exceeds interpreter carrier capacity
testdir:fixedbugs/issue7740.go	testdir	run	interpreted	repair	unclassified		todo:306d0db8d77b	fixedbugs/issue7740.go:31:11: gosource: invalid native scalar
testdir:fixedbugs/issue77779.go	testdir	run	interpreted	repair	153		todo:c794caf2c0e2	fixedbugs/issue77779.go:39:5: gosource: dependency mutation of interpreter-owned references is unsupported for reflect.ValueOf
testdir:fixedbugs/issue78081.go	testdir	run	interpreted	blocked-design	interpreter-stack	gc stack-stress budget under interpretation	recorded-limitation:gc-stack-stress-budget	command exceeded time limit
testdir:fixedbugs/issue78355.go	testdir	errorcheck	interpreted	excluded	gc-only-check	errorcheck expects a gc-only diagnostic go/types cannot express	recorded-limitation:D5-gc-only	compilation succeeded unexpectedly
testdir:fixedbugs/issue79186.go	testdir	run	interpreted	blocked-design	interpreter-per-call-cost	exceeds the 60 s bound under interpretation (interpreter per-call cost (162 D2, 53x the bound)); the bound is never raised	recorded-limitation:D2-deadline	command exceeded time limit
testdir:fixedbugs/issue79197.go	testdir	run	interpreted	repair	151		todo:11f3abf68a13	BASHPP-ECOLLECTION-BOUNDS: index 5 out of bounds for length 1
testdir:fixedbugs/issue7921.go	testdir	errorcheck	interpreted	excluded	compiler-diagnostic	test asserts gc optimizer output (-m/-d=); an interpreter has no optimizer to report on	recorded-limitation:retained-artifact-row	Bash++ backend unsupported: optimizer diagnostics are a compiler artifact; the check interface has no inlining, escape-analysis or SSA meaning
testdir:fixedbugs/issue79236.go	testdir	run	interpreted	repair	151		todo:11f3abf68a13	BASHPP-ECOLLECTION-BOUNDS: index 5 out of bounds for length 2
testdir:fixedbugs/issue79258.go	testdir	errorcheck	interpreted	excluded	gc-only-check	errorcheck expects a gc-only diagnostic go/types cannot express	recorded-limitation:D5-gc-only	compilation succeeded unexpectedly
testdir:fixedbugs/issue79812.go	testdir	run	interpreted	repair	151		todo:11f3abf68a13	fixedbugs/issue79812.go:18:9: BASHPP-EEXPR-CONVERT: cannot convert Complex to float64
testdir:fixedbugs/issue79874.go	testdir	run	interpreted	repair	151		todo:11f3abf68a13	fixedbugs/issue79874.go:43:42: BASHPP-EPOINTER-TARGET: indexed target is not a collection
testdir:fixedbugs/issue80004.go	testdir	run	interpreted	excluded	unsafe-reinterpretation	unsafe.Pointer memory reinterpretation: the interpreter has no native memory model	recorded-limitation:D7-unsafe-pointer	fixedbugs/issue80004.go:51:11: fixedbugs/issue80004.go:51:34: BASHPP-EEXPR-FORM: unsupported scalar expression *syntax.BashPPAddressExpr
testdir:fixedbugs/issue8004.go	testdir	run	interpreted	review	unsafe-policy-review	ledger rows not covered by D7: decide by ID or repair	todo:364913686dc6	fixedbugs/issue8004.go:25:31: BASHPP-EEXPR-CONVERT: cannot convert String to unsafe.Pointer
testdir:fixedbugs/issue80188.go	testdir	run	interpreted	repair	151		todo:11f3abf68a13	BASHPP-EPOINTER-TARGET: undefined pointer target g
testdir:fixedbugs/issue80196.go	testdir	run	interpreted	blocked-design	interpreter-per-call-cost	exceeds the 60 s bound under interpretation (at the bound (0.85–1.25×, PASS in both 165 leaves, FAIL at C): per-cal); the bound is never raised	recorded-limitation:D10-deadline-new	command exceeded time limit
testdir:fixedbugs/issue80976.go	testdir	run	compiled	repair	151		todo:11f3abf68a13	fixedbugs/issue80976.go:22:15: gosource: unsupported call target
testdir:fixedbugs/issue80976.go	testdir	run	interpreted	repair	151		todo:11f3abf68a13	fixedbugs/issue80976.go:22:15: gosource: unsupported call target
testdir:fixedbugs/issue8606.go	testdir	run	interpreted	repair	151		todo:11f3abf68a13	fixedbugs/issue8606.go:87:7: BASHPP-ECOMPARE-NONCOMPARABLE: unsupported comparison
testdir:fixedbugs/issue8606b.go	testdir	run	interpreted	repair	151		todo:11f3abf68a13	BASHPP-ESELECTOR-ASSIGN: target is not a structured value
testdir:fixedbugs/issue8620.go	testdir	run	interpreted	repair	151		todo:11f3abf68a13	fixedbugs/issue8620.go:20:5: BASHPP-EEXPR-UNDEFINED: undefined callable copy
testdir:fixedbugs/issue9110.go	testdir	run	interpreted	repair	153		todo:c794caf2c0e2	output should be empty when (optional) expected-output file fixedbugs/issue9110.out is not present. Instead saw
testdir:fixedbugs/issue9604b.go	testdir	runoutput	interpreted	repair	151		todo:11f3abf68a13	BASHPP-EBUILTIN-TYPE: BASHPP-ECOLLECTION-ELEMENT: scalar cannot be used as *big.Int
testdir:fixedbugs/notinheap.go	testdir	errorcheck	interpreted	excluded	gc-only-check	errorcheck expects a gc-only diagnostic go/types cannot express	recorded-limitation:D5-gc-only	compilation succeeded unexpectedly
testdir:fixedbugs/notinheap2.go	testdir	errorcheck	interpreted	excluded	gc-only-check	errorcheck expects a gc-only diagnostic go/types cannot express	recorded-limitation:D5-gc-only	compilation succeeded unexpectedly
testdir:fixedbugs/notinheap3.go	testdir	errorcheck	interpreted	excluded	compiler-diagnostic	test asserts gc optimizer output (-m/-d=); an interpreter has no optimizer to report on	recorded-limitation:retained-artifact-row	Bash++ backend unsupported: optimizer diagnostics are a compiler artifact; the check interface has no inlining, escape-analysis or SSA meaning
testdir:fixedbugs/walk_bounded_overshift_empty_bound.go	testdir	run	interpreted	repair	151		todo:11f3abf68a13	fixedbugs/walk_bounded_overshift_empty_bound.go:13:9: BASHPP-ECOLLECTION-BOUNDS: index 0 out of bounds for length 0
testdir:float_lit.go	testdir	run	interpreted	repair	151		todo:11f3abf68a13	"close: cannot use ""1/100"" as float64 value for parameter da"
testdir:float_lit2.go	testdir	run	interpreted	repair	151		todo:11f3abf68a13	BASHPP-ECOLLECTION-ELEMENT: cannot use string value as uint64
testdir:floatcmp.go	testdir	run	interpreted	repair	151		todo:11f3abf68a13	BASHPP-ECOLLECTION-ELEMENT: floatcmp.go:25:25: BASHPP-EEXPR-OPERAND: nan is not a scalar
testdir:func6.go	testdir	run	interpreted	repair	151		todo:11f3abf68a13	func6.go:12:5: BASHPP-EEXPR-FORM: unsupported scalar call
testdir:func8.go	testdir	run	interpreted	repair	153		todo:c794caf2c0e2	panic: wrong x,y order
testdir:fuse.go	testdir	errorcheck	interpreted	excluded	compiler-diagnostic	test asserts gc optimizer output (-m/-d=); an interpreter has no optimizer to report on	recorded-limitation:retained-artifact-row	Bash++ backend unsupported: optimizer diagnostics are a compiler artifact; the check interface has no inlining, escape-analysis or SSA meaning
testdir:gc2.go	testdir	run	interpreted	repair	unclassified		todo:306d0db8d77b	too many objects left: 22664
testdir:gcgort.go	testdir	run	interpreted	repair	151		todo:11f3abf68a13	gcgort.go:107:7: BASHPP-ECOMPARE-TYPE: value cannot be compared with nil
testdir:gcstring.go	testdir	run	interpreted	excluded	gc-observation	runtime.SetFinalizer+runtime.GC on interpreter-owned values: D7's ground (165 D9)	recorded-limitation:D9-finalizer-makefunc	gcstring.go:41:31: gosource: original callback signature requires value-semantics parameters and supported results
testdir:genmeth1.go	testdir	run	compiled	repair	151		todo:11f3abf68a13	genmeth1.go:53:8: gosource: unsupported call target
testdir:genmeth1.go	testdir	run	interpreted	repair	151		todo:11f3abf68a13	genmeth1.go:53:8: gosource: unsupported call target
testdir:genmeth2.go	testdir	run	compiled	repair	151		todo:11f3abf68a13	genmeth2.go:33:2: gosource: unsupported call target
testdir:genmeth2.go	testdir	run	interpreted	repair	151		todo:11f3abf68a13	genmeth2.go:33:2: gosource: unsupported call target
testdir:goprint.go	testdir	run	interpreted	repair	151		todo:11f3abf68a13	goprint.go:20:5: gosource: unsupported task capture: the launched callee does not resolve to an original function body; an original Go closure captures its free
testdir:heapsampling.go	testdir	run	interpreted	blocked-design	interpreter-per-call-cost	exceeds the 60 s bound under interpretation (> 600 s (> 10×) — interpreter per-call cost (D10b)); the bound is never raised	recorded-limitation:D10-deadline-new	command exceeded time limit
testdir:index0.go	testdir	runoutput	interpreted	repair	151		todo:11f3abf68a13	/srv/sprint162/barrier-d/tmp/Testindex0.go1750136046/001/tmp__.go:180:14: /srv/sprint162/barrier-d/tmp/Testindex0.go1750136046/001/tmp__.go:180:18: BASHPP-ECOLL
testdir:init1.go	testdir	run	interpreted	repair	unclassified		todo:306d0db8d77b	allocated 1000 chunks of 1048576 and used  0 memory
testdir:initialize.go	testdir	run	interpreted	repair	151		todo:11f3abf68a13	BASHPP-EASSIGN-MISMATCH: cannot use *[...]byte as *[16]byte
testdir:inline.go	testdir	errorcheckwithauto	interpreted	excluded	compiler-diagnostic	test asserts gc optimizer output (-m/-d=); an interpreter has no optimizer to report on	recorded-limitation:retained-artifact-row	Bash++ backend unsupported: optimizer diagnostics are a compiler artifact; the check interface has no inlining, escape-analysis or SSA meaning
testdir:inline_big.go	testdir	errorcheck	interpreted	excluded	compiler-diagnostic	test asserts gc optimizer output (-m/-d=); an interpreter has no optimizer to report on	recorded-limitation:retained-artifact-row	Bash++ backend unsupported: optimizer diagnostics are a compiler artifact; the check interface has no inlining, escape-analysis or SSA meaning
testdir:inline_endian.go	testdir	errorcheckwithauto	interpreted	excluded	compiler-diagnostic	test asserts gc optimizer output (-m/-d=); an interpreter has no optimizer to report on	recorded-limitation:retained-artifact-row	Bash++ backend unsupported: optimizer diagnostics are a compiler artifact; the check interface has no inlining, escape-analysis or SSA meaning
testdir:inline_literal.go	testdir	run	interpreted	blocked-design	retained-callback	retained reflect.ValueOf original-function callback (165 D9)	recorded-limitation:D9-finalizer-makefunc	gosource: asynchronous or retained original function callbacks are unsupported for reflect.ValueOf
testdir:inline_math_bits_rotate.go	testdir	errorcheck	interpreted	excluded	compiler-diagnostic	test asserts gc optimizer output (-m/-d=); an interpreter has no optimizer to report on	recorded-limitation:retained-artifact-row	Bash++ backend unsupported: optimizer diagnostics are a compiler artifact; the check interface has no inlining, escape-analysis or SSA meaning
testdir:inline_sync.go	testdir	errorcheck	interpreted	excluded	compiler-diagnostic	test asserts gc optimizer output (-m/-d=); an interpreter has no optimizer to report on	recorded-limitation:retained-artifact-row	Bash++ backend unsupported: optimizer diagnostics are a compiler artifact; the check interface has no inlining, escape-analysis or SSA meaning
testdir:inline_variadic.go	testdir	errorcheck	interpreted	excluded	compiler-diagnostic	test asserts gc optimizer output (-m/-d=); an interpreter has no optimizer to report on	recorded-limitation:retained-artifact-row	Bash++ backend unsupported: optimizer diagnostics are a compiler artifact; the check interface has no inlining, escape-analysis or SSA meaning
testdir:interface/assertinline.go	testdir	errorcheck	interpreted	excluded	compiler-diagnostic	test asserts gc optimizer output (-m/-d=); an interpreter has no optimizer to report on	recorded-limitation:retained-artifact-row	Bash++ backend unsupported: optimizer diagnostics are a compiler artifact; the check interface has no inlining, escape-analysis or SSA meaning
testdir:interface/embed3.go	testdir	rundir	interpreted	repair	153		todo:c794caf2c0e2	panic: want 'interface conversion: main.X1 is not p.I1: missing method Foo', got 'interface conversion: main.X1 is not main.__gosource_pkg_0_I1: missing method 
testdir:internal/runtime/sys/inlinegcpc.go	testdir	errorcheck	interpreted	excluded	compiler-diagnostic	test asserts gc optimizer output (-m/-d=); an interpreter has no optimizer to report on	recorded-limitation:retained-artifact-row	Bash++ backend unsupported: optimizer diagnostics are a compiler artifact; the check interface has no inlining, escape-analysis or SSA meaning
testdir:intrinsic.go	testdir	errorcheckandrundir	interpreted	excluded	compiler-diagnostic	errorcheck row expects gc inlining/intrinsic diagnostics; an interpreter has none	recorded-limitation:retained-artifact-row	"main.go:26: missing error ""intrinsic substitution for TrailingZeros64"""
testdir:intrinsic_atomic.go	testdir	errorcheck	interpreted	excluded	compiler-diagnostic	test asserts gc optimizer output (-m/-d=); an interpreter has no optimizer to report on	recorded-limitation:retained-artifact-row	Bash++ backend unsupported: optimizer diagnostics are a compiler artifact; the check interface has no inlining, escape-analysis or SSA meaning
testdir:iota.go	testdir	run	compiled	repair	unclassified		todo:306d0db8d77b	assertion fail: amask
testdir:iota.go	testdir	run	interpreted	repair	unclassified		todo:306d0db8d77b	assertion fail: amask
testdir:ken/cplx3.go	testdir	run	interpreted	excluded	unsafe-reinterpretation	unsafe.Pointer memory reinterpretation: the interpreter has no native memory model	recorded-limitation:D7-unsafe-pointer	ken/cplx3.go:42:37: BASHPP-EEXPR-FORM: unsupported scalar expression *syntax.BashPPAddressExpr
testdir:ken/cplx5.go	testdir	run	interpreted	repair	unclassified		todo:306d0db8d77b	bash++: task failed: string for complex128
testdir:ken/divconst.go	testdir	run	interpreted	blocked-design	interpreter-per-call-cost	exceeds the 60 s bound under interpretation (interpreter per-call cost (162 D2, 53x the bound)); the bound is never raised	recorded-limitation:D2-deadline	command exceeded time limit
testdir:ken/embed.go	testdir	run	interpreted	repair	151		todo:11f3abf68a13	BASHPP-EPOINTER-TARGET: pointer field path no longer names struct storage
testdir:ken/modconst.go	testdir	run	interpreted	blocked-design	interpreter-per-call-cost	exceeds the 60 s bound under interpretation (interpreter per-call cost (162 D2, 53x the bound)); the bound is never raised	recorded-limitation:D2-deadline	command exceeded time limit
testdir:ken/ptrfun.go	testdir	run	interpreted	repair	151		todo:11f3abf68a13	ken/ptrfun.go:32:6: BASHPP-EASSIGN-CALL: tuple assignment requires a declared result-bearing function
testdir:ken/rob1.go	testdir	run	interpreted	repair	151		todo:11f3abf68a13	BASHPP-ESELECTOR-TYPE: local i has no typed selector path
testdir:known_bits.go	testdir	errorcheck	interpreted	excluded	compiler-diagnostic	test asserts gc optimizer output (-m/-d=); an interpreter has no optimizer to report on	recorded-limitation:retained-artifact-row	Bash++ backend unsupported: optimizer diagnostics are a compiler artifact; the check interface has no inlining, escape-analysis or SSA meaning
testdir:linkname.go	testdir	errorcheckandrundir	interpreted	excluded	compiler-diagnostic	errorcheck row expects gc inlining/intrinsic diagnostics; an interpreter has none	recorded-limitation:retained-artifact-row	"linkname1.go:3: missing error ""xs does not escape"""
testdir:linkname3.go	testdir	errorcheck	interpreted	excluded	gc-only-check	errorcheck expects a gc-only diagnostic go/types cannot express	recorded-limitation:D5-gc-only	compilation succeeded unexpectedly
testdir:linknameasm.go	testdir	buildrundir	interpreted	blocked-design	harness-generate-phase	runoutput/errorcheckoutput generate a compile input the interpreted backend does not yet drive (harness phase, not a language gap)	recorded-limitation:retained-artifact-row	"Bash++ backend unsupported generate phase: compile input ""/srv/sprint162/barrier-d/evidence/goroot/test/linknameasm.dir/a_amd64.s"" is not a Go source file"
testdir:literal.go	testdir	run	interpreted	repair	151		todo:11f3abf68a13	"equal: cannot use ""14411519/144115188075855872"" as float32 value for parameter a"
testdir:literal2.go	testdir	run	interpreted	repair	unclassified		todo:306d0db8d77b	1.7976931348623157e+308 != 1.7976931348623157e+308
testdir:live2.go	testdir	errorcheck	interpreted	excluded	compiler-diagnostic	test asserts gc optimizer output (-m/-d=); an interpreter has no optimizer to report on	recorded-limitation:retained-artifact-row	Bash++ backend unsupported: optimizer diagnostics are a compiler artifact; the check interface has no inlining, escape-analysis or SSA meaning
testdir:live_regabi.go	testdir	errorcheckwithauto	compiled	repair	152		todo:600dd206218e	test/live_regabi.go:642:8: gosource: unsupported compound simple statement
testdir:live_regabi.go	testdir	errorcheckwithauto	interpreted	repair	152		todo:600dd206218e	Bash++ backend unsupported: optimizer diagnostics are a compiler artifact; the check interface has no inlining, escape-analysis or SSA meaning
testdir:live_uintptrkeepalive.go	testdir	errorcheck	interpreted	excluded	compiler-diagnostic	test asserts gc optimizer output (-m/-d=); an interpreter has no optimizer to report on	recorded-limitation:retained-artifact-row	Bash++ backend unsupported: optimizer diagnostics are a compiler artifact; the check interface has no inlining, escape-analysis or SSA meaning
testdir:loopbce.go	testdir	errorcheck	interpreted	excluded	compiler-diagnostic	test asserts gc optimizer output (-m/-d=); an interpreter has no optimizer to report on	recorded-limitation:retained-artifact-row	Bash++ backend unsupported: optimizer diagnostics are a compiler artifact; the check interface has no inlining, escape-analysis or SSA meaning
testdir:mallocfin.go	testdir	run	interpreted	excluded	gc-observation	runtime.SetFinalizer+runtime.GC on interpreter-owned values: D7's ground (165 D9)	recorded-limitation:D9-finalizer-makefunc	mallocfin.go:60:27: gosource: original callback signature requires value-semantics parameters and supported results
testdir:map.go	testdir	run	interpreted	repair	151		todo:11f3abf68a13	map.go:482:3: BASHPP-EUPDATE-TARGET: BASHPP-ENONADDRESSABLE: map elements are not addressable
testdir:maplinear.go	testdir	run	interpreted	repair	151		todo:11f3abf68a13	BASHPP-EINTERFACE-VALUE: i has no dynamic type
testdir:maymorestack.go	testdir	run	interpreted	repair	153		todo:c794caf2c0e2	panic: mayMoreStack not called
testdir:method.go	testdir	run	interpreted	repair	151		todo:11f3abf68a13	BASHPP-EINTERFACE-IMPOSSIBLE: struct cannot implement interface
testdir:named.go	testdir	run	interpreted	repair	153		todo:c794caf2c0e2	panic: interface conversion: interface {} is bool, not main.Bool
testdir:nil.go	testdir	run	interpreted	repair	unclassified		todo:306d0db8d77b	float for time.Duration
testdir:nilcheck.go	testdir	errorcheck	interpreted	excluded	compiler-diagnostic	test asserts gc optimizer output (-m/-d=); an interpreter has no optimizer to report on	recorded-limitation:retained-artifact-row	Bash++ backend unsupported: optimizer diagnostics are a compiler artifact; the check interface has no inlining, escape-analysis or SSA meaning
testdir:nilptr.go	testdir	run	interpreted	repair	unclassified		todo:306d0db8d77b	fatal error: runtime: out of memory
testdir:nilptr2.go	testdir	run	interpreted	repair	151		todo:11f3abf68a13	type struct has no method fn
testdir:nilptr3.go	testdir	errorcheck	compiled	repair	152		todo:600dd206218e	test/nilptr3.go:253: generated nil check
testdir:nilptr3.go	testdir	errorcheck	interpreted	repair	152		todo:600dd206218e	Bash++ backend unsupported: optimizer diagnostics are a compiler artifact; the check interface has no inlining, escape-analysis or SSA meaning
testdir:nilptr5.go	testdir	errorcheck	interpreted	excluded	compiler-diagnostic	test asserts gc optimizer output (-m/-d=); an interpreter has no optimizer to report on	recorded-limitation:retained-artifact-row	Bash++ backend unsupported: optimizer diagnostics are a compiler artifact; the check interface has no inlining, escape-analysis or SSA meaning
testdir:noinit.go	testdir	run	compiled	repair	unclassified		todo:306d0db8d77b	1
testdir:nowritebarrier.go	testdir	errorcheck	interpreted	excluded	gc-only-check	errorcheck expects a gc-only diagnostic go/types cannot express	recorded-limitation:D5-gc-only	compilation succeeded unexpectedly
testdir:opt_branchlikely.go	testdir	errorcheck	interpreted	excluded	compiler-diagnostic	test asserts gc optimizer output (-m/-d=); an interpreter has no optimizer to report on	recorded-limitation:retained-artifact-row	Bash++ backend unsupported: optimizer diagnostics are a compiler artifact; the check interface has no inlining, escape-analysis or SSA meaning
testdir:peano.go	testdir	run	interpreted	blocked-design	interpreter-stack	goroutine stack exceeds under interpretation: native stack per interpreted frame (D10e)	recorded-limitation:D2-deadline	runtime: goroutine stack exceeds 1000000000-byte limit
testdir:phiopt.go	testdir	errorcheck	interpreted	excluded	compiler-diagnostic	test asserts gc optimizer output (-m/-d=); an interpreter has no optimizer to report on	recorded-limitation:retained-artifact-row	Bash++ backend unsupported: optimizer diagnostics are a compiler artifact; the check interface has no inlining, escape-analysis or SSA meaning
testdir:print.go	testdir	run	interpreted	repair	151		todo:11f3abf68a13	print.go:14:24: BASHPP-EEXPR-NIL: nil is not a scalar
testdir:prove.go	testdir	errorcheck	compiled	repair	152		todo:600dd206218e	test/prove.go:2867: Proved Leq64U
testdir:prove.go	testdir	errorcheck	interpreted	repair	152		todo:600dd206218e	Bash++ backend unsupported: optimizer diagnostics are a compiler artifact; the check interface has no inlining, escape-analysis or SSA meaning
testdir:prove_constant_folding.go	testdir	errorcheck	interpreted	excluded	compiler-diagnostic	test asserts gc optimizer output (-m/-d=); an interpreter has no optimizer to report on	recorded-limitation:retained-artifact-row	Bash++ backend unsupported: optimizer diagnostics are a compiler artifact; the check interface has no inlining, escape-analysis or SSA meaning
testdir:prove_invert_loop_with_unused_iterators.go	testdir	errorcheck	interpreted	excluded	compiler-diagnostic	test asserts gc optimizer output (-m/-d=); an interpreter has no optimizer to report on	recorded-limitation:retained-artifact-row	Bash++ backend unsupported: optimizer diagnostics are a compiler artifact; the check interface has no inlining, escape-analysis or SSA meaning
testdir:range.go	testdir	run	compiled	repair	unclassified		todo:306d0db8d77b	wrong parallel assignment 0 99 20
testdir:range.go	testdir	run	interpreted	repair	unclassified		todo:306d0db8d77b	Wanted lowercase alphabet; got  
testdir:range4.go	testdir	run	interpreted	repair	unclassified		todo:306d0db8d77b	wrong results [4, 3, 2, 1, 5, -1] want [5, 4, 3, 2, 1, -1]
testdir:rangegen.go	testdir	runoutput	compiled	blocked-design	interpreter-per-call-cost	exceeds the 60 s bound under interpretation (gc 'compile: signal: killed' at 160 s on the lowered generated program); the bound is never raised	recorded-limitation:D10-deadline-new	command exceeded time limit
testdir:rangegen.go	testdir	runoutput	interpreted	blocked-design	interpreter-per-call-cost	exceeds the 60 s bound under interpretation (288 s (4.8×) to a next defect — interpreter per-call cost (D10c)); the bound is never raised	recorded-limitation:D2-deadline	command exceeded time limit
testdir:recover.go	testdir	run	interpreted	repair	153		todo:c794caf2c0e2	gosource: dependency mutation of interpreter-owned references is unsupported for reflect.ValueOf
testdir:recover2.go	testdir	run	interpreted	repair	153		todo:c794caf2c0e2	panic: want: unhashable type main.T; have: runtime error: hash of unhashable type T
testdir:recover4.go	testdir	run	interpreted	repair	153		todo:c794caf2c0e2	unexpected fault address 0x73d548f58000
testdir:reflectmethod1.go	testdir	run	interpreted	repair	153		todo:c794caf2c0e2	panic: interface conversion: interface {} is func(main.M), not func(M)
testdir:reflectmethod2.go	testdir	run	interpreted	repair	153		todo:c794caf2c0e2	panic: interface conversion: interface {} is func(main.M), not func(M)
testdir:reflectmethod3.go	testdir	run	interpreted	repair	153		todo:c794caf2c0e2	panic: interface conversion: interface {} is func(main.M), not func(M)
testdir:reflectmethod4.go	testdir	run	interpreted	repair	153		todo:c794caf2c0e2	gosource: dependency mutation of interpreter-owned references is unsupported for reflect.ValueOf
testdir:reflectmethod5.go	testdir	run	interpreted	blocked-design	reflect-writeback	reflect writeback into interpreter-owned values (claim D3: ownership boundary kept until a bounded design)	recorded-limitation:reflect-owned-mutation	gosource: dependency mutation of interpreter-owned references is unsupported for reflect.ValueOf
testdir:reflectmethod6.go	testdir	run	interpreted	blocked-design	reflect-writeback	reflect writeback into interpreter-owned values (claim D3: ownership boundary kept until a bounded design)	recorded-limitation:reflect-owned-mutation	gosource: dependency mutation of interpreter-owned references is unsupported for reflect.ValueOf
testdir:reflectmethod7.go	testdir	run	interpreted	repair	153		todo:c794caf2c0e2	gosource: invalid native slice writeback: gosource: native callback field belongs to another dependency session
testdir:reorder2.go	testdir	run	interpreted	repair	151		todo:11f3abf68a13	reorder2.go:29:11: BASHPP-EEXPR-UNDEFINED: undefined: a
testdir:retjmp.go	testdir	buildrundir	interpreted	blocked-design	harness-generate-phase	runoutput/errorcheckoutput generate a compile input the interpreted backend does not yet drive (harness phase, not a language gap)	recorded-limitation:retained-artifact-row	"Bash++ backend unsupported generate phase: compile input ""/srv/sprint162/barrier-d/evidence/goroot/test/retjmp.dir/a.s"" is not a Go source file"
testdir:shift3.go	testdir	run	interpreted	repair	151		todo:11f3abf68a13	shift3.go:27:2: shift3.go:27:4: BASHPP-EEXPR-SHIFT: shift count must be an unsigned integer
testdir:sizeof.go	testdir	run	interpreted	repair	151		todo:11f3abf68a13	sizeof.go:43:5: BASHPP-EUNSAFE-OFFSET: operand is not a supported struct field selector
testdir:slice3.go	testdir	runoutput	interpreted	review	unsafe-policy-review	ledger rows not covered by D7: decide by ID or repair	todo:364913686dc6	/srv/sprint162/barrier-d/tmp/Testslice3.go4107287653/001/tmp__.go:47:23: BASHPP-EEXPR-CONVERT: cannot convert String to unsafe.Pointer
testdir:slicecap.go	testdir	run	interpreted	excluded	unsafe-reinterpretation	unsafe.Pointer memory reinterpretation: the interpreter has no native memory model	recorded-limitation:D7-unsafe-pointer	slicecap.go:29:35: BASHPP-EEXPR-FORM: unsupported scalar expression *syntax.BashPPAddressExpr
testdir:sliceopt.go	testdir	errorcheck	interpreted	excluded	compiler-diagnostic	test asserts gc optimizer output (-m/-d=); an interpreter has no optimizer to report on	recorded-limitation:retained-artifact-row	Bash++ backend unsupported: optimizer diagnostics are a compiler artifact; the check interface has no inlining, escape-analysis or SSA meaning
testdir:stack.go	testdir	run	interpreted	blocked-design	interpreter-per-call-cost	exceeds the 60 s bound under interpretation (interpreter per-call cost (162 D2, 53x the bound)); the bound is never raised	recorded-limitation:D2-deadline	command exceeded time limit
testdir:stackobj.go	testdir	run	interpreted	excluded	gc-observation	runtime.SetFinalizer+runtime.GC on interpreter-owned values: D7's ground (165 D9)	recorded-limitation:D9-finalizer-makefunc	stackobj.go:45:28: gosource: original callback signature requires value-semantics parameters and supported results
testdir:stackobj3.go	testdir	run	interpreted	excluded	gc-observation	runtime.SetFinalizer+runtime.GC on interpreter-owned values: D7's ground (165 D9)	recorded-limitation:D9-finalizer-makefunc	stackobj3.go:65:28: gosource: original callback signature requires value-semantics parameters and supported results
testdir:strcopy.go	testdir	run	interpreted	repair	151		todo:11f3abf68a13	strcopy.go:26:5: BASHPP-ESELECTOR-ROOT: subh is not a structured value
testdir:struct0.go	testdir	run	interpreted	repair	151		todo:11f3abf68a13	BASHPP-ESELECTOR-EXPR: unsupported structured expression
testdir:tailcall.go	testdir	errorcheck	interpreted	excluded	compiler-diagnostic	test asserts gc optimizer output (-m/-d=); an interpreter has no optimizer to report on	recorded-limitation:retained-artifact-row	Bash++ backend unsupported: optimizer diagnostics are a compiler artifact; the check interface has no inlining, escape-analysis or SSA meaning
testdir:tinyfin.go	testdir	run	interpreted	excluded	gc-observation	runtime.SetFinalizer+runtime.GC on interpreter-owned values: D7's ground (165 D9)	recorded-limitation:D9-finalizer-makefunc	tinyfin.go:28:27: gosource: original callback signature requires value-semantics parameters and supported results
testdir:turing.go	testdir	run	interpreted	repair	151		todo:11f3abf68a13	BASHPP-ESWITCH-TYPE: case expression type byte does not match switch tag type uint8
testdir:typeparam/absdiff2.go	testdir	run	interpreted	repair	151		todo:11f3abf68a13	typeparam/absdiff2.go:34:7: BASHPP-EEXPR-OPERAND: operator - not defined on String and String
testdir:typeparam/absdiff3.go	testdir	run	interpreted	repair	151		todo:11f3abf68a13	typeparam/absdiff3.go:52:8: BASHPP-EASSIGN-CALL: tuple assignment requires a declared result-bearing function
testdir:typeparam/absdiffimp2.go	testdir	rundir	interpreted	repair	151		todo:11f3abf68a13	test/typeparam/absdiffimp2.dir/a.go:28:7: BASHPP-EEXPR-OPERAND: operator - not defined on String and String
testdir:typeparam/append.go	testdir	run	interpreted	repair	unclassified		todo:306d0db8d77b	typeparam/append.go:22:36: string for main.Recv
testdir:typeparam/chans.go	testdir	run	interpreted	excluded	gc-observation	runtime.SetFinalizer+runtime.GC on interpreter-owned values: D7's ground (165 D9)	recorded-limitation:D9-finalizer-makefunc	typeparam/chans.go:190:26: gosource: original callback signature requires value-semantics parameters and supported results
testdir:typeparam/chansimp.go	testdir	rundir	interpreted	excluded	gc-observation	runtime.SetFinalizer+runtime.GC on interpreter-owned values: D7's ground (165 D9)	recorded-limitation:D9-finalizer-makefunc	test/typeparam/chansimp.dir/a.go:183:26: gosource: original callback signature requires value-semantics parameters and supported results
testdir:typeparam/dottype.go	testdir	run	interpreted	repair	unclassified		todo:306d0db8d77b	3
testdir:typeparam/equal.go	testdir	run	interpreted	repair	153		todo:c794caf2c0e2	panic: assertion failed
testdir:typeparam/graph.go	testdir	run	interpreted	repair	151		todo:11f3abf68a13	BASHPP-ECOLLECTION-ELEMENT: typeparam/graph.go:69:10: BASHPP-EEXPR-OPERAND: from is not a scalar
testdir:typeparam/issue46591.go	testdir	run	interpreted	repair	153		todo:c794caf2c0e2	panic: 1
testdir:typeparam/issue47713.go	testdir	run	interpreted	repair	151		todo:11f3abf68a13	BASHPP-EINTERFACE-EMBED: interface Seralizable embeds non-interface encoding.BinaryMarshaler
testdir:typeparam/issue47716.go	testdir	run	interpreted	repair	151		todo:11f3abf68a13	typeparam/issue47716.go:44:28: typeparam/issue47716.go:44:28: BASHPP-EUNSAFE-TYPE: operand type has no supported Go layout
testdir:typeparam/issue47740b.go	testdir	run	interpreted	repair	151		todo:11f3abf68a13	typeparam/issue47740b.go:17:9: BASHPP-EASSERT-OPERAND: type assertion operand must be an interface
testdir:typeparam/issue47901.go	testdir	run	interpreted	repair	151		todo:11f3abf68a13	typeparam/issue47901.go:16:18: BASHPP-EEXPR-UNDEFINED: undefined callable make
testdir:typeparam/issue47925b.go	testdir	run	interpreted	repair	151		todo:11f3abf68a13	typeparam/issue47925b.go:19:14: BASHPP-EEXPR-CONVERT: cannot convert String to I[*S]
testdir:typeparam/issue47925c.go	testdir	run	interpreted	repair	151		todo:11f3abf68a13	typeparam/issue47925c.go:21:14: BASHPP-EEXPR-CONVERT: cannot convert String to J[*S]
testdir:typeparam/issue47925d.go	testdir	run	interpreted	repair	151		todo:11f3abf68a13	typeparam/issue47925d.go:22:14: BASHPP-EEXPR-CONVERT: cannot convert String to J[*S]
testdir:typeparam/issue48344.go	testdir	run	interpreted	repair	151		todo:11f3abf68a13	BASHPP-EBUILTIN-TYPE: BASHPP-EASSIGN-MISMATCH: cannot use value as G[int]
testdir:typeparam/issue49295.go	testdir	run	interpreted	repair	151		todo:11f3abf68a13	typeparam/issue49295.go:18:7: BASHPP-EPOINTER-TARGET: expression is not a pointer
testdir:typeparam/issue49547.go	testdir	run	interpreted	repair	153		todo:c794caf2c0e2	output should be empty when (optional) expected-output file typeparam/issue49547.out is not present. Instead saw
testdir:typeparam/issue50002.go	testdir	run	interpreted	repair	151		todo:11f3abf68a13	BASHPP-EASSERT-IMPOSSIBLE: string cannot be asserted from I[byte]
testdir:typeparam/issue50690a.go	testdir	run	interpreted	repair	unclassified		todo:306d0db8d77b	typeparam/issue50690a.go:66:45: gosource: expression requires one local result, got 0
testdir:typeparam/issue50833.go	testdir	run	interpreted	repair	151		todo:11f3abf68a13	BASHPP-ESTRUCT-TYPE: <inferred> is not a supported struct type
testdir:typeparam/issue51303.go	testdir	run	interpreted	repair	151		todo:11f3abf68a13	typeparam/issue51303.go:32:9: typeparam/issue51303.go:32:48: BASHPP-EEXPR-OPERAND: x is not a scalar
testdir:typeparam/issue51522b.go	testdir	run	interpreted	repair	151		todo:11f3abf68a13	BASHPP-ESWITCH-TYPE: case expression type fooer does not match switch tag type myint
testdir:typeparam/issue53477.go	testdir	run	interpreted	repair	151		todo:11f3abf68a13	typeparam/issue53477.go:28:9: BASHPP-EEXPR-CONVERT: cannot convert Int to Mer[X]
testdir:typeparam/issue54302.go	testdir	rundir	interpreted	repair	153		todo:c794caf2c0e2	panic: FAIL
testdir:typeparam/issue54456.go	testdir	run	interpreted	repair	151		todo:11f3abf68a13	typeparam/issue54456.go:19:44: BASHPP-EEXPR-CONVERT: cannot convert Int to T[int]
testdir:typeparam/issue54497.go	testdir	errorcheck	interpreted	excluded	compiler-diagnostic	test asserts gc optimizer output (-m/-d=); an interpreter has no optimizer to report on	recorded-limitation:retained-artifact-row	Bash++ backend unsupported: optimizer diagnostics are a compiler artifact; the check interface has no inlining, escape-analysis or SSA meaning
testdir:typeparam/issue54765.go	testdir	errorcheck	interpreted	excluded	gc-only-check	errorcheck expects a gc-only diagnostic go/types cannot express	recorded-limitation:D5-gc-only	compilation succeeded unexpectedly
testdir:typeparam/issue58513.go	testdir	run	interpreted	repair	151		todo:11f3abf68a13	BASHPP-ECOLLECTION-ELEMENT: scalar cannot be used as func()()
testdir:typeparam/list2.go	testdir	run	interpreted	blocked-design	interpreter-stack	goroutine stack exceeds under interpretation: native stack per interpreted frame (D10e)	recorded-limitation:D10-deadline-new	panic: elt[0](0x384a10c93230).Prev() = 0x384a10c939b0, want 0x0
testdir:typeparam/listimp2.go	testdir	rundir	interpreted	blocked-design	interpreter-stack	goroutine stack exceeds under interpretation: native stack per interpreted frame (D10e)	recorded-limitation:D10-deadline-new	panic: elt[0](0x1a3fb8693230).Prev() = 0x1a3fb86939b0, want 0x0
testdir:typeparam/map.go	testdir	run	interpreted	repair	151		todo:11f3abf68a13	"func literal: cannot use ""5/2"" as float64 value for parameter f"
testdir:typeparam/mapimp.go	testdir	rundir	interpreted	repair	151		todo:11f3abf68a13	"func literal: cannot use ""5/2"" as float64 value for parameter f"
testdir:typeparam/mdempsky/13.go	testdir	run	interpreted	repair	151		todo:11f3abf68a13	BASHPP-EGENERIC-CONSTRAINT: struct does not satisfy constraint for T in F
testdir:typeparam/mdempsky/15.go	testdir	run	interpreted	repair	153		todo:c794caf2c0e2	"unregistered bridge type ""*interface"""
testdir:typeparam/mdempsky/16.go	testdir	run	interpreted	repair	151		todo:11f3abf68a13	typeparam/mdempsky/16.go:32:6: BASHPP-EASSERT-IMPOSSIBLE: T cannot be asserted from interface
testdir:typeparam/mdempsky/17.go	testdir	run	interpreted	repair	151		todo:11f3abf68a13	typeparam/mdempsky/17.go:51:19: BASHPP-ECOLLECTION-ELEMENT: scalar cannot be used as V
testdir:typeparam/metrics.go	testdir	run	interpreted	repair	151		todo:11f3abf68a13	typeparam/metrics.go:63:6: BASHPP-EUPDATE-TARGET: BASHPP-ESTRUCT-TYPE: cannot use key2[T1, T2] as key2[int, float64]
testdir:typeparam/min.go	testdir	run	interpreted	repair	151		todo:11f3abf68a13	"min: cannot use ""7/2"" as float64 value for parameter x"
testdir:typeparam/minimp.go	testdir	rundir	interpreted	repair	151		todo:11f3abf68a13	"__gosource_pkg_0_Min: cannot use ""7/2"" as float64 value for parameter x"
testdir:typeparam/nested.go	testdir	run	interpreted	repair	153		todo:c794caf2c0e2	"unregistered bridge type ""T[int]"""
testdir:typeparam/ordered.go	testdir	run	interpreted	repair	151		todo:11f3abf68a13	typeparam/ordered.go:38:31: BASHPP-EEXPR-OPERAND: s is not a scalar
testdir:typeparam/orderedmap.go	testdir	run	interpreted	repair	151		todo:11f3abf68a13	type *_Map[[]byte, int] has no method compare
testdir:typeparam/orderedmapsimp.go	testdir	rundir	interpreted	repair	151		todo:11f3abf68a13	type *__gosource_pkg_0_Map[[]byte, int] has no method compare
testdir:typeparam/pair.go	testdir	run	interpreted	repair	151		todo:11f3abf68a13	typeparam/pair.go:21:18: typeparam/pair.go:21:18: BASHPP-EUNSAFE-TYPE: operand type has no supported Go layout
testdir:typeparam/pairimp.go	testdir	rundir	interpreted	repair	151		todo:11f3abf68a13	test/typeparam/pairimp.dir/main.go:15:18: /srv/sprint162/barrier-d/evidence/goroot/test/typeparam/pairimp.dir/main.go:15:18: BASHPP-EUNSAFE-TYPE: operand type h
testdir:typeparam/pragma.go	testdir	errorcheck	interpreted	excluded	compiler-diagnostic	test asserts gc optimizer output (-m/-d=); an interpreter has no optimizer to report on	recorded-limitation:retained-artifact-row	Bash++ backend unsupported: optimizer diagnostics are a compiler artifact; the check interface has no inlining, escape-analysis or SSA meaning
testdir:typeparam/recoverimp.go	testdir	rundir	interpreted	repair	151		todo:11f3abf68a13	"__gosource_pkg_0_F: cannot use ""53/10"" as float64 value for parameter a"
testdir:typeparam/settable.go	testdir	run	interpreted	repair	unclassified		todo:306d0db8d77b	gosource: original callback with copied slice references is unsupported
testdir:typeparam/sliceimp.go	testdir	rundir	interpreted	repair	151		todo:11f3abf68a13	"isNaN: cannot use """" as float64 value for parameter f"
testdir:typeparam/slices.go	testdir	run	interpreted	repair	151		todo:11f3abf68a13	"isNaN: cannot use """" as float64 value for parameter f"
testdir:typeparam/subdict.go	testdir	run	interpreted	repair	unclassified		todo:306d0db8d77b	typeparam/subdict.go:17:1: undefined type: comparable
testdir:typeswitch1.go	testdir	run	interpreted	repair	unclassified		todo:306d0db8d77b	whatis 1.5 => default 3/2 != default 1.5
testdir:uintptrescapes.go	testdir	rundir	interpreted	excluded	unsafe-reinterpretation	unsafe.Pointer memory reinterpretation: the interpreter has no native memory model	recorded-limitation:D7-unsafe-pointer	command exceeded time limit
testdir:uintptrescapes2.go	testdir	errorcheck	interpreted	excluded	compiler-diagnostic	test asserts gc optimizer output (-m/-d=); an interpreter has no optimizer to report on	recorded-limitation:retained-artifact-row	Bash++ backend unsupported: optimizer diagnostics are a compiler artifact; the check interface has no inlining, escape-analysis or SSA meaning
testdir:uintptrescapes3.go	testdir	run	interpreted	excluded	gc-observation	runtime.SetFinalizer+runtime.GC on interpreter-owned values: D7's ground (165 D9)	recorded-limitation:D9-finalizer-makefunc	uintptrescapes3.go:51:29: gosource: original callback signature requires value-semantics parameters and supported results
testdir:uintptrkeepalive.go	testdir	errorcheck	interpreted	excluded	gc-only-check	errorcheck expects a gc-only diagnostic go/types cannot express	recorded-limitation:D5-gc-only	compilation succeeded unexpectedly
testdir:unsafe_slice_data.go	testdir	run	interpreted	excluded	unsafe-reinterpretation	unsafe.Pointer memory reinterpretation: the interpreter has no native memory model	recorded-limitation:D7-unsafe-pointer	unsafe_slice_data.go:17:48: BASHPP-EEXPR-FORM: unsupported scalar expression *syntax.BashPPAddressExpr
testdir:unsafe_string_data.go	testdir	run	interpreted	excluded	unsafe-reinterpretation	unsafe.Pointer memory reinterpretation: the interpreter has no native memory model	recorded-limitation:D7-unsafe-pointer	unsafe_string_data.go:17:48: BASHPP-EEXPR-FORM: unsupported scalar expression *syntax.BashPPAddressExpr
testdir:unsafebuiltins.go	testdir	run	interpreted	repair	151		todo:11f3abf68a13	unsafebuiltins.go:21:24: BASHPP-EEXPR-FORM: unsupported scalar expression *syntax.BashPPAddressExpr
testdir:writebarrier.go	testdir	errorcheck	interpreted	excluded	compiler-diagnostic	test asserts gc optimizer output (-m/-d=); an interpreter has no optimizer to report on	recorded-limitation:retained-artifact-row	Bash++ backend unsupported: optimizer diagnostics are a compiler artifact; the check interface has no inlining, escape-analysis or SSA meaning
testdir:zerodivide.go	testdir	run	interpreted	repair	151		todo:11f3abf68a13	BASHPP-ECOLLECTION-ELEMENT: cannot use *interp.bashPPBridgeValue value as float64
testdir:zerosize.go	testdir	run	interpreted	repair	unclassified		todo:306d0db8d77b	p= q= p==q = false
typechecker:cmd/compile/internal/types2/TestCheck/stmt0.go	typechecker	-	compiled	repair	151		todo:11f3abf68a13	"check_test.go:256: ../../../../internal/types/testdata/check/stmt0.go:803:22: no error expected: ""cannot declare in post statement"""
typechecker:cmd/compile/internal/types2/TestCheck/stmt0.go	typechecker	-	interpreted	repair	151		todo:11f3abf68a13	"check_test.go:256: ../../../../internal/types/testdata/check/stmt0.go:803:22: no error expected: ""cannot declare in post statement"""
typechecker:cmd/compile/internal/types2/TestLocal/issue47996.go	typechecker	-	compiled	repair	151		todo:11f3abf68a13	"check_test.go:256: testdata/local/issue47996.go:8:31: no error expected: ""undefined: P"""
typechecker:cmd/compile/internal/types2/TestLocal/issue47996.go	typechecker	-	interpreted	repair	151		todo:11f3abf68a13	"check_test.go:256: testdata/local/issue47996.go:8:31: no error expected: ""undefined: P"""
typechecker:cmd/compile/internal/types2/TestLocal/issue68183.go	typechecker	-	compiled	repair	151		todo:11f3abf68a13	"check_test.go:256: testdata/local/issue68183.go:13:5: no error expected: ""undefined: x"""
typechecker:cmd/compile/internal/types2/TestLocal/issue68183.go	typechecker	-	interpreted	repair	151		todo:11f3abf68a13	"check_test.go:256: testdata/local/issue68183.go:13:5: no error expected: ""undefined: x"""
typechecker:go/types/TestCheck/decls2	typechecker	-	compiled	repair	unclassified		todo:306d0db8d77b	check_test.go:288: ../../internal/types/testdata/check/decls2/decls2a.go:89:47: got col = 47; want 6
typechecker:go/types/TestCheck/decls2	typechecker	-	interpreted	repair	unclassified		todo:306d0db8d77b	check_test.go:288: ../../internal/types/testdata/check/decls2/decls2a.go:89:47: got col = 47; want 6
typechecker:go/types/TestCheck/expr3.go	typechecker	-	compiled	repair	unclassified		todo:306d0db8d77b	check_test.go:288: ../../internal/types/testdata/check/expr3.go:22:46: got col = 46; want 8
typechecker:go/types/TestCheck/expr3.go	typechecker	-	interpreted	repair	unclassified		todo:306d0db8d77b	check_test.go:288: ../../internal/types/testdata/check/expr3.go:22:46: got col = 46; want 8
typechecker:go/types/TestCheck/stmt0.go	typechecker	-	compiled	repair	unclassified		todo:306d0db8d77b	check_test.go:288: ../../internal/types/testdata/check/stmt0.go:803:53: got col = 53; want 22
typechecker:go/types/TestCheck/stmt0.go	typechecker	-	interpreted	repair	unclassified		todo:306d0db8d77b	check_test.go:288: ../../internal/types/testdata/check/stmt0.go:803:53: got col = 53; want 22
