status	root	mode	family	reason	first_line	lane	result	disposition	old_status	elapsed
PASS	package:cmd/compile	compiled				package	PASS	-	-	11.044
EXCLUDED	package:cmd/compile	interpreted	multi-package-interpreted	whole-package Go source: compiled is the supported path (operator decision 2026-10-04, ratified in Sprint 378); observed: script tests rebuild the compiler under the interpreter		package	FAIL	CATALOG	EXCLUDED-NEW	550.34
PASS	package:cmd/compile	native				package	PASS	-	-	8.608
PASS	package:cmd/compile/internal/abt	compiled				package	PASS	-	-	0.526
PASS	package:cmd/compile/internal/abt	interpreted	multi-package-interpreted	whole-package Go source uses the compiled Go island path (operator decision 2026-10-04, Sprint 378); interpreted observations retain historical evidence without script pass credit		package	PASS	-	-	10.467
PASS	package:cmd/compile/internal/abt	native				package	PASS	-	-	0.003
PASS	package:cmd/compile/internal/amd64	compiled				package	PASS	-	-	2.372
EXCLUDED	package:cmd/compile/internal/amd64	interpreted	multi-package-interpreted	whole-package Go source: compiled is the supported path (operator decision 2026-10-04, ratified in Sprint 378); exclusion applies to ONE test, TestGoAMD64v1, which runs objdump on its own test binary to check the instruction set of generated machine code; under an interpreter there is no such binary. The package's other nine tests pass		package	FAIL	CATALOG	EXCLUDED-NEW	7.402
PASS	package:cmd/compile/internal/amd64	native				package	PASS	-	-	0.996
PASS	package:cmd/compile/internal/base	compiled				package	PASS	-	-	1.11
PASS	package:cmd/compile/internal/base	interpreted	multi-package-interpreted	whole-package Go source uses the compiled Go island path (operator decision 2026-10-04, Sprint 378); interpreted observations retain historical evidence without script pass credit		package	PASS	-	-	7.626
PASS	package:cmd/compile/internal/base	native				package	PASS	-	-	0.003
PASS	package:cmd/compile/internal/compare	compiled				package	PASS	-	-	0.747
PASS	package:cmd/compile/internal/compare	interpreted	multi-package-interpreted	whole-package Go source uses the compiled Go island path (operator decision 2026-10-04, Sprint 378); interpreted observations retain historical evidence without script pass credit		package	PASS	-	-	3.216
PASS	package:cmd/compile/internal/compare	native				package	PASS	-	-	0.003
PASS	package:cmd/compile/internal/devirtualize	compiled				package	PASS	-	-	0.921
PASS	package:cmd/compile/internal/devirtualize	interpreted	multi-package-interpreted	whole-package Go source uses the compiled Go island path (operator decision 2026-10-04, Sprint 378); interpreted observations retain historical evidence without script pass credit		package	PASS	-	-	4.621
PASS	package:cmd/compile/internal/devirtualize	native				package	PASS	-	-	0.003
PASS	package:cmd/compile/internal/dwarfgen	compiled				package	PASS	-	-	1.763
PASS	package:cmd/compile/internal/dwarfgen	interpreted	multi-package-interpreted	whole-package Go source uses the compiled Go island path (operator decision 2026-10-04, Sprint 378); interpreted observations retain historical evidence without script pass credit		package	PASS	-	-	46.475
PASS	package:cmd/compile/internal/dwarfgen	native				package	PASS	-	-	0.223
PASS	package:cmd/compile/internal/importer	compiled				package	PASS	-	-	14.096
EXCLUDED	package:cmd/compile/internal/importer	interpreted	multi-package-interpreted	whole-package Go source: compiled is the supported path (operator decision 2026-10-04, ratified in Sprint 378); observed: sum of about 375 subtests at 2.5 s each		package	FAIL	CATALOG	EXCLUDED-NEW	607.646
PASS	package:cmd/compile/internal/importer	native				package	PASS	-	-	11.253
PASS	package:cmd/compile/internal/inline/inlheur	compiled				package	PASS	-	-	1.919
PASS	package:cmd/compile/internal/inline/inlheur	interpreted	multi-package-interpreted	whole-package Go source uses the compiled Go island path (operator decision 2026-10-04, Sprint 378); interpreted observations retain historical evidence without script pass credit		package	PASS	-	-	29.003
PASS	package:cmd/compile/internal/inline/inlheur	native				package	PASS	-	-	0.223
PASS	package:cmd/compile/internal/ir	compiled				package	PASS	-	-	2.348
PASS	package:cmd/compile/internal/ir	interpreted	multi-package-interpreted	whole-package Go source uses the compiled Go island path (operator decision 2026-10-04, Sprint 378); interpreted observations retain historical evidence without script pass credit		package	PASS	-	-	17.403
PASS	package:cmd/compile/internal/ir	native				package	PASS	-	-	0.003
PASS	package:cmd/compile/internal/liveness	compiled				package	PASS	-	-	1.3780000000000001
PASS	package:cmd/compile/internal/liveness	interpreted	multi-package-interpreted	whole-package Go source uses the compiled Go island path (operator decision 2026-10-04, Sprint 378); interpreted observations retain historical evidence without script pass credit		package	PASS	-	FIXED	31.484
PASS	package:cmd/compile/internal/liveness	native				package	PASS	-	-	0.011
PASS	package:cmd/compile/internal/logopt	compiled				package	PASS	-	-	1.233
PASS	package:cmd/compile/internal/logopt	interpreted	multi-package-interpreted	whole-package Go source uses the compiled Go island path (operator decision 2026-10-04, Sprint 378); interpreted observations retain historical evidence without script pass credit		package	PASS	-	-	4.641
PASS	package:cmd/compile/internal/logopt	native				package	PASS	-	-	0.158
PASS	package:cmd/compile/internal/loopvar	compiled				package	PASS	-	-	15.961
PASS	package:cmd/compile/internal/loopvar	interpreted	multi-package-interpreted	whole-package Go source uses the compiled Go island path (operator decision 2026-10-04, Sprint 378); interpreted observations retain historical evidence without script pass credit		package	PASS	-	-	16.764
PASS	package:cmd/compile/internal/loopvar	native				package	PASS	-	-	13.135
PASS	package:cmd/compile/internal/noder	compiled				package	PASS	-	-	3.565
PASS	package:cmd/compile/internal/noder	interpreted	multi-package-interpreted	whole-package Go source uses the compiled Go island path (operator decision 2026-10-04, Sprint 378); interpreted observations retain historical evidence without script pass credit		package	PASS	-	-	19.138
PASS	package:cmd/compile/internal/noder	native				package	PASS	-	-	0.003
PASS	package:cmd/compile/internal/rangefunc	compiled				package	PASS	-	-	1.246
PASS	package:cmd/compile/internal/rangefunc	interpreted	multi-package-interpreted	whole-package Go source uses the compiled Go island path (operator decision 2026-10-04, Sprint 378); interpreted observations retain historical evidence without script pass credit		package	PASS	-	-	2.975
PASS	package:cmd/compile/internal/rangefunc	native				package	PASS	-	-	0.003
PASS	package:cmd/compile/internal/reflectdata	compiled				package	PASS	-	-	2.471
PASS	package:cmd/compile/internal/reflectdata	interpreted	multi-package-interpreted	whole-package Go source uses the compiled Go island path (operator decision 2026-10-04, Sprint 378); interpreted observations retain historical evidence without script pass credit		package	PASS	-	-	7.205
PASS	package:cmd/compile/internal/reflectdata	native				package	PASS	-	-	0.002
PASS	package:cmd/compile/internal/ssa	compiled				package	PASS	-	-	142.436
EXCLUDED	package:cmd/compile/internal/ssa	interpreted	multi-package-interpreted	whole-package Go source: compiled is the supported path (operator decision 2026-10-04, ratified in Sprint 378); observed: seven engine fixes landed (slice headers, pool puts, call-result element address); of 9 tests run singly 4 passed, 2 hit the address bug since fixed, 3 exceeded four minutes		package	FAIL	CATALOG	EXCLUDED-NEW	460.443
PASS	package:cmd/compile/internal/ssa	native				package	PASS	-	-	44.491
PASS	package:cmd/compile/internal/ssagen	compiled				package	PASS	-	-	5.783
PASS	package:cmd/compile/internal/ssagen	interpreted	multi-package-interpreted	whole-package Go source uses the compiled Go island path (operator decision 2026-10-04, Sprint 378); interpreted observations retain historical evidence without script pass credit		package	PASS	-	-	23.266
PASS	package:cmd/compile/internal/ssagen	native				package	PASS	-	-	0.006
PASS	package:cmd/compile/internal/syntax	compiled				package	PASS	-	-	4.53
EXCLUDED	package:cmd/compile/internal/syntax	interpreted	multi-package-interpreted	whole-package Go source: compiled is the supported path (operator decision 2026-10-04, ratified in Sprint 378); observed: collector pacing and allocation churn (story e6ead980); TestStdLib volume		package	FAIL	CATALOG	EXCLUDED-NEW	614.642
PASS	package:cmd/compile/internal/syntax	native				package	PASS	-	-	1.987
PASS	package:cmd/compile/internal/test	compiled				package	PASS	-	-	14.26
EXCLUDED	package:cmd/compile/internal/test	interpreted	multi-package-interpreted	whole-package Go source: compiled is the supported path (operator decision 2026-10-04, ratified in Sprint 378); observed: time: TestComparePanic alone takes 353 s on Linux		package	FAIL	CATALOG	EXCLUDED-NEW	619.769
PASS	package:cmd/compile/internal/test	native				package	PASS	-	-	28.73
PASS	package:cmd/compile/internal/typecheck	compiled				package	PASS	-	-	1.798
PASS	package:cmd/compile/internal/typecheck	interpreted	multi-package-interpreted	whole-package Go source uses the compiled Go island path (operator decision 2026-10-04, Sprint 378); interpreted observations retain historical evidence without script pass credit		package	PASS	-	-	9.659
PASS	package:cmd/compile/internal/typecheck	native				package	PASS	-	-	0.147
PASS	package:cmd/compile/internal/types	compiled				package	PASS	-	-	1.8719999999999999
PASS	package:cmd/compile/internal/types	interpreted	multi-package-interpreted	whole-package Go source uses the compiled Go island path (operator decision 2026-10-04, Sprint 378); interpreted observations retain historical evidence without script pass credit		package	PASS	-	-	7.372
PASS	package:cmd/compile/internal/types	native				package	PASS	-	-	0.003
PASS	package:cmd/compile/internal/types2	compiled				package	PASS	-	-	11.332
EXCLUDED	package:cmd/compile/internal/types2	interpreted	multi-package-interpreted	whole-package Go source: compiled is the supported path (operator decision 2026-10-04, ratified in Sprint 378); observed: collector pacing and allocation churn (story e6ead980)		package	FAIL	CATALOG	EXCLUDED-NEW	698.213
PASS	package:cmd/compile/internal/types2	native				package	PASS	-	-	5.925
PASS	package:cmd/internal/testdir	compiled				package	PASS	-	-	87.151
EXCLUDED	package:cmd/internal/testdir	interpreted	multi-package-interpreted	whole-package Go source: compiled is the supported path (operator decision 2026-10-04, ratified in Sprint 378); observed: time: 1,256 subtests pass, 0 fail, then the 10-minute limit		package	FAIL	CATALOG	EXCLUDED-NEW	605.016
PASS	package:cmd/internal/testdir	native				package	PASS	-	-	84.415
PASS	package:go/types	compiled				package	PASS	-	-	13.692
EXCLUDED	package:go/types	interpreted	multi-package-interpreted	whole-package Go source: compiled is the supported path (operator decision 2026-10-04, ratified in Sprint 378); observed: collector pacing and allocation churn (story e6ead980)		package	FAIL	CATALOG	EXCLUDED-NEW	685.386
PASS	package:go/types	native				package	PASS	-	-	7.425
PASS	package:internal/types/errors	compiled				package	PASS	-	-	2.219
PASS	package:internal/types/errors	interpreted	multi-package-interpreted	whole-package Go source uses the compiled Go island path (operator decision 2026-10-04, Sprint 378); interpreted observations retain historical evidence without script pass credit		package	PASS	-	-	4.563
PASS	package:internal/types/errors	native				package	PASS	-	-	0.143
PASS	testdir:235.go	compiled				testdir	PASS	-	-	0.36
PASS	testdir:235.go	interpreted				testdir	PASS	-	-	0.23
PASS	testdir:235.go	native				testdir	PASS	-	-	4.11
PASS	testdir:64bit.go	compiled				testdir	PASS	-	-	3.01
PASS	testdir:64bit.go	interpreted	compute-bound	a CPU-bound loop whose interpreted evaluation exceeds the fixed 60 s leaf deadline (observed: evaluation); it shows no overhead a script would feel; put CPU-bound loops in a Go fence or embed		testdir	PASS	-	CARRIED-376	34.13
PASS	testdir:64bit.go	native				testdir	PASS	-	-	0.68
PASS	testdir:abi/bad_internal_offsets.go	compiled				testdir	PASS	-	-	0.05
PASS	testdir:abi/bad_internal_offsets.go	interpreted				testdir	PASS	-	-	0.01
PASS	testdir:abi/bad_internal_offsets.go	native				testdir	PASS	-	-	0.01
PASS	testdir:abi/bad_select_crash.go	compiled				testdir	PASS	-	-	0.3
PASS	testdir:abi/bad_select_crash.go	interpreted				testdir	PASS	-	-	0.06
PASS	testdir:abi/bad_select_crash.go	native				testdir	PASS	-	-	0.13
PASS	testdir:abi/convF_criteria.go	compiled				testdir	PASS	-	-	0.26
PASS	testdir:abi/convF_criteria.go	interpreted				testdir	PASS	-	-	0.93
PASS	testdir:abi/convF_criteria.go	native				testdir	PASS	-	-	0.06
PASS	testdir:abi/convT64_criteria.go	compiled				testdir	PASS	-	-	0.27
PASS	testdir:abi/convT64_criteria.go	interpreted				testdir	PASS	-	-	0.93
PASS	testdir:abi/convT64_criteria.go	native				testdir	PASS	-	-	0.06
PASS	testdir:abi/defer_aggregate.go	compiled				testdir	PASS	-	-	0.15
PASS	testdir:abi/defer_aggregate.go	interpreted				testdir	PASS	-	-	0.02
PASS	testdir:abi/defer_aggregate.go	native				testdir	PASS	-	-	0.04
PASS	testdir:abi/defer_recover_results.go	compiled				testdir	PASS	-	-	0.14
PASS	testdir:abi/defer_recover_results.go	interpreted				testdir	PASS	-	-	0.02
PASS	testdir:abi/defer_recover_results.go	native				testdir	PASS	-	-	0.05
PASS	testdir:abi/double_nested_addressed_struct.go	compiled				testdir	PASS	-	-	0.27
PASS	testdir:abi/double_nested_addressed_struct.go	interpreted				testdir	PASS	-	-	0.9
PASS	testdir:abi/double_nested_addressed_struct.go	native				testdir	PASS	-	-	0.07
PASS	testdir:abi/double_nested_struct.go	compiled				testdir	PASS	-	-	0.26
PASS	testdir:abi/double_nested_struct.go	interpreted				testdir	PASS	-	-	0.89
PASS	testdir:abi/double_nested_struct.go	native				testdir	PASS	-	-	0.06
PASS	testdir:abi/f_ret_z_not.go	compiled				testdir	PASS	-	-	0.26
PASS	testdir:abi/f_ret_z_not.go	interpreted				testdir	PASS	-	-	0.89
PASS	testdir:abi/f_ret_z_not.go	native				testdir	PASS	-	-	0.06
PASS	testdir:abi/fibish.go	compiled				testdir	PASS	-	-	0.47
PASS	testdir:abi/fibish.go	interpreted				testdir	PASS	-	-	9.75
PASS	testdir:abi/fibish.go	native				testdir	PASS	-	-	0.28
PASS	testdir:abi/fibish_closure.go	compiled				testdir	PASS	-	-	0.47
EXCLUDED	testdir:abi/fibish_closure.go	interpreted	compute-bound	a CPU-bound loop whose interpreted evaluation exceeds the fixed 60 s leaf deadline (observed: evaluation); it shows no overhead a script would feel; put CPU-bound loops in a Go fence or embed	testdir_test.go:153: command exceeded time limit	testdir	FAIL	CATALOG	CARRIED-376	61.01
PASS	testdir:abi/fibish_closure.go	native				testdir	PASS	-	-	0.29
PASS	testdir:abi/fuzz_trailing_zero_field.go	compiled				testdir	PASS	-	-	0.13
PASS	testdir:abi/fuzz_trailing_zero_field.go	interpreted				testdir	PASS	-	-	0.02
PASS	testdir:abi/fuzz_trailing_zero_field.go	native				testdir	PASS	-	-	0.04
PASS	testdir:abi/idata.go	compiled				testdir	PASS	-	-	0.38
PASS	testdir:abi/idata.go	interpreted				testdir	PASS	-	-	1.24
PASS	testdir:abi/idata.go	native				testdir	PASS	-	-	0.07
PASS	testdir:abi/leaf.go	compiled				testdir	PASS	-	-	0.25
PASS	testdir:abi/leaf.go	interpreted				testdir	PASS	-	-	0.93
PASS	testdir:abi/leaf.go	native				testdir	PASS	-	-	0.06
PASS	testdir:abi/leaf2.go	compiled				testdir	PASS	-	-	0.26
PASS	testdir:abi/leaf2.go	interpreted				testdir	PASS	-	-	0.88
PASS	testdir:abi/leaf2.go	native				testdir	PASS	-	-	0.06
PASS	testdir:abi/many_int_input.go	compiled				testdir	PASS	-	-	0.26
PASS	testdir:abi/many_int_input.go	interpreted				testdir	PASS	-	-	0.91
PASS	testdir:abi/many_int_input.go	native				testdir	PASS	-	-	0.06
PASS	testdir:abi/many_intstar_input.go	compiled				testdir	PASS	-	-	0.27
PASS	testdir:abi/many_intstar_input.go	interpreted				testdir	PASS	-	-	0.87
PASS	testdir:abi/many_intstar_input.go	native				testdir	PASS	-	-	0.06
PASS	testdir:abi/map.go	compiled				testdir	PASS	-	-	0.22
PASS	testdir:abi/map.go	interpreted				testdir	PASS	-	-	0.87
PASS	testdir:abi/map.go	native				testdir	PASS	-	-	0.04
PASS	testdir:abi/method_wrapper.go	compiled				testdir	PASS	-	-	0.13
PASS	testdir:abi/method_wrapper.go	interpreted				testdir	PASS	-	-	0.02
PASS	testdir:abi/method_wrapper.go	native				testdir	PASS	-	-	0.04
PASS	testdir:abi/more_intstar_input.go	compiled				testdir	PASS	-	-	0.13
PASS	testdir:abi/more_intstar_input.go	interpreted				testdir	PASS	-	-	0.03
PASS	testdir:abi/more_intstar_input.go	native				testdir	PASS	-	-	0.04
PASS	testdir:abi/named_results.go	compiled				testdir	PASS	-	-	0.27
PASS	testdir:abi/named_results.go	interpreted				testdir	PASS	-	-	0.86
PASS	testdir:abi/named_results.go	native				testdir	PASS	-	-	0.06
PASS	testdir:abi/named_return_stuff.go	compiled				testdir	PASS	-	-	0.26
PASS	testdir:abi/named_return_stuff.go	interpreted				testdir	PASS	-	-	0.88
PASS	testdir:abi/named_return_stuff.go	native				testdir	PASS	-	-	0.06
PASS	testdir:abi/open_defer_1.go	compiled				testdir	PASS	-	-	0.14
PASS	testdir:abi/open_defer_1.go	interpreted				testdir	PASS	-	-	0.03
PASS	testdir:abi/open_defer_1.go	native				testdir	PASS	-	-	0.04
PASS	testdir:abi/part_live.go	compiled				testdir	PASS	-	-	0.22
PASS	testdir:abi/part_live.go	interpreted	unsafe-reinterpretation	unsafe.Pointer memory reinterpretation: the interpreter has no native memory model		testdir	PASS	-	-	0.88
PASS	testdir:abi/part_live.go	native				testdir	PASS	-	-	0.05
PASS	testdir:abi/part_live_2.go	compiled				testdir	PASS	-	-	0.22
PASS	testdir:abi/part_live_2.go	interpreted	unsafe-reinterpretation	unsafe.Pointer memory reinterpretation: the interpreter has no native memory model		testdir	PASS	-	-	0.89
PASS	testdir:abi/part_live_2.go	native				testdir	PASS	-	-	0.04
PASS	testdir:abi/reg_not_ssa.go	compiled				testdir	PASS	-	-	0.14
PASS	testdir:abi/reg_not_ssa.go	interpreted				testdir	PASS	-	-	0.02
PASS	testdir:abi/reg_not_ssa.go	native				testdir	PASS	-	-	0.04
PASS	testdir:abi/result_live.go	compiled				testdir	PASS	-	-	0.04
EXCLUDED	testdir:abi/result_live.go	interpreted	compiler-diagnostic	test asserts gc optimizer output (-m/-d=); an interpreter has no optimizer to report on	testdir_test.go:153: Bash++ backend unsupported: optimizer diagnostics are a compiler artifact; the check interface has no inlining, escape-analysis or SSA meaning	testdir	FAIL	CATALOG	EXCLUDED	0
PASS	testdir:abi/result_live.go	native				testdir	PASS	-	-	0.01
PASS	testdir:abi/result_regalloc.go	compiled				testdir	PASS	-	-	0.14
PASS	testdir:abi/result_regalloc.go	interpreted				testdir	PASS	-	-	0.02
PASS	testdir:abi/result_regalloc.go	native				testdir	PASS	-	-	0.05
PASS	testdir:abi/return_stuff.go	compiled				testdir	PASS	-	-	0.26
PASS	testdir:abi/return_stuff.go	interpreted				testdir	PASS	-	-	0.87
PASS	testdir:abi/return_stuff.go	native				testdir	PASS	-	-	0.06
PASS	testdir:abi/s_sif_sif.go	compiled				testdir	PASS	-	-	0.24
PASS	testdir:abi/s_sif_sif.go	interpreted				testdir	PASS	-	-	0.85
PASS	testdir:abi/s_sif_sif.go	native				testdir	PASS	-	-	0.06
PASS	testdir:abi/spills3.go	compiled				testdir	PASS	-	-	0.24
PASS	testdir:abi/spills3.go	interpreted				testdir	PASS	-	-	0.85
PASS	testdir:abi/spills3.go	native				testdir	PASS	-	-	0.06
PASS	testdir:abi/spills4.go	compiled				testdir	PASS	-	-	0.25
PASS	testdir:abi/spills4.go	interpreted				testdir	PASS	-	-	0.88
PASS	testdir:abi/spills4.go	native				testdir	PASS	-	-	0.07
PASS	testdir:abi/store_reg_args.go	compiled				testdir	PASS	-	-	0.13
PASS	testdir:abi/store_reg_args.go	interpreted				testdir	PASS	-	-	0.02
PASS	testdir:abi/store_reg_args.go	native				testdir	PASS	-	-	0.05
PASS	testdir:abi/struct_3_string_input.go	compiled				testdir	PASS	-	-	0.27
PASS	testdir:abi/struct_3_string_input.go	interpreted				testdir	PASS	-	-	0.9
PASS	testdir:abi/struct_3_string_input.go	native				testdir	PASS	-	-	0.06
PASS	testdir:abi/struct_lower_1.go	compiled				testdir	PASS	-	-	0.25
PASS	testdir:abi/struct_lower_1.go	interpreted				testdir	PASS	-	-	0.9
PASS	testdir:abi/struct_lower_1.go	native				testdir	PASS	-	-	0.06
PASS	testdir:abi/too_big_to_ssa.go	compiled				testdir	PASS	-	-	0.26
PASS	testdir:abi/too_big_to_ssa.go	interpreted				testdir	PASS	-	-	0.95
PASS	testdir:abi/too_big_to_ssa.go	native				testdir	PASS	-	-	0.07
PASS	testdir:abi/uglyfib.go	compiled				testdir	PASS	-	-	0.66
EXCLUDED	testdir:abi/uglyfib.go	interpreted	compute-bound	a CPU-bound loop whose interpreted evaluation exceeds the fixed 60 s leaf deadline (observed: evaluation); it shows no overhead a script would feel; put CPU-bound loops in a Go fence or embed	testdir_test.go:153: command exceeded time limit	testdir	FAIL	CATALOG	CARRIED-376	61.01
PASS	testdir:abi/uglyfib.go	native				testdir	PASS	-	-	0.48
PASS	testdir:abi/wrapdefer_largetmp.go	compiled				testdir	PASS	-	-	0.13
PASS	testdir:abi/wrapdefer_largetmp.go	interpreted				testdir	PASS	-	-	0.02
PASS	testdir:abi/wrapdefer_largetmp.go	native				testdir	PASS	-	-	0.05
PASS	testdir:abi/zombie_struct_select.go	compiled				testdir	PASS	-	-	0.13
PASS	testdir:abi/zombie_struct_select.go	interpreted				testdir	PASS	-	-	0.02
PASS	testdir:abi/zombie_struct_select.go	native				testdir	PASS	-	-	0.05
PASS	testdir:alg.go	compiled				testdir	PASS	-	-	0.27
PASS	testdir:alg.go	interpreted				testdir	PASS	-	-	0.06
PASS	testdir:alg.go	native				testdir	PASS	-	-	0.13
PASS	testdir:alias.go	compiled				testdir	PASS	-	-	0.06
PASS	testdir:alias.go	interpreted				testdir	PASS	-	-	0.06
PASS	testdir:alias.go	native				testdir	PASS	-	-	0.01
PASS	testdir:alias1.go	compiled				testdir	PASS	-	-	0.14
PASS	testdir:alias1.go	interpreted				testdir	PASS	-	-	0.03
PASS	testdir:alias1.go	native				testdir	PASS	-	-	0.05
PASS	testdir:alias2.go	compiled				testdir	PASS	-	-	0.06
PASS	testdir:alias2.go	interpreted				testdir	PASS	-	-	0.06
PASS	testdir:alias2.go	native				testdir	PASS	-	-	0.01
PASS	testdir:alias3.go	compiled				testdir	PASS	-	-	0.42
PASS	testdir:alias3.go	interpreted				testdir	PASS	-	-	1.32
PASS	testdir:alias3.go	native				testdir	PASS	-	-	0.11
PASS	testdir:align.go	compiled				testdir	PASS	-	-	0.14
PASS	testdir:align.go	interpreted				testdir	PASS	-	-	0.02
PASS	testdir:align.go	native				testdir	PASS	-	-	0.05
PASS	testdir:append.go	compiled				testdir	PASS	-	-	0.32
PASS	testdir:append.go	interpreted				testdir	PASS	-	-	2.13
PASS	testdir:append.go	native				testdir	PASS	-	-	0.09
PASS	testdir:append1.go	compiled				testdir	PASS	-	-	0.01
PASS	testdir:append1.go	interpreted				testdir	PASS	-	-	0.01
PASS	testdir:append1.go	native				testdir	PASS	-	-	0.01
PASS	testdir:arenas/smoke.go	compiled				testdir	PASS	-	-	0.38
PASS	testdir:arenas/smoke.go	interpreted				testdir	PASS	-	-	0.11
PASS	testdir:arenas/smoke.go	native				testdir	PASS	-	-	3.9
PASS	testdir:args.go	compiled				testdir	PASS	-	-	0.24
PASS	testdir:args.go	interpreted				testdir	PASS	-	-	0.92
PASS	testdir:args.go	native				testdir	PASS	-	-	0.09
PASS	testdir:armimm.go	compiled				testdir	PASS	-	-	0.29
PASS	testdir:armimm.go	interpreted				testdir	PASS	-	-	0.92
PASS	testdir:armimm.go	native				testdir	PASS	-	-	0.07
PASS	testdir:asmhdr.go	compiled				testdir	PASS	-	-	0.17
EXCLUDED	testdir:asmhdr.go	interpreted	assembly-input	tests the gc toolchain itself, not Go language behaviour: a buildrundir test whose package includes a Go assembly (.s) file and the generated go_asm.h header	testdir_test.go:153: Bash++ backend unsupported generate phase: compile input "/SRV is not a Go source file	testdir	FAIL	CATALOG	EXCLUDED-NEW	0
PASS	testdir:asmhdr.go	native				testdir	PASS	-	-	0.11
PASS	testdir:assign.go	compiled				testdir	PASS	-	-	0.1
PASS	testdir:assign.go	interpreted				testdir	PASS	-	-	0.09
PASS	testdir:assign.go	native				testdir	PASS	-	-	0.01
PASS	testdir:assign1.go	compiled				testdir	PASS	-	-	0.01
PASS	testdir:assign1.go	interpreted				testdir	PASS	-	-	0.01
PASS	testdir:assign1.go	native				testdir	PASS	-	-	0.01
PASS	testdir:atomicload.go	compiled				testdir	PASS	-	-	0.14
PASS	testdir:atomicload.go	interpreted				testdir	PASS	-	-	10.45
PASS	testdir:atomicload.go	native				testdir	PASS	-	-	0.05
PASS	testdir:bigalg.go	compiled				testdir	PASS	-	-	0.16
PASS	testdir:bigalg.go	interpreted				testdir	PASS	-	-	0.03
PASS	testdir:bigalg.go	native				testdir	PASS	-	-	0.05
PASS	testdir:bigmap.go	compiled				testdir	PASS	-	-	0.15
PASS	testdir:bigmap.go	interpreted				testdir	PASS	-	-	0.08
PASS	testdir:bigmap.go	native				testdir	PASS	-	-	0.05
PASS	testdir:blank.go	compiled				testdir	PASS	-	-	0.36
PASS	testdir:blank.go	interpreted				testdir	PASS	-	-	1.14
PASS	testdir:blank.go	native				testdir	PASS	-	-	0.06
PASS	testdir:blank1.go	compiled				testdir	PASS	-	-	0.01
PASS	testdir:blank1.go	interpreted				testdir	PASS	-	-	0.01
PASS	testdir:blank1.go	native				testdir	PASS	-	-	0.01
PASS	testdir:bloop.go	compiled				testdir	PASS	-	-	0.11
EXCLUDED	testdir:bloop.go	interpreted	compiler-diagnostic	test asserts gc optimizer output (-m/-d=); an interpreter has no optimizer to report on	testdir_test.go:153: Bash++ backend unsupported: optimizer diagnostics are a compiler artifact; the check interface has no inlining, escape-analysis or SSA meaning	testdir	FAIL	CATALOG	EXCLUDED	0
PASS	testdir:bloop.go	native				testdir	PASS	-	-	0.02
PASS	testdir:bom.go	compiled				testdir	PASS	-	-	0.51
PASS	testdir:bom.go	interpreted				testdir	PASS	-	-	1.03
PASS	testdir:bom.go	native				testdir	PASS	-	-	0.19
PASS	testdir:bombad.go	compiled				testdir	PASS	-	-	0.01
PASS	testdir:bombad.go	interpreted				testdir	PASS	-	-	0.01
PASS	testdir:bombad.go	native				testdir	PASS	-	-	0.01
PASS	testdir:bounds.go	compiled				testdir	PASS	-	-	0.1
EXCLUDED	testdir:bounds.go	interpreted	compiler-diagnostic	test asserts gc optimizer output (-m/-d=); an interpreter has no optimizer to report on	testdir_test.go:153: Bash++ backend unsupported: optimizer diagnostics are a compiler artifact; the check interface has no inlining, escape-analysis or SSA meaning	testdir	FAIL	CATALOG	EXCLUDED	0
PASS	testdir:bounds.go	native				testdir	PASS	-	-	0.03
PASS	testdir:cannotassign.go	compiled				testdir	PASS	-	-	0.01
PASS	testdir:cannotassign.go	interpreted				testdir	PASS	-	-	0.01
PASS	testdir:cannotassign.go	native				testdir	PASS	-	-	0.01
PASS	testdir:chan/doubleselect.go	compiled				testdir	PASS	-	-	0.33
PASS	testdir:chan/doubleselect.go	interpreted				testdir	PASS	-	-	2.56
PASS	testdir:chan/doubleselect.go	native				testdir	PASS	-	-	0.13
PASS	testdir:chan/fifo.go	compiled				testdir	PASS	-	-	0.24
PASS	testdir:chan/fifo.go	interpreted				testdir	PASS	-	-	0.9
PASS	testdir:chan/fifo.go	native				testdir	PASS	-	-	0.06
PASS	testdir:chan/goroutines.go	compiled				testdir	PASS	-	-	0.33
PASS	testdir:chan/goroutines.go	interpreted				testdir	PASS	-	-	6.59
PASS	testdir:chan/goroutines.go	native				testdir	PASS	-	-	0.09
PASS	testdir:chan/nonblock.go	compiled				testdir	PASS	-	-	0.32
PASS	testdir:chan/nonblock.go	interpreted				testdir	PASS	-	FIXED	1.08
PASS	testdir:chan/nonblock.go	native				testdir	PASS	-	-	0.07
PASS	testdir:chan/perm.go	compiled				testdir	PASS	-	-	0.02
PASS	testdir:chan/perm.go	interpreted				testdir	PASS	-	-	0.01
PASS	testdir:chan/perm.go	native				testdir	PASS	-	-	0.01
PASS	testdir:chan/powser1.go	compiled				testdir	PASS	-	-	0.31
PASS	testdir:chan/powser1.go	interpreted				testdir	PASS	-	-	1.06
PASS	testdir:chan/powser1.go	native				testdir	PASS	-	-	0.09
PASS	testdir:chan/powser2.go	compiled				testdir	PASS	-	-	0.33
PASS	testdir:chan/powser2.go	interpreted				testdir	PASS	-	-	1.19
PASS	testdir:chan/powser2.go	native				testdir	PASS	-	-	0.1
PASS	testdir:chan/select.go	compiled				testdir	PASS	-	-	0.14
PASS	testdir:chan/select.go	interpreted				testdir	PASS	-	-	0.02
PASS	testdir:chan/select.go	native				testdir	PASS	-	-	0.05
PASS	testdir:chan/select2.go	compiled				testdir	PASS	-	-	0.24
PASS	testdir:chan/select2.go	interpreted				testdir	PASS	-	-	1.89
PASS	testdir:chan/select2.go	native				testdir	PASS	-	-	0.08
PASS	testdir:chan/select3.go	compiled				testdir	PASS	-	-	0.34
PASS	testdir:chan/select3.go	interpreted				testdir	PASS	-	-	0.99
PASS	testdir:chan/select3.go	native				testdir	PASS	-	-	0.15
PASS	testdir:chan/select4.go	compiled				testdir	PASS	-	-	0.13
PASS	testdir:chan/select4.go	interpreted				testdir	PASS	-	-	0.02
PASS	testdir:chan/select4.go	native				testdir	PASS	-	-	0.05
PASS	testdir:chan/select5.go	compiled				testdir	PASS	-	-	1.71
PASS	testdir:chan/select5.go	interpreted				testdir	PASS	-	-	4.46
PASS	testdir:chan/select5.go	native				testdir	PASS	-	-	0.77
PASS	testdir:chan/select6.go	compiled				testdir	PASS	-	-	0.13
PASS	testdir:chan/select6.go	interpreted				testdir	PASS	-	-	0.02
PASS	testdir:chan/select6.go	native				testdir	PASS	-	-	0.05
PASS	testdir:chan/select7.go	compiled				testdir	PASS	-	-	0.21
PASS	testdir:chan/select7.go	interpreted				testdir	PASS	-	-	0.84
PASS	testdir:chan/select7.go	native				testdir	PASS	-	-	0.06
PASS	testdir:chan/select8.go	compiled				testdir	PASS	-	-	0.13
PASS	testdir:chan/select8.go	interpreted				testdir	PASS	-	-	0.02
PASS	testdir:chan/select8.go	native				testdir	PASS	-	-	0.05
PASS	testdir:chan/sendstmt.go	compiled				testdir	PASS	-	-	0.13
PASS	testdir:chan/sendstmt.go	interpreted				testdir	PASS	-	-	0.02
PASS	testdir:chan/sendstmt.go	native				testdir	PASS	-	-	0.05
PASS	testdir:chan/sieve1.go	compiled				testdir	PASS	-	-	0.12
PASS	testdir:chan/sieve1.go	interpreted				testdir	PASS	-	-	0.03
PASS	testdir:chan/sieve1.go	native				testdir	PASS	-	-	0.05
PASS	testdir:chan/sieve2.go	compiled				testdir	PASS	-	-	0.25
PASS	testdir:chan/sieve2.go	interpreted				testdir	PASS	-	-	0.97
PASS	testdir:chan/sieve2.go	native				testdir	PASS	-	-	0.06
PASS	testdir:chan/zerosize.go	compiled				testdir	PASS	-	-	0.14
PASS	testdir:chan/zerosize.go	interpreted				testdir	PASS	-	-	0.02
PASS	testdir:chan/zerosize.go	native				testdir	PASS	-	-	0.05
PASS	testdir:chancap.go	compiled				testdir	PASS	-	-	0.24
PASS	testdir:chancap.go	interpreted				testdir	PASS	-	-	0.84
PASS	testdir:chancap.go	native				testdir	PASS	-	-	0.05
PASS	testdir:chanlinear.go	compiled				testdir	PASS	-	-	0.28
PASS	testdir:chanlinear.go	interpreted				testdir	PASS	-	-	1.68
PASS	testdir:chanlinear.go	native				testdir	PASS	-	-	0.08
PASS	testdir:char_lit.go	compiled				testdir	PASS	-	-	0.24
PASS	testdir:char_lit.go	interpreted				testdir	PASS	-	-	0.88
PASS	testdir:char_lit.go	native				testdir	PASS	-	-	0.06
PASS	testdir:char_lit1.go	compiled				testdir	PASS	-	-	0.01
PASS	testdir:char_lit1.go	interpreted				testdir	PASS	-	-	0.01
PASS	testdir:char_lit1.go	native				testdir	PASS	-	-	0.01
PASS	testdir:checkbce.go	compiled				testdir	PASS	-	-	0.17
EXCLUDED	testdir:checkbce.go	interpreted	compiler-diagnostic	test asserts gc optimizer output (-m/-d=); an interpreter has no optimizer to report on	testdir_test.go:153: Bash++ backend unsupported: optimizer diagnostics are a compiler artifact; the check interface has no inlining, escape-analysis or SSA meaning	testdir	FAIL	CATALOG	EXCLUDED	0
PASS	testdir:checkbce.go	native				testdir	PASS	-	-	0.03
PASS	testdir:clear.go	compiled				testdir	PASS	-	-	0.2
PASS	testdir:clear.go	interpreted				testdir	PASS	-	-	0.72
PASS	testdir:clear.go	native				testdir	PASS	-	-	0.05
PASS	testdir:clearfat.go	compiled				testdir	PASS	-	-	3.66
PASS	testdir:clearfat.go	interpreted				testdir	PASS	-	-	4.44
PASS	testdir:clearfat.go	native				testdir	PASS	-	-	1.34
PASS	testdir:closedchan.go	compiled				testdir	PASS	-	-	0.3
PASS	testdir:closedchan.go	interpreted				testdir	PASS	-	-	1.09
PASS	testdir:closedchan.go	native				testdir	PASS	-	-	0.08
PASS	testdir:closure.go	compiled				testdir	PASS	-	-	0.25
EXCLUDED	testdir:closure.go	interpreted	gc-observation	runtime.ReadMemStats.Mallocs asserts that two interpreter-owned closures cause no native Go allocations	testdir_test.go:153: exit status 2	testdir	FAIL	CATALOG	EXCLUDED	0.92
PASS	testdir:closure.go	native				testdir	PASS	-	-	0.05
PASS	testdir:closure1.go	compiled				testdir	PASS	-	-	0.13
PASS	testdir:closure1.go	interpreted				testdir	PASS	-	-	0.02
PASS	testdir:closure1.go	native				testdir	PASS	-	-	0.05
PASS	testdir:closure2.go	compiled				testdir	PASS	-	-	0.15
PASS	testdir:closure2.go	interpreted				testdir	PASS	-	-	0.03
PASS	testdir:closure2.go	native				testdir	PASS	-	-	0.05
PASS	testdir:closure3.go	compiled				testdir	PASS	-	-	0.19
EXCLUDED	testdir:closure3.go	interpreted	compiler-diagnostic	tests the gc toolchain itself, not Go language behaviour: errorcheckandrundir with -m: asserts the inliner's 'can inline' decisions	testdir_test.go:1278: gc output:	testdir	FAIL	CATALOG	EXCLUDED-NEW	0.01
PASS	testdir:closure3.go	native				testdir	PASS	-	-	0.08
PASS	testdir:closure4.go	compiled				testdir	PASS	-	-	0.14
PASS	testdir:closure4.go	interpreted				testdir	PASS	-	-	0.02
PASS	testdir:closure4.go	native				testdir	PASS	-	-	0.05
PASS	testdir:closure5.go	compiled				testdir	PASS	-	-	0.08
PASS	testdir:closure5.go	interpreted				testdir	PASS	-	-	0.03
PASS	testdir:closure5.go	native				testdir	PASS	-	-	0.02
PASS	testdir:closure6.go	compiled				testdir	PASS	-	-	0.04
PASS	testdir:closure6.go	interpreted				testdir	PASS	-	-	0.01
PASS	testdir:closure6.go	native				testdir	PASS	-	-	0.01
PASS	testdir:closure7.go	compiled				testdir	PASS	-	-	0.13
PASS	testdir:closure7.go	interpreted				testdir	PASS	-	-	0.02
PASS	testdir:closure7.go	native				testdir	PASS	-	-	0.05
PASS	testdir:cmp.go	compiled				testdir	PASS	-	-	0.28
EXCLUDED	testdir:cmp.go	interpreted	unsafe-reinterpretation	unsafe.Pointer memory reinterpretation: the interpreter has no native memory model	testdir_test.go:153: exit status 2	testdir	FAIL	CATALOG	EXCLUDED	1.01
PASS	testdir:cmp.go	native				testdir	PASS	-	-	0.09
PASS	testdir:cmp6.go	compiled				testdir	PASS	-	-	0.01
PASS	testdir:cmp6.go	interpreted				testdir	PASS	-	-	0.01
PASS	testdir:cmp6.go	native				testdir	PASS	-	-	0.01
PASS	testdir:cmplx.go	compiled				testdir	PASS	-	-	0.01
PASS	testdir:cmplx.go	interpreted				testdir	PASS	-	-	0.01
PASS	testdir:cmplx.go	native				testdir	PASS	-	-	0.01
PASS	testdir:cmplxdivide.go	compiled				testdir	PASS	-	-	1.15
PASS	testdir:cmplxdivide.go	interpreted				testdir	PASS	-	-	1.57
PASS	testdir:cmplxdivide.go	native				testdir	PASS	-	-	0.43
SKIP	testdir:cmplxdivide1.go	compiled			testdir_test.go:565: skip	testdir	SKIP	-	-	0
SKIP	testdir:cmplxdivide1.go	interpreted			testdir_test.go:565: skip	testdir	SKIP	-	-	0
SKIP	testdir:cmplxdivide1.go	native			testdir_test.go:565: skip	testdir	SKIP	-	-	0
PASS	testdir:codegen/addrcalc.go	compiled				testdir	PASS	-	-	0.21
EXCLUDED	testdir:codegen/addrcalc.go	interpreted	asmcheck	test matches generated machine code (asmcheck); an interpreter emits none	testdir_test.go:791: linux/amd64/v1	testdir	FAIL	CATALOG	EXCLUDED	0
PASS	testdir:codegen/addrcalc.go	native				testdir	PASS	-	-	0.05
PASS	testdir:codegen/alloc.go	compiled				testdir	PASS	-	-	0.21
EXCLUDED	testdir:codegen/alloc.go	interpreted	asmcheck	test matches generated machine code (asmcheck); an interpreter emits none	testdir_test.go:791: linux/amd64/v1	testdir	FAIL	CATALOG	EXCLUDED	0
PASS	testdir:codegen/alloc.go	native				testdir	PASS	-	-	0.05
PASS	testdir:codegen/append.go	compiled				testdir	PASS	-	-	0.36
EXCLUDED	testdir:codegen/append.go	interpreted	asmcheck	test matches generated machine code (asmcheck); an interpreter emits none	testdir_test.go:791: linux/amd64/v1	testdir	FAIL	CATALOG	EXCLUDED	0
PASS	testdir:codegen/append.go	native				testdir	PASS	-	-	0.12
SKIP	testdir:codegen/append_freegc.go	compiled			testdir_test.go:531: //go:build goexperiment.runtimefreegc	testdir	SKIP	-	-	0
SKIP	testdir:codegen/append_freegc.go	interpreted			testdir_test.go:531: //go:build goexperiment.runtimefreegc	testdir	SKIP	-	-	0
SKIP	testdir:codegen/append_freegc.go	native			testdir_test.go:531: //go:build goexperiment.runtimefreegc	testdir	SKIP	-	-	0
PASS	testdir:codegen/arithmetic.go	compiled				testdir	PASS	-	-	0.4
EXCLUDED	testdir:codegen/arithmetic.go	interpreted	asmcheck	test matches generated machine code (asmcheck); an interpreter emits none	testdir_test.go:791: linux/amd64/v1	testdir	FAIL	CATALOG	EXCLUDED	0
PASS	testdir:codegen/arithmetic.go	native				testdir	PASS	-	-	0.11
PASS	testdir:codegen/atomics.go	compiled				testdir	PASS	-	-	0.31
EXCLUDED	testdir:codegen/atomics.go	interpreted	asmcheck	test matches generated machine code (asmcheck); an interpreter emits none	testdir_test.go:791: linux/amd64/v1	testdir	FAIL	CATALOG	EXCLUDED	0
PASS	testdir:codegen/atomics.go	native				testdir	PASS	-	-	0.07
PASS	testdir:codegen/bitfield.go	compiled				testdir	PASS	-	-	0
PASS	testdir:codegen/bitfield.go	interpreted				testdir	PASS	-	-	0
PASS	testdir:codegen/bitfield.go	native				testdir	PASS	-	-	0
PASS	testdir:codegen/bits.go	compiled				testdir	PASS	-	-	0.37
EXCLUDED	testdir:codegen/bits.go	interpreted	asmcheck	test matches generated machine code (asmcheck); an interpreter emits none	testdir_test.go:791: linux/amd64/v1	testdir	FAIL	CATALOG	EXCLUDED	0
PASS	testdir:codegen/bits.go	native				testdir	PASS	-	-	0.1
PASS	testdir:codegen/bmi.go	compiled				testdir	PASS	-	-	0.07
EXCLUDED	testdir:codegen/bmi.go	interpreted	asmcheck	test matches generated machine code (asmcheck); an interpreter emits none	testdir_test.go:791: linux/amd64/v3	testdir	FAIL	CATALOG	EXCLUDED	0
PASS	testdir:codegen/bmi.go	native				testdir	PASS	-	-	0.02
PASS	testdir:codegen/bool.go	compiled				testdir	PASS	-	-	0.35
EXCLUDED	testdir:codegen/bool.go	interpreted	asmcheck	test matches generated machine code (asmcheck); an interpreter emits none	testdir_test.go:791: linux/amd64/v1	testdir	FAIL	CATALOG	EXCLUDED	0
PASS	testdir:codegen/bool.go	native				testdir	PASS	-	-	0.08
PASS	testdir:codegen/clobberdead.go	compiled				testdir	PASS	-	-	0.24
EXCLUDED	testdir:codegen/clobberdead.go	interpreted	asmcheck	test matches generated machine code (asmcheck); an interpreter emits none	testdir_test.go:791: linux/amd64/v1	testdir	FAIL	CATALOG	EXCLUDED	0
PASS	testdir:codegen/clobberdead.go	native				testdir	PASS	-	-	0.05
PASS	testdir:codegen/clobberdeadreg.go	compiled				testdir	PASS	-	-	0.24
EXCLUDED	testdir:codegen/clobberdeadreg.go	interpreted	asmcheck	test matches generated machine code (asmcheck); an interpreter emits none	testdir_test.go:791: linux/amd64/v1	testdir	FAIL	CATALOG	EXCLUDED	0
PASS	testdir:codegen/clobberdeadreg.go	native				testdir	PASS	-	-	0.06
PASS	testdir:codegen/compare_and_branch.go	compiled				testdir	PASS	-	-	0
PASS	testdir:codegen/compare_and_branch.go	interpreted				testdir	PASS	-	-	0
PASS	testdir:codegen/compare_and_branch.go	native				testdir	PASS	-	-	0
PASS	testdir:codegen/comparisons.go	compiled				testdir	PASS	-	-	0.53
EXCLUDED	testdir:codegen/comparisons.go	interpreted	asmcheck	test matches generated machine code (asmcheck); an interpreter emits none	testdir_test.go:791: linux/amd64/v1	testdir	FAIL	CATALOG	EXCLUDED	0
PASS	testdir:codegen/comparisons.go	native				testdir	PASS	-	-	0.15
PASS	testdir:codegen/condmove.go	compiled				testdir	PASS	-	-	0.54
EXCLUDED	testdir:codegen/condmove.go	interpreted	asmcheck	test matches generated machine code (asmcheck); an interpreter emits none	testdir_test.go:791: linux/amd64/v1	testdir	FAIL	CATALOG	EXCLUDED	0
PASS	testdir:codegen/condmove.go	native				testdir	PASS	-	-	0.23
PASS	testdir:codegen/constants.go	compiled				testdir	PASS	-	-	0.23
EXCLUDED	testdir:codegen/constants.go	interpreted	asmcheck	test matches generated machine code (asmcheck); an interpreter emits none	testdir_test.go:791: linux/amd64/v1	testdir	FAIL	CATALOG	EXCLUDED	0
PASS	testdir:codegen/constants.go	native				testdir	PASS	-	-	0.06
PASS	testdir:codegen/copy.go	compiled				testdir	PASS	-	-	0.59
EXCLUDED	testdir:codegen/copy.go	interpreted	asmcheck	test matches generated machine code (asmcheck); an interpreter emits none	testdir_test.go:791: linux/amd64/v1	testdir	FAIL	CATALOG	EXCLUDED	0
PASS	testdir:codegen/copy.go	native				testdir	PASS	-	-	0.15
PASS	testdir:codegen/deadstore.go	compiled				testdir	PASS	-	-	0.21
EXCLUDED	testdir:codegen/deadstore.go	interpreted	asmcheck	test matches generated machine code (asmcheck); an interpreter emits none	testdir_test.go:791: linux/amd64/v1	testdir	FAIL	CATALOG	EXCLUDED	0
PASS	testdir:codegen/deadstore.go	native				testdir	PASS	-	-	0.06
PASS	testdir:codegen/divmod.go	compiled				testdir	PASS	-	-	0
PASS	testdir:codegen/divmod.go	interpreted				testdir	PASS	-	-	0.01
PASS	testdir:codegen/divmod.go	native				testdir	PASS	-	-	0
PASS	testdir:codegen/floats.go	compiled				testdir	PASS	-	-	0.39
EXCLUDED	testdir:codegen/floats.go	interpreted	asmcheck	test matches generated machine code (asmcheck); an interpreter emits none	testdir_test.go:791: linux/amd64/v1	testdir	FAIL	CATALOG	EXCLUDED	0
PASS	testdir:codegen/floats.go	native				testdir	PASS	-	-	0.11
PASS	testdir:codegen/fuse.go	compiled				testdir	PASS	-	-	0.5
EXCLUDED	testdir:codegen/fuse.go	interpreted	asmcheck	test matches generated machine code (asmcheck); an interpreter emits none	testdir_test.go:791: linux/amd64/v1	testdir	FAIL	CATALOG	EXCLUDED	0
PASS	testdir:codegen/fuse.go	native				testdir	PASS	-	-	0.15
PASS	testdir:codegen/generics.go	compiled				testdir	PASS	-	-	0.26
EXCLUDED	testdir:codegen/generics.go	interpreted	asmcheck	test matches generated machine code (asmcheck); an interpreter emits none	testdir_test.go:791: linux/amd64/v1	testdir	FAIL	CATALOG	EXCLUDED	0
PASS	testdir:codegen/generics.go	native				testdir	PASS	-	-	0.06
PASS	testdir:codegen/ifaces.go	compiled				testdir	PASS	-	-	0.27
EXCLUDED	testdir:codegen/ifaces.go	interpreted	asmcheck	test matches generated machine code (asmcheck); an interpreter emits none	testdir_test.go:791: linux/amd64/v1	testdir	FAIL	CATALOG	EXCLUDED	0
PASS	testdir:codegen/ifaces.go	native				testdir	PASS	-	-	0.07
PASS	testdir:codegen/issue22703.go	compiled				testdir	PASS	-	-	0.59
EXCLUDED	testdir:codegen/issue22703.go	interpreted	asmcheck	test matches generated machine code (asmcheck); an interpreter emits none	testdir_test.go:791: linux/amd64/v1	testdir	FAIL	CATALOG	EXCLUDED	0
PASS	testdir:codegen/issue22703.go	native				testdir	PASS	-	-	0.34
PASS	testdir:codegen/issue25378.go	compiled				testdir	PASS	-	-	0.24
EXCLUDED	testdir:codegen/issue25378.go	interpreted	asmcheck	test matches generated machine code (asmcheck); an interpreter emits none	testdir_test.go:791: linux/amd64/v1	testdir	FAIL	CATALOG	EXCLUDED	0
PASS	testdir:codegen/issue25378.go	native				testdir	PASS	-	-	0.05
PASS	testdir:codegen/issue31618.go	compiled				testdir	PASS	-	-	0.2
EXCLUDED	testdir:codegen/issue31618.go	interpreted	asmcheck	test matches generated machine code (asmcheck); an interpreter emits none	testdir_test.go:791: linux/amd64/v1	testdir	FAIL	CATALOG	EXCLUDED	0
PASS	testdir:codegen/issue31618.go	native				testdir	PASS	-	-	0.05
PASS	testdir:codegen/issue33580.go	compiled				testdir	PASS	-	-	0.22
EXCLUDED	testdir:codegen/issue33580.go	interpreted	asmcheck	test matches generated machine code (asmcheck); an interpreter emits none	testdir_test.go:791: linux/amd64/v1	testdir	FAIL	CATALOG	EXCLUDED	0
PASS	testdir:codegen/issue33580.go	native				testdir	PASS	-	-	0.05
PASS	testdir:codegen/issue38554.go	compiled				testdir	PASS	-	-	0.2
EXCLUDED	testdir:codegen/issue38554.go	interpreted	asmcheck	test matches generated machine code (asmcheck); an interpreter emits none	testdir_test.go:791: linux/amd64/v1	testdir	FAIL	CATALOG	EXCLUDED	0
PASS	testdir:codegen/issue38554.go	native				testdir	PASS	-	-	0.05
PASS	testdir:codegen/issue42610.go	compiled				testdir	PASS	-	-	0
PASS	testdir:codegen/issue42610.go	interpreted				testdir	PASS	-	-	0
PASS	testdir:codegen/issue42610.go	native				testdir	PASS	-	-	0
PASS	testdir:codegen/issue48054.go	compiled				testdir	PASS	-	-	0.23
EXCLUDED	testdir:codegen/issue48054.go	interpreted	asmcheck	test matches generated machine code (asmcheck); an interpreter emits none	testdir_test.go:791: linux/amd64/v1	testdir	FAIL	CATALOG	EXCLUDED	0
PASS	testdir:codegen/issue48054.go	native				testdir	PASS	-	-	0.05
PASS	testdir:codegen/issue52635.go	compiled				testdir	PASS	-	-	0.23
EXCLUDED	testdir:codegen/issue52635.go	interpreted	asmcheck	test matches generated machine code (asmcheck); an interpreter emits none	testdir_test.go:791: linux/amd64/v1	testdir	FAIL	CATALOG	EXCLUDED	0
PASS	testdir:codegen/issue52635.go	native				testdir	PASS	-	-	0.06
PASS	testdir:codegen/issue54467.go	compiled				testdir	PASS	-	-	0.24
EXCLUDED	testdir:codegen/issue54467.go	interpreted	asmcheck	test matches generated machine code (asmcheck); an interpreter emits none	testdir_test.go:791: linux/amd64/v1	testdir	FAIL	CATALOG	EXCLUDED	0
PASS	testdir:codegen/issue54467.go	native				testdir	PASS	-	-	0.06
PASS	testdir:codegen/issue56440.go	compiled				testdir	PASS	-	-	0.24
EXCLUDED	testdir:codegen/issue56440.go	interpreted	asmcheck	test matches generated machine code (asmcheck); an interpreter emits none	testdir_test.go:791: linux/amd64/v1	testdir	FAIL	CATALOG	EXCLUDED	0
PASS	testdir:codegen/issue56440.go	native				testdir	PASS	-	-	0.06
PASS	testdir:codegen/issue58166.go	compiled				testdir	PASS	-	-	0.24
EXCLUDED	testdir:codegen/issue58166.go	interpreted	asmcheck	test matches generated machine code (asmcheck); an interpreter emits none	testdir_test.go:791: linux/amd64/v1	testdir	FAIL	CATALOG	EXCLUDED	0
PASS	testdir:codegen/issue58166.go	native				testdir	PASS	-	-	0.06
PASS	testdir:codegen/issue59297.go	compiled				testdir	PASS	-	-	0.2
EXCLUDED	testdir:codegen/issue59297.go	interpreted	asmcheck	test matches generated machine code (asmcheck); an interpreter emits none	testdir_test.go:791: linux/amd64/v1	testdir	FAIL	CATALOG	EXCLUDED	0
PASS	testdir:codegen/issue59297.go	native				testdir	PASS	-	-	0.05
PASS	testdir:codegen/issue60324.go	compiled				testdir	PASS	-	-	0.22
EXCLUDED	testdir:codegen/issue60324.go	interpreted	asmcheck	test matches generated machine code (asmcheck); an interpreter emits none	testdir_test.go:791: linux/amd64/v1	testdir	FAIL	CATALOG	EXCLUDED	0
PASS	testdir:codegen/issue60324.go	native				testdir	PASS	-	-	0.06
PASS	testdir:codegen/issue60673.go	compiled				testdir	PASS	-	-	0
PASS	testdir:codegen/issue60673.go	interpreted				testdir	PASS	-	-	0
PASS	testdir:codegen/issue60673.go	native				testdir	PASS	-	-	0
PASS	testdir:codegen/issue61356.go	compiled				testdir	PASS	-	-	0.24
EXCLUDED	testdir:codegen/issue61356.go	interpreted	asmcheck	test matches generated machine code (asmcheck); an interpreter emits none	testdir_test.go:791: linux/amd64/v1	testdir	FAIL	CATALOG	EXCLUDED	0
PASS	testdir:codegen/issue61356.go	native				testdir	PASS	-	-	0.05
PASS	testdir:codegen/issue63332.go	compiled				testdir	PASS	-	-	0.22
EXCLUDED	testdir:codegen/issue63332.go	interpreted	asmcheck	test matches generated machine code (asmcheck); an interpreter emits none	testdir_test.go:791: linux/amd64/v1	testdir	FAIL	CATALOG	EXCLUDED	0
PASS	testdir:codegen/issue63332.go	native				testdir	PASS	-	-	0.05
PASS	testdir:codegen/issue66585.go	compiled				testdir	PASS	-	-	0.25
EXCLUDED	testdir:codegen/issue66585.go	interpreted	asmcheck	test matches generated machine code (asmcheck); an interpreter emits none	testdir_test.go:791: linux/amd64/v1	testdir	FAIL	CATALOG	EXCLUDED	0
PASS	testdir:codegen/issue66585.go	native				testdir	PASS	-	-	0.06
PASS	testdir:codegen/issue68845.go	compiled				testdir	PASS	-	-	0.24
EXCLUDED	testdir:codegen/issue68845.go	interpreted	asmcheck	test matches generated machine code (asmcheck); an interpreter emits none	testdir_test.go:791: linux/amd64/v1	testdir	FAIL	CATALOG	EXCLUDED	0
PASS	testdir:codegen/issue68845.go	native				testdir	PASS	-	-	0.07
PASS	testdir:codegen/issue69635.go	compiled				testdir	PASS	-	-	0.22
EXCLUDED	testdir:codegen/issue69635.go	interpreted	asmcheck	test matches generated machine code (asmcheck); an interpreter emits none	testdir_test.go:791: linux/amd64/v1	testdir	FAIL	CATALOG	EXCLUDED	0
PASS	testdir:codegen/issue69635.go	native				testdir	PASS	-	-	0.05
PASS	testdir:codegen/issue70409.go	compiled				testdir	PASS	-	-	0.23
EXCLUDED	testdir:codegen/issue70409.go	interpreted	asmcheck	test matches generated machine code (asmcheck); an interpreter emits none	testdir_test.go:791: linux/amd64/v1	testdir	FAIL	CATALOG	EXCLUDED	0
PASS	testdir:codegen/issue70409.go	native				testdir	PASS	-	-	0.06
PASS	testdir:codegen/issue72832.go	compiled				testdir	PASS	-	-	0.24
EXCLUDED	testdir:codegen/issue72832.go	interpreted	asmcheck	test matches generated machine code (asmcheck); an interpreter emits none	testdir_test.go:791: linux/amd64/v1	testdir	FAIL	CATALOG	EXCLUDED	0
PASS	testdir:codegen/issue72832.go	native				testdir	PASS	-	-	0.05
PASS	testdir:codegen/issue74485.go	compiled				testdir	PASS	-	-	0.2
EXCLUDED	testdir:codegen/issue74485.go	interpreted	asmcheck	test matches generated machine code (asmcheck); an interpreter emits none	testdir_test.go:791: linux/amd64/v1	testdir	FAIL	CATALOG	EXCLUDED	0
PASS	testdir:codegen/issue74485.go	native				testdir	PASS	-	-	0.06
PASS	testdir:codegen/issue74788.go	compiled				testdir	PASS	-	-	0.22
EXCLUDED	testdir:codegen/issue74788.go	interpreted	asmcheck	test matches generated machine code (asmcheck); an interpreter emits none	testdir_test.go:791: linux/amd64/v1	testdir	FAIL	CATALOG	EXCLUDED	0
PASS	testdir:codegen/issue74788.go	native				testdir	PASS	-	-	0.05
PASS	testdir:codegen/issue75203.go	compiled				testdir	PASS	-	-	0.6
EXCLUDED	testdir:codegen/issue75203.go	interpreted	asmcheck	test matches generated machine code (asmcheck); an interpreter emits none	testdir_test.go:791: linux/amd64/v1	testdir	FAIL	CATALOG	EXCLUDED	0
PASS	testdir:codegen/issue75203.go	native				testdir	PASS	-	-	0.2
PASS	testdir:codegen/issue77375.go	compiled				testdir	PASS	-	-	0.22
EXCLUDED	testdir:codegen/issue77375.go	interpreted	asmcheck	test matches generated machine code (asmcheck); an interpreter emits none	testdir_test.go:791: linux/amd64/v1	testdir	FAIL	CATALOG	EXCLUDED	0
PASS	testdir:codegen/issue77375.go	native				testdir	PASS	-	-	0.06
PASS	testdir:codegen/known_bits.go	compiled				testdir	PASS	-	-	0.2
EXCLUDED	testdir:codegen/known_bits.go	interpreted	asmcheck	test matches generated machine code (asmcheck); an interpreter emits none	testdir_test.go:791: linux/amd64/v1	testdir	FAIL	CATALOG	EXCLUDED	0
PASS	testdir:codegen/known_bits.go	native				testdir	PASS	-	-	0.06
PASS	testdir:codegen/load_type_from_itab.go	compiled				testdir	PASS	-	-	0.23
EXCLUDED	testdir:codegen/load_type_from_itab.go	interpreted	asmcheck	test matches generated machine code (asmcheck); an interpreter emits none	testdir_test.go:791: linux/amd64/v1	testdir	FAIL	CATALOG	EXCLUDED	0
PASS	testdir:codegen/load_type_from_itab.go	native				testdir	PASS	-	-	0.07
PASS	testdir:codegen/logic.go	compiled				testdir	PASS	-	-	0.26
EXCLUDED	testdir:codegen/logic.go	interpreted	asmcheck	test matches generated machine code (asmcheck); an interpreter emits none	testdir_test.go:791: linux/amd64/v1	testdir	FAIL	CATALOG	EXCLUDED	0
PASS	testdir:codegen/logic.go	native				testdir	PASS	-	-	0.06
PASS	testdir:codegen/mapaccess.go	compiled				testdir	PASS	-	-	0.47
EXCLUDED	testdir:codegen/mapaccess.go	interpreted	asmcheck	test matches generated machine code (asmcheck); an interpreter emits none	testdir_test.go:791: linux/amd64/v1	testdir	FAIL	CATALOG	EXCLUDED	0
PASS	testdir:codegen/mapaccess.go	native				testdir	PASS	-	-	0.13
PASS	testdir:codegen/maps.go	compiled				testdir	PASS	-	-	0.54
EXCLUDED	testdir:codegen/maps.go	interpreted	asmcheck	test matches generated machine code (asmcheck); an interpreter emits none	testdir_test.go:791: linux/amd64/v1	testdir	FAIL	CATALOG	EXCLUDED	0
PASS	testdir:codegen/maps.go	native				testdir	PASS	-	-	0.11
PASS	testdir:codegen/math.go	compiled				testdir	PASS	-	-	0.71
EXCLUDED	testdir:codegen/math.go	interpreted	asmcheck	test matches generated machine code (asmcheck); an interpreter emits none	testdir_test.go:791: linux/amd64/v1	testdir	FAIL	CATALOG	EXCLUDED	0
PASS	testdir:codegen/math.go	native				testdir	PASS	-	-	0.12
PASS	testdir:codegen/mathbits.go	compiled				testdir	PASS	-	-	0.44
EXCLUDED	testdir:codegen/mathbits.go	interpreted	asmcheck	test matches generated machine code (asmcheck); an interpreter emits none	testdir_test.go:791: linux/amd64/v1	testdir	FAIL	CATALOG	EXCLUDED	0.01
PASS	testdir:codegen/mathbits.go	native				testdir	PASS	-	-	0.16
PASS	testdir:codegen/memcombine.go	compiled				testdir	PASS	-	-	0.82
EXCLUDED	testdir:codegen/memcombine.go	interpreted	asmcheck	test matches generated machine code (asmcheck); an interpreter emits none	testdir_test.go:791: linux/amd64/v1	testdir	FAIL	CATALOG	EXCLUDED	0
PASS	testdir:codegen/memcombine.go	native				testdir	PASS	-	-	1.99
PASS	testdir:codegen/memcse.go	compiled				testdir	PASS	-	-	0
PASS	testdir:codegen/memcse.go	interpreted				testdir	PASS	-	-	0
PASS	testdir:codegen/memcse.go	native				testdir	PASS	-	-	0
PASS	testdir:codegen/memops.go	compiled				testdir	PASS	-	-	0.29
EXCLUDED	testdir:codegen/memops.go	interpreted	asmcheck	test matches generated machine code (asmcheck); an interpreter emits none	testdir_test.go:791: linux/amd64/v1	testdir	FAIL	CATALOG	EXCLUDED	0
PASS	testdir:codegen/memops.go	native				testdir	PASS	-	-	0.09
PASS	testdir:codegen/memops_bigoffset.go	compiled				testdir	PASS	-	-	0
PASS	testdir:codegen/memops_bigoffset.go	interpreted				testdir	PASS	-	-	0
PASS	testdir:codegen/memops_bigoffset.go	native				testdir	PASS	-	-	0
PASS	testdir:codegen/moveload.go	compiled				testdir	PASS	-	-	0.2
EXCLUDED	testdir:codegen/moveload.go	interpreted	asmcheck	test matches generated machine code (asmcheck); an interpreter emits none	testdir_test.go:791: linux/amd64/v1	testdir	FAIL	CATALOG	EXCLUDED	0
PASS	testdir:codegen/moveload.go	native				testdir	PASS	-	-	0.07
PASS	testdir:codegen/multiply.go	compiled				testdir	PASS	-	-	0.26
EXCLUDED	testdir:codegen/multiply.go	interpreted	asmcheck	test matches generated machine code (asmcheck); an interpreter emits none	testdir_test.go:791: linux/amd64/v1	testdir	FAIL	CATALOG	EXCLUDED	0
PASS	testdir:codegen/multiply.go	native				testdir	PASS	-	-	0.08
PASS	testdir:codegen/noextend.go	compiled				testdir	PASS	-	-	0
PASS	testdir:codegen/noextend.go	interpreted				testdir	PASS	-	-	0
PASS	testdir:codegen/noextend.go	native				testdir	PASS	-	-	0
PASS	testdir:codegen/race.go	compiled				testdir	PASS	-	-	0.19
EXCLUDED	testdir:codegen/race.go	interpreted	asmcheck	test matches generated machine code (asmcheck); an interpreter emits none	testdir_test.go:791: linux/amd64/v1	testdir	FAIL	CATALOG	EXCLUDED	0
PASS	testdir:codegen/race.go	native				testdir	PASS	-	-	0.07
PASS	testdir:codegen/reflect_type.go	compiled				testdir	PASS	-	-	0.5
EXCLUDED	testdir:codegen/reflect_type.go	interpreted	asmcheck	test matches generated machine code (asmcheck); an interpreter emits none	testdir_test.go:791: linux/amd64/v1	testdir	FAIL	CATALOG	EXCLUDED	0
PASS	testdir:codegen/reflect_type.go	native				testdir	PASS	-	-	1.91
PASS	testdir:codegen/regabi_regalloc.go	compiled				testdir	PASS	-	-	0.19
EXCLUDED	testdir:codegen/regabi_regalloc.go	interpreted	asmcheck	test matches generated machine code (asmcheck); an interpreter emits none	testdir_test.go:791: linux/amd64/v1	testdir	FAIL	CATALOG	EXCLUDED	0
PASS	testdir:codegen/regabi_regalloc.go	native				testdir	PASS	-	-	0.06
PASS	testdir:codegen/retpoline.go	compiled				testdir	PASS	-	-	0.2
EXCLUDED	testdir:codegen/retpoline.go	interpreted	asmcheck	test matches generated machine code (asmcheck); an interpreter emits none	testdir_test.go:791: linux/amd64/v1	testdir	FAIL	CATALOG	EXCLUDED	0
PASS	testdir:codegen/retpoline.go	native				testdir	PASS	-	-	0.06
PASS	testdir:codegen/rotate.go	compiled				testdir	PASS	-	-	0.28
EXCLUDED	testdir:codegen/rotate.go	interpreted	asmcheck	test matches generated machine code (asmcheck); an interpreter emits none	testdir_test.go:791: linux/amd64/v1	testdir	FAIL	CATALOG	EXCLUDED	0
PASS	testdir:codegen/rotate.go	native				testdir	PASS	-	-	0.07
PASS	testdir:codegen/schedule.go	compiled				testdir	PASS	-	-	0.25
EXCLUDED	testdir:codegen/schedule.go	interpreted	asmcheck	test matches generated machine code (asmcheck); an interpreter emits none	testdir_test.go:791: linux/amd64/v1	testdir	FAIL	CATALOG	EXCLUDED	0
PASS	testdir:codegen/schedule.go	native				testdir	PASS	-	-	0.06
PASS	testdir:codegen/select.go	compiled				testdir	PASS	-	-	0.2
EXCLUDED	testdir:codegen/select.go	interpreted	asmcheck	test matches generated machine code (asmcheck); an interpreter emits none	testdir_test.go:791: linux/amd64/v1	testdir	FAIL	CATALOG	EXCLUDED	0
PASS	testdir:codegen/select.go	native				testdir	PASS	-	-	0.06
PASS	testdir:codegen/shape_assert.go	compiled				testdir	PASS	-	-	0.26
EXCLUDED	testdir:codegen/shape_assert.go	interpreted	asmcheck	test matches generated machine code (asmcheck); an interpreter emits none	testdir_test.go:791: linux/amd64/v1	testdir	FAIL	CATALOG	EXCLUDED	0
PASS	testdir:codegen/shape_assert.go	native				testdir	PASS	-	-	0.08
PASS	testdir:codegen/shift.go	compiled				testdir	PASS	-	-	0.36
EXCLUDED	testdir:codegen/shift.go	interpreted	asmcheck	test matches generated machine code (asmcheck); an interpreter emits none	testdir_test.go:791: linux/amd64/v1	testdir	FAIL	CATALOG	EXCLUDED	0.01
PASS	testdir:codegen/shift.go	native				testdir	PASS	-	-	0.11
PASS	testdir:codegen/shortcircuit.go	compiled				testdir	PASS	-	-	0.21
EXCLUDED	testdir:codegen/shortcircuit.go	interpreted	asmcheck	test matches generated machine code (asmcheck); an interpreter emits none	testdir_test.go:791: linux/amd64/v1	testdir	FAIL	CATALOG	EXCLUDED	0
PASS	testdir:codegen/shortcircuit.go	native				testdir	PASS	-	-	0.05
SKIP	testdir:codegen/simd.go	compiled			testdir_test.go:531: //go:build goexperiment.simd && amd64	testdir	SKIP	-	-	0
SKIP	testdir:codegen/simd.go	interpreted			testdir_test.go:531: //go:build goexperiment.simd && amd64	testdir	SKIP	-	-	0
SKIP	testdir:codegen/simd.go	native			testdir_test.go:531: //go:build goexperiment.simd && amd64	testdir	SKIP	-	-	0
SKIP	testdir:codegen/simd_arm64.go	compiled			testdir_test.go:531: //go:build goexperiment.simd && arm64	testdir	SKIP	-	-	0
SKIP	testdir:codegen/simd_arm64.go	interpreted			testdir_test.go:531: //go:build goexperiment.simd && arm64	testdir	SKIP	-	-	0
SKIP	testdir:codegen/simd_arm64.go	native			testdir_test.go:531: //go:build goexperiment.simd && arm64	testdir	SKIP	-	-	0
PASS	testdir:codegen/slices.go	compiled				testdir	PASS	-	-	0.37
EXCLUDED	testdir:codegen/slices.go	interpreted	asmcheck	test matches generated machine code (asmcheck); an interpreter emits none	testdir_test.go:791: linux/amd64/v1	testdir	FAIL	CATALOG	EXCLUDED	0
PASS	testdir:codegen/slices.go	native				testdir	PASS	-	-	0.12
PASS	testdir:codegen/smallintiface.go	compiled				testdir	PASS	-	-	0.23
EXCLUDED	testdir:codegen/smallintiface.go	interpreted	asmcheck	test matches generated machine code (asmcheck); an interpreter emits none	testdir_test.go:791: linux/amd64/v1	testdir	FAIL	CATALOG	EXCLUDED	0
PASS	testdir:codegen/smallintiface.go	native				testdir	PASS	-	-	0.06
PASS	testdir:codegen/spectre.go	compiled				testdir	PASS	-	-	0.21
EXCLUDED	testdir:codegen/spectre.go	interpreted	asmcheck	test matches generated machine code (asmcheck); an interpreter emits none	testdir_test.go:791: linux/amd64/v1	testdir	FAIL	CATALOG	EXCLUDED	0
PASS	testdir:codegen/spectre.go	native				testdir	PASS	-	-	0.06
PASS	testdir:codegen/spills.go	compiled				testdir	PASS	-	-	0
PASS	testdir:codegen/spills.go	interpreted				testdir	PASS	-	-	0
PASS	testdir:codegen/spills.go	native				testdir	PASS	-	-	0
PASS	testdir:codegen/stack.go	compiled				testdir	PASS	-	-	0.49
EXCLUDED	testdir:codegen/stack.go	interpreted	asmcheck	test matches generated machine code (asmcheck); an interpreter emits none	testdir_test.go:791: linux/amd64/v1	testdir	FAIL	CATALOG	EXCLUDED	0
PASS	testdir:codegen/stack.go	native				testdir	PASS	-	-	0.15
PASS	testdir:codegen/strings.go	compiled				testdir	PASS	-	-	0.51
EXCLUDED	testdir:codegen/strings.go	interpreted	asmcheck	test matches generated machine code (asmcheck); an interpreter emits none	testdir_test.go:791: linux/amd64/v1	testdir	FAIL	CATALOG	EXCLUDED	0
PASS	testdir:codegen/strings.go	native				testdir	PASS	-	-	8.09
PASS	testdir:codegen/structs.go	compiled				testdir	PASS	-	-	0.24
EXCLUDED	testdir:codegen/structs.go	interpreted	asmcheck	test matches generated machine code (asmcheck); an interpreter emits none	testdir_test.go:791: linux/amd64/v1	testdir	FAIL	CATALOG	EXCLUDED	0
PASS	testdir:codegen/structs.go	native				testdir	PASS	-	-	0.06
PASS	testdir:codegen/switch.go	compiled				testdir	PASS	-	-	0.31
EXCLUDED	testdir:codegen/switch.go	interpreted	asmcheck	tests the gc toolchain itself, not Go language behaviour: asmcheck: asserts the machine instructions gc emits for switch statements	testdir_test.go:791: linux/amd64/v1	testdir	FAIL	CATALOG	EXCLUDED-NEW	0
PASS	testdir:codegen/switch.go	native				testdir	PASS	-	-	0.11
PASS	testdir:codegen/typeswitch.go	compiled				testdir	PASS	-	-	0.27
EXCLUDED	testdir:codegen/typeswitch.go	interpreted	asmcheck	test matches generated machine code (asmcheck); an interpreter emits none	testdir_test.go:791: linux/amd64/v1	testdir	FAIL	CATALOG	EXCLUDED	0
PASS	testdir:codegen/typeswitch.go	native				testdir	PASS	-	-	0.08
PASS	testdir:codegen/unique.go	compiled				testdir	PASS	-	-	1.4
EXCLUDED	testdir:codegen/unique.go	interpreted	asmcheck	test matches generated machine code (asmcheck); an interpreter emits none	testdir_test.go:791: linux/amd64/v1	testdir	FAIL	CATALOG	EXCLUDED	0
PASS	testdir:codegen/unique.go	native				testdir	PASS	-	-	8.38
PASS	testdir:codegen/unsafe.go	compiled				testdir	PASS	-	-	0.58
EXCLUDED	testdir:codegen/unsafe.go	interpreted	asmcheck	test matches generated machine code (asmcheck); an interpreter emits none	testdir_test.go:791: linux/amd64/v1	testdir	FAIL	CATALOG	EXCLUDED	0
PASS	testdir:codegen/unsafe.go	native				testdir	PASS	-	-	0.05
PASS	testdir:codegen/writebarrier.go	compiled				testdir	PASS	-	-	0.65
EXCLUDED	testdir:codegen/writebarrier.go	interpreted	asmcheck	test matches generated machine code (asmcheck); an interpreter emits none	testdir_test.go:791: linux/amd64/v1	testdir	FAIL	CATALOG	EXCLUDED	0
PASS	testdir:codegen/writebarrier.go	native				testdir	PASS	-	-	0.07
PASS	testdir:codegen/zerosize.go	compiled				testdir	PASS	-	-	0.22
EXCLUDED	testdir:codegen/zerosize.go	interpreted	asmcheck	test matches generated machine code (asmcheck); an interpreter emits none	testdir_test.go:791: linux/amd64/v1	testdir	FAIL	CATALOG	EXCLUDED	0
PASS	testdir:codegen/zerosize.go	native				testdir	PASS	-	-	0.06
PASS	testdir:complit.go	compiled				testdir	PASS	-	-	0.14
PASS	testdir:complit.go	interpreted				testdir	PASS	-	-	0.02
PASS	testdir:complit.go	native				testdir	PASS	-	-	0.05
PASS	testdir:complit1.go	compiled				testdir	PASS	-	-	0.01
PASS	testdir:complit1.go	interpreted				testdir	PASS	-	-	0.01
PASS	testdir:complit1.go	native				testdir	PASS	-	-	0.01
PASS	testdir:complit2.go	compiled				testdir	PASS	-	-	0.3
PASS	testdir:complit2.go	interpreted				testdir	PASS	-	-	0.96
PASS	testdir:complit2.go	native				testdir	PASS	-	-	0.07
PASS	testdir:compos.go	compiled				testdir	PASS	-	-	0.12
PASS	testdir:compos.go	interpreted				testdir	PASS	-	-	0.02
PASS	testdir:compos.go	native				testdir	PASS	-	-	0.05
PASS	testdir:const.go	compiled				testdir	PASS	-	-	0.24
PASS	testdir:const.go	interpreted				testdir	PASS	-	-	0.91
PASS	testdir:const.go	native				testdir	PASS	-	-	0.07
PASS	testdir:const1.go	compiled				testdir	PASS	-	-	0.01
PASS	testdir:const1.go	interpreted				testdir	PASS	-	-	0.01
PASS	testdir:const1.go	native				testdir	PASS	-	-	0.01
PASS	testdir:const2.go	compiled				testdir	PASS	-	-	0.01
PASS	testdir:const2.go	interpreted				testdir	PASS	-	-	0.01
PASS	testdir:const2.go	native				testdir	PASS	-	-	0.01
PASS	testdir:const3.go	compiled				testdir	PASS	-	-	0.24
PASS	testdir:const3.go	interpreted				testdir	PASS	-	-	0.87
PASS	testdir:const3.go	native				testdir	PASS	-	-	0.07
PASS	testdir:const4.go	compiled				testdir	PASS	-	-	0.15
PASS	testdir:const4.go	interpreted				testdir	PASS	-	-	0.02
PASS	testdir:const4.go	native				testdir	PASS	-	-	0.05
PASS	testdir:const5.go	compiled				testdir	PASS	-	-	0.01
PASS	testdir:const5.go	interpreted				testdir	PASS	-	-	0.01
PASS	testdir:const5.go	native				testdir	PASS	-	-	0.01
PASS	testdir:const6.go	compiled				testdir	PASS	-	-	0.02
PASS	testdir:const6.go	interpreted				testdir	PASS	-	-	0.01
PASS	testdir:const6.go	native				testdir	PASS	-	-	0.01
PASS	testdir:const7.go	compiled				testdir	PASS	-	-	0.71
PASS	testdir:const7.go	interpreted				testdir	PASS	-	-	2.19
PASS	testdir:const7.go	native				testdir	PASS	-	-	0.12
PASS	testdir:const8.go	compiled				testdir	PASS	-	-	0.15
PASS	testdir:const8.go	interpreted				testdir	PASS	-	-	0.02
PASS	testdir:const8.go	native				testdir	PASS	-	-	0.05
PASS	testdir:convT2X.go	compiled				testdir	PASS	-	-	0.14
PASS	testdir:convT2X.go	interpreted				testdir	PASS	-	-	0.73
PASS	testdir:convT2X.go	native				testdir	PASS	-	-	0.06
PASS	testdir:convert.go	compiled				testdir	PASS	-	-	0.23
PASS	testdir:convert.go	interpreted				testdir	PASS	-	-	0.9
PASS	testdir:convert.go	native				testdir	PASS	-	-	0.07
PASS	testdir:convert1.go	compiled				testdir	PASS	-	-	0.01
PASS	testdir:convert1.go	interpreted				testdir	PASS	-	-	0.01
PASS	testdir:convert1.go	native				testdir	PASS	-	-	0.01
PASS	testdir:convert2.go	compiled				testdir	PASS	-	-	0.01
PASS	testdir:convert2.go	interpreted				testdir	PASS	-	-	0.01
PASS	testdir:convert2.go	native				testdir	PASS	-	-	0.01
PASS	testdir:convert3.go	compiled				testdir	PASS	-	-	0.01
PASS	testdir:convert3.go	interpreted				testdir	PASS	-	-	0.01
PASS	testdir:convert3.go	native				testdir	PASS	-	-	0.01
PASS	testdir:convert4.go	compiled				testdir	PASS	-	-	0.14
PASS	testdir:convert4.go	interpreted				testdir	PASS	-	-	0.02
PASS	testdir:convert4.go	native				testdir	PASS	-	-	0.05
PASS	testdir:convert5.go	compiled				testdir	PASS	-	-	0.28
PASS	testdir:convert5.go	interpreted				testdir	PASS	-	-	6.1
PASS	testdir:convert5.go	native				testdir	PASS	-	-	0.14
PASS	testdir:convinline.go	compiled				testdir	PASS	-	-	3.33
PASS	testdir:convinline.go	interpreted				testdir	PASS	-	-	4.3
PASS	testdir:convinline.go	native				testdir	PASS	-	-	1.24
PASS	testdir:convlit.go	compiled				testdir	PASS	-	-	0.01
PASS	testdir:convlit.go	interpreted				testdir	PASS	-	-	0.01
PASS	testdir:convlit.go	native				testdir	PASS	-	-	0.01
PASS	testdir:convlit1.go	compiled				testdir	PASS	-	-	0.01
PASS	testdir:convlit1.go	interpreted				testdir	PASS	-	-	0.01
PASS	testdir:convlit1.go	native				testdir	PASS	-	-	0.01
PASS	testdir:copy.go	compiled				testdir	PASS	-	-	0.29
EXCLUDED	testdir:copy.go	interpreted	compute-bound	a CPU-bound loop whose interpreted evaluation exceeds the fixed 60 s leaf deadline (observed: evaluation); it shows no overhead a script would feel; put CPU-bound loops in a Go fence or embed	testdir_test.go:153: command exceeded time limit	testdir	FAIL	CATALOG	CARRIED-376	61.01
PASS	testdir:copy.go	native				testdir	PASS	-	-	0.1
PASS	testdir:copy1.go	compiled				testdir	PASS	-	-	0.01
PASS	testdir:copy1.go	interpreted				testdir	PASS	-	-	0.01
PASS	testdir:copy1.go	native				testdir	PASS	-	-	0.01
PASS	testdir:crlf.go	compiled				testdir	PASS	-	-	0.57
PASS	testdir:crlf.go	interpreted				testdir	PASS	-	-	1.97
PASS	testdir:crlf.go	native				testdir	PASS	-	-	0.21
PASS	testdir:ddd.go	compiled				testdir	PASS	-	-	0.14
PASS	testdir:ddd.go	interpreted				testdir	PASS	-	-	0.03
PASS	testdir:ddd.go	native				testdir	PASS	-	-	0.06
PASS	testdir:ddd1.go	compiled				testdir	PASS	-	-	0.01
PASS	testdir:ddd1.go	interpreted				testdir	PASS	-	-	0.01
PASS	testdir:ddd1.go	native				testdir	PASS	-	-	0.01
PASS	testdir:ddd2.go	compiled				testdir	PASS	-	-	0.12
PASS	testdir:ddd2.go	interpreted				testdir	PASS	-	-	0.03
PASS	testdir:ddd2.go	native				testdir	PASS	-	-	0.05
PASS	testdir:decl.go	compiled				testdir	PASS	-	-	0.12
PASS	testdir:decl.go	interpreted				testdir	PASS	-	-	0.02
PASS	testdir:decl.go	native				testdir	PASS	-	-	0.05
PASS	testdir:declbad.go	compiled				testdir	PASS	-	-	0.01
PASS	testdir:declbad.go	interpreted				testdir	PASS	-	-	0.01
PASS	testdir:declbad.go	native				testdir	PASS	-	-	0.01
PASS	testdir:defer.go	compiled				testdir	PASS	-	-	0.25
PASS	testdir:defer.go	interpreted				testdir	PASS	-	-	0.91
PASS	testdir:defer.go	native				testdir	PASS	-	-	0.07
PASS	testdir:defererrcheck.go	compiled				testdir	PASS	-	-	0.12
EXCLUDED	testdir:defererrcheck.go	interpreted	compiler-diagnostic	test asserts gc optimizer output (-m/-d=); an interpreter has no optimizer to report on	testdir_test.go:153: Bash++ backend unsupported: optimizer diagnostics are a compiler artifact; the check interface has no inlining, escape-analysis or SSA meaning	testdir	FAIL	CATALOG	EXCLUDED	0
PASS	testdir:defererrcheck.go	native				testdir	PASS	-	-	0.02
PASS	testdir:deferfin.go	compiled				testdir	PASS	-	-	0.41
PASS	testdir:deferfin.go	interpreted				testdir	PASS	-	-	1.34
PASS	testdir:deferfin.go	native				testdir	PASS	-	-	0.09
PASS	testdir:defernil.go	compiled				testdir	PASS	-	-	0.13
PASS	testdir:defernil.go	interpreted				testdir	PASS	-	-	0.02
PASS	testdir:defernil.go	native				testdir	PASS	-	-	0.05
PASS	testdir:deferprint.go	compiled				testdir	PASS	-	-	0.12
PASS	testdir:deferprint.go	interpreted				testdir	PASS	-	-	0.03
PASS	testdir:deferprint.go	native				testdir	PASS	-	-	0.05
PASS	testdir:devirt.go	compiled				testdir	PASS	-	-	0.05
EXCLUDED	testdir:devirt.go	interpreted	compiler-diagnostic	test asserts gc optimizer output (-m/-d=); an interpreter has no optimizer to report on	testdir_test.go:153: Bash++ backend unsupported: optimizer diagnostics are a compiler artifact; the check interface has no inlining, escape-analysis or SSA meaning	testdir	FAIL	CATALOG	EXCLUDED	0
PASS	testdir:devirt.go	native				testdir	PASS	-	-	0.01
PASS	testdir:devirtualization.go	compiled				testdir	PASS	-	-	0.18
EXCLUDED	testdir:devirtualization.go	interpreted	compiler-diagnostic	test asserts gc optimizer output (-m/-d=); an interpreter has no optimizer to report on	testdir_test.go:153: Bash++ backend unsupported: optimizer diagnostics are a compiler artifact; the check interface has no inlining, escape-analysis or SSA meaning	testdir	FAIL	CATALOG	EXCLUDED	0
PASS	testdir:devirtualization.go	native				testdir	PASS	-	-	0.1
PASS	testdir:devirtualization_nil_panics.go	compiled				testdir	PASS	-	-	0.39
PASS	testdir:devirtualization_nil_panics.go	interpreted				testdir	PASS	-	-	1.2
PASS	testdir:devirtualization_nil_panics.go	native				testdir	PASS	-	-	0.07
PASS	testdir:devirtualization_with_type_assertions_interleaved.go	compiled				testdir	PASS	-	-	0.07
EXCLUDED	testdir:devirtualization_with_type_assertions_interleaved.go	interpreted	compiler-diagnostic	test asserts gc optimizer output (-m/-d=); an interpreter has no optimizer to report on	testdir_test.go:153: Bash++ backend unsupported: optimizer diagnostics are a compiler artifact; the check interface has no inlining, escape-analysis or SSA meaning	testdir	FAIL	CATALOG	EXCLUDED	0
PASS	testdir:devirtualization_with_type_assertions_interleaved.go	native				testdir	PASS	-	-	0.03
PASS	testdir:directive.go	compiled				testdir	PASS	-	-	0.01
PASS	testdir:directive.go	interpreted				testdir	PASS	-	-	0.01
PASS	testdir:directive.go	native				testdir	PASS	-	-	0.01
PASS	testdir:directive2.go	compiled				testdir	PASS	-	-	0.01
PASS	testdir:directive2.go	interpreted				testdir	PASS	-	-	0.01
PASS	testdir:directive2.go	native				testdir	PASS	-	-	0.01
PASS	testdir:divide.go	compiled				testdir	PASS	-	-	0.26
PASS	testdir:divide.go	interpreted				testdir	PASS	-	-	0.9
PASS	testdir:divide.go	native				testdir	PASS	-	-	0.08
PASS	testdir:divmod.go	compiled				testdir	PASS	-	-	0.39
EXCLUDED	testdir:divmod.go	interpreted	compute-bound	a CPU-bound loop whose interpreted evaluation exceeds the fixed 60 s leaf deadline (observed: evaluation); it shows no overhead a script would feel; put CPU-bound loops in a Go fence or embed	testdir_test.go:153: command exceeded time limit	testdir	FAIL	CATALOG	CARRIED-376	61
PASS	testdir:divmod.go	native				testdir	PASS	-	-	0.29
PASS	testdir:dwarf/dwarf.go	compiled				testdir	PASS	-	-	0.12
PASS	testdir:dwarf/dwarf.go	interpreted				testdir	PASS	-	-	0.02
PASS	testdir:dwarf/dwarf.go	native				testdir	PASS	-	-	0.04
PASS	testdir:dwarf/linedirectives.go	compiled				testdir	PASS	-	-	0.13
PASS	testdir:dwarf/linedirectives.go	interpreted				testdir	PASS	-	-	0.02
PASS	testdir:dwarf/linedirectives.go	native				testdir	PASS	-	-	0.04
PASS	testdir:embedfunc.go	compiled				testdir	PASS	-	-	0.05
PASS	testdir:embedfunc.go	interpreted				testdir	PASS	-	-	0.05
PASS	testdir:embedfunc.go	native				testdir	PASS	-	-	0.01
PASS	testdir:embedvers.go	compiled				testdir	PASS	-	-	0.06
PASS	testdir:embedvers.go	interpreted				testdir	PASS	-	-	0.06
PASS	testdir:embedvers.go	native				testdir	PASS	-	-	0.01
PASS	testdir:empty.go	compiled				testdir	PASS	-	-	0.04
PASS	testdir:empty.go	interpreted				testdir	PASS	-	-	0.01
PASS	testdir:empty.go	native				testdir	PASS	-	-	0.01
PASS	testdir:env.go	compiled				testdir	PASS	-	-	0.23
PASS	testdir:env.go	interpreted				testdir	PASS	-	-	1.03
PASS	testdir:env.go	native				testdir	PASS	-	-	0.06
PASS	testdir:eof.go	compiled				testdir	PASS	-	-	0.03
PASS	testdir:eof.go	interpreted				testdir	PASS	-	-	0.01
PASS	testdir:eof.go	native				testdir	PASS	-	-	0.01
PASS	testdir:eof1.go	compiled				testdir	PASS	-	-	0.04
PASS	testdir:eof1.go	interpreted				testdir	PASS	-	-	0.01
PASS	testdir:eof1.go	native				testdir	PASS	-	-	0.01
PASS	testdir:escape.go	compiled				testdir	PASS	-	-	0.16
PASS	testdir:escape.go	interpreted				testdir	PASS	-	-	0.03
PASS	testdir:escape.go	native				testdir	PASS	-	-	0.06
PASS	testdir:escape2.go	compiled				testdir	PASS	-	-	0.26
EXCLUDED	testdir:escape2.go	interpreted	compiler-diagnostic	test asserts gc optimizer output (-m/-d=); an interpreter has no optimizer to report on	testdir_test.go:153: Bash++ backend unsupported: optimizer diagnostics are a compiler artifact; the check interface has no inlining, escape-analysis or SSA meaning	testdir	FAIL	CATALOG	EXCLUDED	0
PASS	testdir:escape2.go	native				testdir	PASS	-	-	0.11
PASS	testdir:escape2n.go	compiled				testdir	PASS	-	-	0.23
EXCLUDED	testdir:escape2n.go	interpreted	compiler-diagnostic	test asserts gc optimizer output (-m/-d=); an interpreter has no optimizer to report on	testdir_test.go:153: Bash++ backend unsupported: optimizer diagnostics are a compiler artifact; the check interface has no inlining, escape-analysis or SSA meaning	testdir	FAIL	CATALOG	EXCLUDED	0
PASS	testdir:escape2n.go	native				testdir	PASS	-	-	0.1
PASS	testdir:escape3.go	compiled				testdir	PASS	-	-	0.14
PASS	testdir:escape3.go	interpreted				testdir	PASS	-	-	0.02
PASS	testdir:escape3.go	native				testdir	PASS	-	-	0.05
PASS	testdir:escape4.go	compiled				testdir	PASS	-	-	0.05
EXCLUDED	testdir:escape4.go	interpreted	compiler-diagnostic	test asserts gc optimizer output (-m/-d=); an interpreter has no optimizer to report on	testdir_test.go:153: Bash++ backend unsupported: optimizer diagnostics are a compiler artifact; the check interface has no inlining, escape-analysis or SSA meaning	testdir	FAIL	CATALOG	EXCLUDED	0
PASS	testdir:escape4.go	native				testdir	PASS	-	-	0.01
PASS	testdir:escape5.go	compiled				testdir	PASS	-	-	0.11
EXCLUDED	testdir:escape5.go	interpreted	compiler-diagnostic	test asserts gc optimizer output (-m/-d=); an interpreter has no optimizer to report on	testdir_test.go:153: Bash++ backend unsupported: optimizer diagnostics are a compiler artifact; the check interface has no inlining, escape-analysis or SSA meaning	testdir	FAIL	CATALOG	EXCLUDED	0
PASS	testdir:escape5.go	native				testdir	PASS	-	-	0.03
PASS	testdir:escape6.go	compiled				testdir	PASS	-	-	0.04
EXCLUDED	testdir:escape6.go	interpreted	compiler-diagnostic	test asserts gc optimizer output (-m/-d=); an interpreter has no optimizer to report on	testdir_test.go:153: Bash++ backend unsupported: optimizer diagnostics are a compiler artifact; the check interface has no inlining, escape-analysis or SSA meaning	testdir	FAIL	CATALOG	EXCLUDED	0
PASS	testdir:escape6.go	native				testdir	PASS	-	-	0.02
SKIP	testdir:escape_alias.go	compiled			testdir_test.go:531: //go:build goexperiment.runtimefreegc	testdir	SKIP	-	-	0
SKIP	testdir:escape_alias.go	interpreted			testdir_test.go:531: //go:build goexperiment.runtimefreegc	testdir	SKIP	-	-	0
SKIP	testdir:escape_alias.go	native			testdir_test.go:531: //go:build goexperiment.runtimefreegc	testdir	SKIP	-	-	0
PASS	testdir:escape_array.go	compiled				testdir	PASS	-	-	0.06
EXCLUDED	testdir:escape_array.go	interpreted	compiler-diagnostic	test asserts gc optimizer output (-m/-d=); an interpreter has no optimizer to report on	testdir_test.go:153: Bash++ backend unsupported: optimizer diagnostics are a compiler artifact; the check interface has no inlining, escape-analysis or SSA meaning	testdir	FAIL	CATALOG	EXCLUDED	0
PASS	testdir:escape_array.go	native				testdir	PASS	-	-	0.02
PASS	testdir:escape_bloop.go	compiled				testdir	PASS	-	-	0.11
EXCLUDED	testdir:escape_bloop.go	interpreted	compiler-diagnostic	test asserts gc optimizer output (-m/-d=); an interpreter has no optimizer to report on	testdir_test.go:153: Bash++ backend unsupported: optimizer diagnostics are a compiler artifact; the check interface has no inlining, escape-analysis or SSA meaning	testdir	FAIL	CATALOG	EXCLUDED	0
PASS	testdir:escape_bloop.go	native				testdir	PASS	-	-	0.02
PASS	testdir:escape_calls.go	compiled				testdir	PASS	-	-	0.05
EXCLUDED	testdir:escape_calls.go	interpreted	compiler-diagnostic	test asserts gc optimizer output (-m/-d=); an interpreter has no optimizer to report on	testdir_test.go:153: Bash++ backend unsupported: optimizer diagnostics are a compiler artifact; the check interface has no inlining, escape-analysis or SSA meaning	testdir	FAIL	CATALOG	EXCLUDED	0
PASS	testdir:escape_calls.go	native				testdir	PASS	-	-	0.02
PASS	testdir:escape_closure.go	compiled				testdir	PASS	-	-	0.09
EXCLUDED	testdir:escape_closure.go	interpreted	compiler-diagnostic	test asserts gc optimizer output (-m/-d=); an interpreter has no optimizer to report on	testdir_test.go:153: Bash++ backend unsupported: optimizer diagnostics are a compiler artifact; the check interface has no inlining, escape-analysis or SSA meaning	testdir	FAIL	CATALOG	EXCLUDED	0
PASS	testdir:escape_closure.go	native				testdir	PASS	-	-	0.04
PASS	testdir:escape_field.go	compiled				testdir	PASS	-	-	0.06
EXCLUDED	testdir:escape_field.go	interpreted	compiler-diagnostic	test asserts gc optimizer output (-m/-d=); an interpreter has no optimizer to report on	testdir_test.go:153: Bash++ backend unsupported: optimizer diagnostics are a compiler artifact; the check interface has no inlining, escape-analysis or SSA meaning	testdir	FAIL	CATALOG	EXCLUDED	0
PASS	testdir:escape_field.go	native				testdir	PASS	-	-	0.02
PASS	testdir:escape_goto.go	compiled				testdir	PASS	-	-	0.05
EXCLUDED	testdir:escape_goto.go	interpreted	compiler-diagnostic	test asserts gc optimizer output (-m/-d=); an interpreter has no optimizer to report on	testdir_test.go:153: Bash++ backend unsupported: optimizer diagnostics are a compiler artifact; the check interface has no inlining, escape-analysis or SSA meaning	testdir	FAIL	CATALOG	EXCLUDED	0
PASS	testdir:escape_goto.go	native				testdir	PASS	-	-	0.01
PASS	testdir:escape_hash_maphash.go	compiled				testdir	PASS	-	-	0.09
EXCLUDED	testdir:escape_hash_maphash.go	interpreted	compiler-diagnostic	test asserts gc optimizer output (-m/-d=); an interpreter has no optimizer to report on	testdir_test.go:153: Bash++ backend unsupported: optimizer diagnostics are a compiler artifact; the check interface has no inlining, escape-analysis or SSA meaning	testdir	FAIL	CATALOG	EXCLUDED	0
PASS	testdir:escape_hash_maphash.go	native				testdir	PASS	-	-	0.01
PASS	testdir:escape_iface.go	compiled				testdir	PASS	-	-	0.07
EXCLUDED	testdir:escape_iface.go	interpreted	compiler-diagnostic	test asserts gc optimizer output (-m/-d=); an interpreter has no optimizer to report on	testdir_test.go:153: Bash++ backend unsupported: optimizer diagnostics are a compiler artifact; the check interface has no inlining, escape-analysis or SSA meaning	testdir	FAIL	CATALOG	EXCLUDED	0
PASS	testdir:escape_iface.go	native				testdir	PASS	-	-	0.02
PASS	testdir:escape_iface_data.go	compiled				testdir	PASS	-	-	0.08
EXCLUDED	testdir:escape_iface_data.go	interpreted	compiler-diagnostic	test asserts gc optimizer output (-m/-d=); an interpreter has no optimizer to report on	testdir_test.go:153: Bash++ backend unsupported: optimizer diagnostics are a compiler artifact; the check interface has no inlining, escape-analysis or SSA meaning	testdir	FAIL	CATALOG	EXCLUDED	0
PASS	testdir:escape_iface_data.go	native				testdir	PASS	-	-	0.03
PASS	testdir:escape_indir.go	compiled				testdir	PASS	-	-	0.07
EXCLUDED	testdir:escape_indir.go	interpreted	compiler-diagnostic	test asserts gc optimizer output (-m/-d=); an interpreter has no optimizer to report on	testdir_test.go:153: Bash++ backend unsupported: optimizer diagnostics are a compiler artifact; the check interface has no inlining, escape-analysis or SSA meaning	testdir	FAIL	CATALOG	EXCLUDED	0
PASS	testdir:escape_indir.go	native				testdir	PASS	-	-	0.02
PASS	testdir:escape_level.go	compiled				testdir	PASS	-	-	0.06
EXCLUDED	testdir:escape_level.go	interpreted	compiler-diagnostic	test asserts gc optimizer output (-m/-d=); an interpreter has no optimizer to report on	testdir_test.go:153: Bash++ backend unsupported: optimizer diagnostics are a compiler artifact; the check interface has no inlining, escape-analysis or SSA meaning	testdir	FAIL	CATALOG	EXCLUDED	0
PASS	testdir:escape_level.go	native				testdir	PASS	-	-	0.02
PASS	testdir:escape_make_non_const.go	compiled				testdir	PASS	-	-	0.06
EXCLUDED	testdir:escape_make_non_const.go	interpreted	compiler-diagnostic	test asserts gc optimizer output (-m/-d=); an interpreter has no optimizer to report on	testdir_test.go:153: Bash++ backend unsupported: optimizer diagnostics are a compiler artifact; the check interface has no inlining, escape-analysis or SSA meaning	testdir	FAIL	CATALOG	EXCLUDED	0
PASS	testdir:escape_make_non_const.go	native				testdir	PASS	-	-	0.02
PASS	testdir:escape_map.go	compiled				testdir	PASS	-	-	0.06
EXCLUDED	testdir:escape_map.go	interpreted	compiler-diagnostic	test asserts gc optimizer output (-m/-d=); an interpreter has no optimizer to report on	testdir_test.go:153: Bash++ backend unsupported: optimizer diagnostics are a compiler artifact; the check interface has no inlining, escape-analysis or SSA meaning	testdir	FAIL	CATALOG	EXCLUDED	0
PASS	testdir:escape_map.go	native				testdir	PASS	-	-	0.02
PASS	testdir:escape_mutations.go	compiled				testdir	PASS	-	-	0.12
EXCLUDED	testdir:escape_mutations.go	interpreted	compiler-diagnostic	test asserts gc optimizer output (-m/-d=); an interpreter has no optimizer to report on	testdir_test.go:153: Bash++ backend unsupported: optimizer diagnostics are a compiler artifact; the check interface has no inlining, escape-analysis or SSA meaning	testdir	FAIL	CATALOG	EXCLUDED	0
PASS	testdir:escape_mutations.go	native				testdir	PASS	-	-	0.02
PASS	testdir:escape_param.go	compiled				testdir	PASS	-	-	0.08
EXCLUDED	testdir:escape_param.go	interpreted	compiler-diagnostic	test asserts gc optimizer output (-m/-d=); an interpreter has no optimizer to report on	testdir_test.go:153: Bash++ backend unsupported: optimizer diagnostics are a compiler artifact; the check interface has no inlining, escape-analysis or SSA meaning	testdir	FAIL	CATALOG	EXCLUDED	0
PASS	testdir:escape_param.go	native				testdir	PASS	-	-	0.04
PASS	testdir:escape_reflect.go	compiled				testdir	PASS	-	-	0.17
EXCLUDED	testdir:escape_reflect.go	interpreted	compiler-diagnostic	test asserts gc optimizer output (-m/-d=); an interpreter has no optimizer to report on	testdir_test.go:153: Bash++ backend unsupported: optimizer diagnostics are a compiler artifact; the check interface has no inlining, escape-analysis or SSA meaning	testdir	FAIL	CATALOG	EXCLUDED	0
PASS	testdir:escape_reflect.go	native				testdir	PASS	-	-	0.06
PASS	testdir:escape_runtime_atomic.go	compiled				testdir	PASS	-	-	0.06
EXCLUDED	testdir:escape_runtime_atomic.go	interpreted	compiler-diagnostic	test asserts gc optimizer output (-m/-d=); an interpreter has no optimizer to report on	testdir_test.go:153: Bash++ backend unsupported: optimizer diagnostics are a compiler artifact; the check interface has no inlining, escape-analysis or SSA meaning	testdir	FAIL	CATALOG	EXCLUDED	0
PASS	testdir:escape_runtime_atomic.go	native				testdir	PASS	-	-	0.01
PASS	testdir:escape_selfassign.go	compiled				testdir	PASS	-	-	0.05
EXCLUDED	testdir:escape_selfassign.go	interpreted	compiler-diagnostic	test asserts gc optimizer output (-m/-d=); an interpreter has no optimizer to report on	testdir_test.go:153: Bash++ backend unsupported: optimizer diagnostics are a compiler artifact; the check interface has no inlining, escape-analysis or SSA meaning	testdir	FAIL	CATALOG	EXCLUDED	0
PASS	testdir:escape_selfassign.go	native				testdir	PASS	-	-	0.01
PASS	testdir:escape_slice.go	compiled				testdir	PASS	-	-	0.16
EXCLUDED	testdir:escape_slice.go	interpreted	compiler-diagnostic	test asserts gc optimizer output (-m/-d=); an interpreter has no optimizer to report on	testdir_test.go:153: Bash++ backend unsupported: optimizer diagnostics are a compiler artifact; the check interface has no inlining, escape-analysis or SSA meaning	testdir	FAIL	CATALOG	EXCLUDED	0
PASS	testdir:escape_slice.go	native				testdir	PASS	-	-	0.02
PASS	testdir:escape_struct_param1.go	compiled				testdir	PASS	-	-	0.08
EXCLUDED	testdir:escape_struct_param1.go	interpreted	compiler-diagnostic	test asserts gc optimizer output (-m/-d=); an interpreter has no optimizer to report on	testdir_test.go:153: Bash++ backend unsupported: optimizer diagnostics are a compiler artifact; the check interface has no inlining, escape-analysis or SSA meaning	testdir	FAIL	CATALOG	EXCLUDED	0
PASS	testdir:escape_struct_param1.go	native				testdir	PASS	-	-	0.03
PASS	testdir:escape_struct_param2.go	compiled				testdir	PASS	-	-	0.09
EXCLUDED	testdir:escape_struct_param2.go	interpreted	compiler-diagnostic	test asserts gc optimizer output (-m/-d=); an interpreter has no optimizer to report on	testdir_test.go:153: Bash++ backend unsupported: optimizer diagnostics are a compiler artifact; the check interface has no inlining, escape-analysis or SSA meaning	testdir	FAIL	CATALOG	EXCLUDED	0
PASS	testdir:escape_struct_param2.go	native				testdir	PASS	-	-	0.04
PASS	testdir:escape_struct_return.go	compiled				testdir	PASS	-	-	0.05
EXCLUDED	testdir:escape_struct_return.go	interpreted	compiler-diagnostic	test asserts gc optimizer output (-m/-d=); an interpreter has no optimizer to report on	testdir_test.go:153: Bash++ backend unsupported: optimizer diagnostics are a compiler artifact; the check interface has no inlining, escape-analysis or SSA meaning	testdir	FAIL	CATALOG	EXCLUDED	0
PASS	testdir:escape_struct_return.go	native				testdir	PASS	-	-	0.01
PASS	testdir:escape_sync_atomic.go	compiled				testdir	PASS	-	-	0.29
EXCLUDED	testdir:escape_sync_atomic.go	interpreted	compiler-diagnostic	test asserts gc optimizer output (-m/-d=); an interpreter has no optimizer to report on	testdir_test.go:153: Bash++ backend unsupported: optimizer diagnostics are a compiler artifact; the check interface has no inlining, escape-analysis or SSA meaning	testdir	FAIL	CATALOG	EXCLUDED	0
PASS	testdir:escape_sync_atomic.go	native				testdir	PASS	-	-	0.01
PASS	testdir:escape_unique.go	compiled				testdir	PASS	-	-	0.3
EXCLUDED	testdir:escape_unique.go	interpreted	compiler-diagnostic	test asserts gc optimizer output (-m/-d=); an interpreter has no optimizer to report on	testdir_test.go:153: Bash++ backend unsupported: optimizer diagnostics are a compiler artifact; the check interface has no inlining, escape-analysis or SSA meaning	testdir	FAIL	CATALOG	EXCLUDED	0
PASS	testdir:escape_unique.go	native				testdir	PASS	-	-	0.22
PASS	testdir:escape_unsafe.go	compiled				testdir	PASS	-	-	0.11
EXCLUDED	testdir:escape_unsafe.go	interpreted	compiler-diagnostic	test asserts gc optimizer output (-m/-d=); an interpreter has no optimizer to report on	testdir_test.go:153: Bash++ backend unsupported: optimizer diagnostics are a compiler artifact; the check interface has no inlining, escape-analysis or SSA meaning	testdir	FAIL	CATALOG	EXCLUDED	0
PASS	testdir:escape_unsafe.go	native				testdir	PASS	-	-	0.04
SKIP	testdir:fibo.go	compiled			testdir_test.go:565: skip	testdir	SKIP	-	-	0
SKIP	testdir:fibo.go	interpreted			testdir_test.go:565: skip	testdir	SKIP	-	-	0
SKIP	testdir:fibo.go	native			testdir_test.go:565: skip	testdir	SKIP	-	-	0
PASS	testdir:finprofiled.go	compiled				testdir	PASS	-	-	1.04
EXCLUDED	testdir:finprofiled.go	interpreted	gc-observation	runtime.SetFinalizer+runtime.GC on interpreter-owned values: D7's ground (165 D9)	testdir_test.go:153: exit status 2	testdir	FAIL	CATALOG	EXCLUDED	12.7
PASS	testdir:finprofiled.go	native				testdir	PASS	-	-	0.86
PASS	testdir:fixedbugs/arm64bitfieldoverlap.go	compiled				testdir	PASS	-	-	0.04
PASS	testdir:fixedbugs/arm64bitfieldoverlap.go	interpreted				testdir	PASS	-	-	0.01
PASS	testdir:fixedbugs/arm64bitfieldoverlap.go	native				testdir	PASS	-	-	0.01
PASS	testdir:fixedbugs/bug000.go	compiled				testdir	PASS	-	-	0.13
PASS	testdir:fixedbugs/bug000.go	interpreted				testdir	PASS	-	-	0.02
PASS	testdir:fixedbugs/bug000.go	native				testdir	PASS	-	-	0.04
PASS	testdir:fixedbugs/bug002.go	compiled				testdir	PASS	-	-	0.13
PASS	testdir:fixedbugs/bug002.go	interpreted				testdir	PASS	-	-	0.02
PASS	testdir:fixedbugs/bug002.go	native				testdir	PASS	-	-	0.04
PASS	testdir:fixedbugs/bug003.go	compiled				testdir	PASS	-	-	0.13
PASS	testdir:fixedbugs/bug003.go	interpreted				testdir	PASS	-	-	0.02
PASS	testdir:fixedbugs/bug003.go	native				testdir	PASS	-	-	0.05
PASS	testdir:fixedbugs/bug004.go	compiled				testdir	PASS	-	-	0.13
PASS	testdir:fixedbugs/bug004.go	interpreted				testdir	PASS	-	-	0.02
PASS	testdir:fixedbugs/bug004.go	native				testdir	PASS	-	-	0.04
PASS	testdir:fixedbugs/bug005.go	compiled				testdir	PASS	-	-	0.12
PASS	testdir:fixedbugs/bug005.go	interpreted				testdir	PASS	-	-	0.02
PASS	testdir:fixedbugs/bug005.go	native				testdir	PASS	-	-	0.05
PASS	testdir:fixedbugs/bug006.go	compiled				testdir	PASS	-	-	0.24
PASS	testdir:fixedbugs/bug006.go	interpreted				testdir	PASS	-	-	0.9
PASS	testdir:fixedbugs/bug006.go	native				testdir	PASS	-	-	0.05
PASS	testdir:fixedbugs/bug007.go	compiled				testdir	PASS	-	-	0.12
PASS	testdir:fixedbugs/bug007.go	interpreted				testdir	PASS	-	-	0.02
PASS	testdir:fixedbugs/bug007.go	native				testdir	PASS	-	-	0.05
PASS	testdir:fixedbugs/bug008.go	compiled				testdir	PASS	-	-	0.15
PASS	testdir:fixedbugs/bug008.go	interpreted				testdir	PASS	-	-	0.02
PASS	testdir:fixedbugs/bug008.go	native				testdir	PASS	-	-	0.05
PASS	testdir:fixedbugs/bug009.go	compiled				testdir	PASS	-	-	0.13
PASS	testdir:fixedbugs/bug009.go	interpreted				testdir	PASS	-	-	0.02
PASS	testdir:fixedbugs/bug009.go	native				testdir	PASS	-	-	0.04
PASS	testdir:fixedbugs/bug010.go	compiled				testdir	PASS	-	-	0.13
PASS	testdir:fixedbugs/bug010.go	interpreted				testdir	PASS	-	-	0.02
PASS	testdir:fixedbugs/bug010.go	native				testdir	PASS	-	-	0.05
PASS	testdir:fixedbugs/bug011.go	compiled				testdir	PASS	-	-	0.13
PASS	testdir:fixedbugs/bug011.go	interpreted				testdir	PASS	-	-	0.02
PASS	testdir:fixedbugs/bug011.go	native				testdir	PASS	-	-	0.05
PASS	testdir:fixedbugs/bug012.go	compiled				testdir	PASS	-	-	0.14
PASS	testdir:fixedbugs/bug012.go	interpreted				testdir	PASS	-	-	0.02
PASS	testdir:fixedbugs/bug012.go	native				testdir	PASS	-	-	0.05
PASS	testdir:fixedbugs/bug013.go	compiled				testdir	PASS	-	-	0.14
PASS	testdir:fixedbugs/bug013.go	interpreted				testdir	PASS	-	-	0.02
PASS	testdir:fixedbugs/bug013.go	native				testdir	PASS	-	-	0.04
PASS	testdir:fixedbugs/bug014.go	compiled				testdir	PASS	-	-	0.01
PASS	testdir:fixedbugs/bug014.go	interpreted				testdir	PASS	-	-	0.01
PASS	testdir:fixedbugs/bug014.go	native				testdir	PASS	-	-	0.01
PASS	testdir:fixedbugs/bug015.go	compiled				testdir	PASS	-	-	0.01
PASS	testdir:fixedbugs/bug015.go	interpreted				testdir	PASS	-	-	0.01
PASS	testdir:fixedbugs/bug015.go	native				testdir	PASS	-	-	0.01
PASS	testdir:fixedbugs/bug016.go	compiled				testdir	PASS	-	-	0.01
PASS	testdir:fixedbugs/bug016.go	interpreted				testdir	PASS	-	-	0.01
PASS	testdir:fixedbugs/bug016.go	native				testdir	PASS	-	-	0.01
PASS	testdir:fixedbugs/bug017.go	compiled				testdir	PASS	-	-	0.13
PASS	testdir:fixedbugs/bug017.go	interpreted				testdir	PASS	-	-	0.02
PASS	testdir:fixedbugs/bug017.go	native				testdir	PASS	-	-	0.04
PASS	testdir:fixedbugs/bug020.go	compiled				testdir	PASS	-	-	0.05
PASS	testdir:fixedbugs/bug020.go	interpreted				testdir	PASS	-	-	0.01
PASS	testdir:fixedbugs/bug020.go	native				testdir	PASS	-	-	0.01
PASS	testdir:fixedbugs/bug021.go	compiled				testdir	PASS	-	-	0.12
PASS	testdir:fixedbugs/bug021.go	interpreted				testdir	PASS	-	-	0.02
PASS	testdir:fixedbugs/bug021.go	native				testdir	PASS	-	-	0.05
PASS	testdir:fixedbugs/bug022.go	compiled				testdir	PASS	-	-	0.01
PASS	testdir:fixedbugs/bug022.go	interpreted				testdir	PASS	-	-	0.01
PASS	testdir:fixedbugs/bug022.go	native				testdir	PASS	-	-	0.01
PASS	testdir:fixedbugs/bug023.go	compiled				testdir	PASS	-	-	0.13
PASS	testdir:fixedbugs/bug023.go	interpreted				testdir	PASS	-	-	0.02
PASS	testdir:fixedbugs/bug023.go	native				testdir	PASS	-	-	0.05
PASS	testdir:fixedbugs/bug024.go	compiled				testdir	PASS	-	-	0.13
PASS	testdir:fixedbugs/bug024.go	interpreted				testdir	PASS	-	-	0.02
PASS	testdir:fixedbugs/bug024.go	native				testdir	PASS	-	-	0.04
PASS	testdir:fixedbugs/bug026.go	compiled				testdir	PASS	-	-	0.13
PASS	testdir:fixedbugs/bug026.go	interpreted				testdir	PASS	-	-	0.02
PASS	testdir:fixedbugs/bug026.go	native				testdir	PASS	-	-	0.05
PASS	testdir:fixedbugs/bug027.go	compiled				testdir	PASS	-	-	0.25
PASS	testdir:fixedbugs/bug027.go	interpreted				testdir	PASS	-	-	0.96
PASS	testdir:fixedbugs/bug027.go	native				testdir	PASS	-	-	0.06
PASS	testdir:fixedbugs/bug028.go	compiled				testdir	PASS	-	-	0.13
PASS	testdir:fixedbugs/bug028.go	interpreted				testdir	PASS	-	-	0.03
PASS	testdir:fixedbugs/bug028.go	native				testdir	PASS	-	-	0.05
PASS	testdir:fixedbugs/bug030.go	compiled				testdir	PASS	-	-	0.01
PASS	testdir:fixedbugs/bug030.go	interpreted				testdir	PASS	-	-	0.01
PASS	testdir:fixedbugs/bug030.go	native				testdir	PASS	-	-	0.01
PASS	testdir:fixedbugs/bug031.go	compiled				testdir	PASS	-	-	0.14
PASS	testdir:fixedbugs/bug031.go	interpreted				testdir	PASS	-	-	0.02
PASS	testdir:fixedbugs/bug031.go	native				testdir	PASS	-	-	0.04
PASS	testdir:fixedbugs/bug035.go	compiled				testdir	PASS	-	-	0.02
PASS	testdir:fixedbugs/bug035.go	interpreted				testdir	PASS	-	-	0.01
PASS	testdir:fixedbugs/bug035.go	native				testdir	PASS	-	-	0.01
PASS	testdir:fixedbugs/bug037.go	compiled				testdir	PASS	-	-	0.01
PASS	testdir:fixedbugs/bug037.go	interpreted				testdir	PASS	-	-	0.01
PASS	testdir:fixedbugs/bug037.go	native				testdir	PASS	-	-	0.01
PASS	testdir:fixedbugs/bug039.go	compiled				testdir	PASS	-	-	0.01
PASS	testdir:fixedbugs/bug039.go	interpreted				testdir	PASS	-	-	0.01
PASS	testdir:fixedbugs/bug039.go	native				testdir	PASS	-	-	0.01
PASS	testdir:fixedbugs/bug040.go	compiled				testdir	PASS	-	-	0.01
PASS	testdir:fixedbugs/bug040.go	interpreted				testdir	PASS	-	-	0.01
PASS	testdir:fixedbugs/bug040.go	native				testdir	PASS	-	-	0.01
PASS	testdir:fixedbugs/bug045.go	compiled				testdir	PASS	-	-	0.14
PASS	testdir:fixedbugs/bug045.go	interpreted				testdir	PASS	-	-	0.02
PASS	testdir:fixedbugs/bug045.go	native				testdir	PASS	-	-	0.04
PASS	testdir:fixedbugs/bug046.go	compiled				testdir	PASS	-	-	0.01
PASS	testdir:fixedbugs/bug046.go	interpreted				testdir	PASS	-	-	0.01
PASS	testdir:fixedbugs/bug046.go	native				testdir	PASS	-	-	0.01
PASS	testdir:fixedbugs/bug047.go	compiled				testdir	PASS	-	-	0.13
PASS	testdir:fixedbugs/bug047.go	interpreted				testdir	PASS	-	-	0.02
PASS	testdir:fixedbugs/bug047.go	native				testdir	PASS	-	-	0.05
PASS	testdir:fixedbugs/bug048.go	compiled				testdir	PASS	-	-	0.13
PASS	testdir:fixedbugs/bug048.go	interpreted				testdir	PASS	-	-	0.02
PASS	testdir:fixedbugs/bug048.go	native				testdir	PASS	-	-	0.04
PASS	testdir:fixedbugs/bug049.go	compiled				testdir	PASS	-	-	0.01
PASS	testdir:fixedbugs/bug049.go	interpreted				testdir	PASS	-	-	0.01
PASS	testdir:fixedbugs/bug049.go	native				testdir	PASS	-	-	0.01
PASS	testdir:fixedbugs/bug050.go	compiled				testdir	PASS	-	-	0.01
PASS	testdir:fixedbugs/bug050.go	interpreted				testdir	PASS	-	-	0.01
PASS	testdir:fixedbugs/bug050.go	native				testdir	PASS	-	-	0.01
PASS	testdir:fixedbugs/bug051.go	compiled				testdir	PASS	-	-	0.01
PASS	testdir:fixedbugs/bug051.go	interpreted				testdir	PASS	-	-	0.01
PASS	testdir:fixedbugs/bug051.go	native				testdir	PASS	-	-	0.01
PASS	testdir:fixedbugs/bug052.go	compiled				testdir	PASS	-	-	0.13
PASS	testdir:fixedbugs/bug052.go	interpreted				testdir	PASS	-	-	0.02
PASS	testdir:fixedbugs/bug052.go	native				testdir	PASS	-	-	0.05
PASS	testdir:fixedbugs/bug053.go	compiled				testdir	PASS	-	-	0.13
PASS	testdir:fixedbugs/bug053.go	interpreted				testdir	PASS	-	-	0.02
PASS	testdir:fixedbugs/bug053.go	native				testdir	PASS	-	-	0.05
PASS	testdir:fixedbugs/bug054.go	compiled				testdir	PASS	-	-	0.13
PASS	testdir:fixedbugs/bug054.go	interpreted				testdir	PASS	-	-	0.02
PASS	testdir:fixedbugs/bug054.go	native				testdir	PASS	-	-	0.05
PASS	testdir:fixedbugs/bug055.go	compiled				testdir	PASS	-	-	0.13
PASS	testdir:fixedbugs/bug055.go	interpreted				testdir	PASS	-	-	0.02
PASS	testdir:fixedbugs/bug055.go	native				testdir	PASS	-	-	0.04
PASS	testdir:fixedbugs/bug056.go	compiled				testdir	PASS	-	-	0.12
PASS	testdir:fixedbugs/bug056.go	interpreted				testdir	PASS	-	-	0.02
PASS	testdir:fixedbugs/bug056.go	native				testdir	PASS	-	-	0.04
PASS	testdir:fixedbugs/bug057.go	compiled				testdir	PASS	-	-	0.04
PASS	testdir:fixedbugs/bug057.go	interpreted				testdir	PASS	-	-	0.01
PASS	testdir:fixedbugs/bug057.go	native				testdir	PASS	-	-	0.01
PASS	testdir:fixedbugs/bug058.go	compiled				testdir	PASS	-	-	0.14
PASS	testdir:fixedbugs/bug058.go	interpreted				testdir	PASS	-	-	0.02
PASS	testdir:fixedbugs/bug058.go	native				testdir	PASS	-	-	0.05
PASS	testdir:fixedbugs/bug059.go	compiled				testdir	PASS	-	-	0.23
PASS	testdir:fixedbugs/bug059.go	interpreted				testdir	PASS	-	-	0.91
PASS	testdir:fixedbugs/bug059.go	native				testdir	PASS	-	-	0.06
PASS	testdir:fixedbugs/bug060.go	compiled				testdir	PASS	-	-	0.23
PASS	testdir:fixedbugs/bug060.go	interpreted				testdir	PASS	-	-	0.91
PASS	testdir:fixedbugs/bug060.go	native				testdir	PASS	-	-	0.05
PASS	testdir:fixedbugs/bug061.go	compiled				testdir	PASS	-	-	0.14
PASS	testdir:fixedbugs/bug061.go	interpreted				testdir	PASS	-	-	0.02
PASS	testdir:fixedbugs/bug061.go	native				testdir	PASS	-	-	0.05
PASS	testdir:fixedbugs/bug062.go	compiled				testdir	PASS	-	-	0.01
PASS	testdir:fixedbugs/bug062.go	interpreted				testdir	PASS	-	-	0.01
PASS	testdir:fixedbugs/bug062.go	native				testdir	PASS	-	-	0.01
PASS	testdir:fixedbugs/bug063.go	compiled				testdir	PASS	-	-	0.05
PASS	testdir:fixedbugs/bug063.go	interpreted				testdir	PASS	-	-	0.01
PASS	testdir:fixedbugs/bug063.go	native				testdir	PASS	-	-	0.01
PASS	testdir:fixedbugs/bug064.go	compiled				testdir	PASS	-	-	0.05
PASS	testdir:fixedbugs/bug064.go	interpreted				testdir	PASS	-	-	0.01
PASS	testdir:fixedbugs/bug064.go	native				testdir	PASS	-	-	0.01
PASS	testdir:fixedbugs/bug065.go	compiled				testdir	PASS	-	-	0.13
PASS	testdir:fixedbugs/bug065.go	interpreted				testdir	PASS	-	-	0.02
PASS	testdir:fixedbugs/bug065.go	native				testdir	PASS	-	-	0.05
PASS	testdir:fixedbugs/bug066.go	compiled				testdir	PASS	-	-	0.04
PASS	testdir:fixedbugs/bug066.go	interpreted				testdir	PASS	-	-	0.01
PASS	testdir:fixedbugs/bug066.go	native				testdir	PASS	-	-	0.01
PASS	testdir:fixedbugs/bug067.go	compiled				testdir	PASS	-	-	0.13
PASS	testdir:fixedbugs/bug067.go	interpreted				testdir	PASS	-	-	0.02
PASS	testdir:fixedbugs/bug067.go	native				testdir	PASS	-	-	0.05
PASS	testdir:fixedbugs/bug068.go	compiled				testdir	PASS	-	-	0.01
PASS	testdir:fixedbugs/bug068.go	interpreted				testdir	PASS	-	-	0.01
PASS	testdir:fixedbugs/bug068.go	native				testdir	PASS	-	-	0.01
PASS	testdir:fixedbugs/bug069.go	compiled				testdir	PASS	-	-	0.04
PASS	testdir:fixedbugs/bug069.go	interpreted				testdir	PASS	-	-	0.01
PASS	testdir:fixedbugs/bug069.go	native				testdir	PASS	-	-	0.01
PASS	testdir:fixedbugs/bug070.go	compiled				testdir	PASS	-	-	0.26
PASS	testdir:fixedbugs/bug070.go	interpreted				testdir	PASS	-	-	0.9
PASS	testdir:fixedbugs/bug070.go	native				testdir	PASS	-	-	0.07
PASS	testdir:fixedbugs/bug071.go	compiled				testdir	PASS	-	-	0.04
PASS	testdir:fixedbugs/bug071.go	interpreted				testdir	PASS	-	-	0.01
PASS	testdir:fixedbugs/bug071.go	native				testdir	PASS	-	-	0.01
PASS	testdir:fixedbugs/bug072.go	compiled				testdir	PASS	-	-	0.01
PASS	testdir:fixedbugs/bug072.go	interpreted				testdir	PASS	-	-	0.01
PASS	testdir:fixedbugs/bug072.go	native				testdir	PASS	-	-	0.01
PASS	testdir:fixedbugs/bug073.go	compiled				testdir	PASS	-	-	0.05
PASS	testdir:fixedbugs/bug073.go	interpreted				testdir	PASS	-	-	0.01
PASS	testdir:fixedbugs/bug073.go	native				testdir	PASS	-	-	0.01
PASS	testdir:fixedbugs/bug074.go	compiled				testdir	PASS	-	-	0.01
PASS	testdir:fixedbugs/bug074.go	interpreted				testdir	PASS	-	-	0.01
PASS	testdir:fixedbugs/bug074.go	native				testdir	PASS	-	-	0.01
PASS	testdir:fixedbugs/bug075.go	compiled				testdir	PASS	-	-	0.13
PASS	testdir:fixedbugs/bug075.go	interpreted				testdir	PASS	-	-	0.02
PASS	testdir:fixedbugs/bug075.go	native				testdir	PASS	-	-	0.05
PASS	testdir:fixedbugs/bug076.go	compiled				testdir	PASS	-	-	0.12
PASS	testdir:fixedbugs/bug076.go	interpreted				testdir	PASS	-	-	0.01
PASS	testdir:fixedbugs/bug076.go	native				testdir	PASS	-	-	0.09
PASS	testdir:fixedbugs/bug077.go	compiled				testdir	PASS	-	-	0.05
PASS	testdir:fixedbugs/bug077.go	interpreted				testdir	PASS	-	-	0.01
PASS	testdir:fixedbugs/bug077.go	native				testdir	PASS	-	-	0.01
PASS	testdir:fixedbugs/bug078.go	compiled				testdir	PASS	-	-	0.13
PASS	testdir:fixedbugs/bug078.go	interpreted				testdir	PASS	-	-	0.02
PASS	testdir:fixedbugs/bug078.go	native				testdir	PASS	-	-	0.05
PASS	testdir:fixedbugs/bug080.go	compiled				testdir	PASS	-	-	0.05
PASS	testdir:fixedbugs/bug080.go	interpreted				testdir	PASS	-	-	0.01
PASS	testdir:fixedbugs/bug080.go	native				testdir	PASS	-	-	0.01
PASS	testdir:fixedbugs/bug081.go	compiled				testdir	PASS	-	-	0.01
PASS	testdir:fixedbugs/bug081.go	interpreted				testdir	PASS	-	-	0.01
PASS	testdir:fixedbugs/bug081.go	native				testdir	PASS	-	-	0.01
PASS	testdir:fixedbugs/bug082.go	compiled				testdir	PASS	-	-	0.14
PASS	testdir:fixedbugs/bug082.go	interpreted				testdir	PASS	-	-	0.03
PASS	testdir:fixedbugs/bug082.go	native				testdir	PASS	-	-	0.05
PASS	testdir:fixedbugs/bug083.go	compiled				testdir	PASS	-	-	0.07
PASS	testdir:fixedbugs/bug083.go	interpreted				testdir	PASS	-	-	0.02
PASS	testdir:fixedbugs/bug083.go	native				testdir	PASS	-	-	0.02
PASS	testdir:fixedbugs/bug084.go	compiled				testdir	PASS	-	-	0.14
PASS	testdir:fixedbugs/bug084.go	interpreted				testdir	PASS	-	-	0.02
PASS	testdir:fixedbugs/bug084.go	native				testdir	PASS	-	-	0.05
PASS	testdir:fixedbugs/bug085.go	compiled				testdir	PASS	-	-	0.01
PASS	testdir:fixedbugs/bug085.go	interpreted				testdir	PASS	-	-	0.01
PASS	testdir:fixedbugs/bug085.go	native				testdir	PASS	-	-	0.01
PASS	testdir:fixedbugs/bug086.go	compiled				testdir	PASS	-	-	0.01
PASS	testdir:fixedbugs/bug086.go	interpreted				testdir	PASS	-	-	0.01
PASS	testdir:fixedbugs/bug086.go	native				testdir	PASS	-	-	0.01
PASS	testdir:fixedbugs/bug087.go	compiled				testdir	PASS	-	-	0.06
PASS	testdir:fixedbugs/bug087.go	interpreted				testdir	PASS	-	-	0.01
PASS	testdir:fixedbugs/bug087.go	native				testdir	PASS	-	-	0.01
PASS	testdir:fixedbugs/bug088.go	compiled				testdir	PASS	-	-	0.11
PASS	testdir:fixedbugs/bug088.go	interpreted				testdir	PASS	-	-	0.02
PASS	testdir:fixedbugs/bug088.go	native				testdir	PASS	-	-	0.02
PASS	testdir:fixedbugs/bug089.go	compiled				testdir	PASS	-	-	0.06
PASS	testdir:fixedbugs/bug089.go	interpreted				testdir	PASS	-	-	0.01
PASS	testdir:fixedbugs/bug089.go	native				testdir	PASS	-	-	0.01
PASS	testdir:fixedbugs/bug090.go	compiled				testdir	PASS	-	-	0.01
PASS	testdir:fixedbugs/bug090.go	interpreted				testdir	PASS	-	-	0.01
PASS	testdir:fixedbugs/bug090.go	native				testdir	PASS	-	-	0.01
PASS	testdir:fixedbugs/bug091.go	compiled				testdir	PASS	-	-	0.01
PASS	testdir:fixedbugs/bug091.go	interpreted				testdir	PASS	-	-	0.01
PASS	testdir:fixedbugs/bug091.go	native				testdir	PASS	-	-	0.01
PASS	testdir:fixedbugs/bug092.go	compiled				testdir	PASS	-	-	0.14
PASS	testdir:fixedbugs/bug092.go	interpreted				testdir	PASS	-	-	0.02
PASS	testdir:fixedbugs/bug092.go	native				testdir	PASS	-	-	0.05
PASS	testdir:fixedbugs/bug093.go	compiled				testdir	PASS	-	-	0.13
PASS	testdir:fixedbugs/bug093.go	interpreted				testdir	PASS	-	-	0.02
PASS	testdir:fixedbugs/bug093.go	native				testdir	PASS	-	-	0.05
PASS	testdir:fixedbugs/bug094.go	compiled				testdir	PASS	-	-	0.05
PASS	testdir:fixedbugs/bug094.go	interpreted				testdir	PASS	-	-	0.01
PASS	testdir:fixedbugs/bug094.go	native				testdir	PASS	-	-	0.01
PASS	testdir:fixedbugs/bug096.go	compiled				testdir	PASS	-	-	0.06
PASS	testdir:fixedbugs/bug096.go	interpreted				testdir	PASS	-	-	0.01
PASS	testdir:fixedbugs/bug096.go	native				testdir	PASS	-	-	0.01
PASS	testdir:fixedbugs/bug097.go	compiled				testdir	PASS	-	-	0.14
PASS	testdir:fixedbugs/bug097.go	interpreted				testdir	PASS	-	-	0.02
PASS	testdir:fixedbugs/bug097.go	native				testdir	PASS	-	-	0.05
PASS	testdir:fixedbugs/bug098.go	compiled				testdir	PASS	-	-	0.05
PASS	testdir:fixedbugs/bug098.go	interpreted				testdir	PASS	-	-	0.01
PASS	testdir:fixedbugs/bug098.go	native				testdir	PASS	-	-	0.01
PASS	testdir:fixedbugs/bug099.go	compiled				testdir	PASS	-	-	0.13
PASS	testdir:fixedbugs/bug099.go	interpreted				testdir	PASS	-	-	0.02
PASS	testdir:fixedbugs/bug099.go	native				testdir	PASS	-	-	0.05
PASS	testdir:fixedbugs/bug101.go	compiled				testdir	PASS	-	-	0.13
PASS	testdir:fixedbugs/bug101.go	interpreted				testdir	PASS	-	-	0.02
PASS	testdir:fixedbugs/bug101.go	native				testdir	PASS	-	-	0.05
PASS	testdir:fixedbugs/bug102.go	compiled				testdir	PASS	-	-	0.13
PASS	testdir:fixedbugs/bug102.go	interpreted				testdir	PASS	-	-	0.02
PASS	testdir:fixedbugs/bug102.go	native				testdir	PASS	-	-	0.04
PASS	testdir:fixedbugs/bug103.go	compiled				testdir	PASS	-	-	0.01
PASS	testdir:fixedbugs/bug103.go	interpreted				testdir	PASS	-	-	0.01
PASS	testdir:fixedbugs/bug103.go	native				testdir	PASS	-	-	0.01
PASS	testdir:fixedbugs/bug104.go	compiled				testdir	PASS	-	-	0.01
PASS	testdir:fixedbugs/bug104.go	interpreted				testdir	PASS	-	-	0.01
PASS	testdir:fixedbugs/bug104.go	native				testdir	PASS	-	-	0.01
PASS	testdir:fixedbugs/bug106.go	compiled				testdir	PASS	-	-	0.09
PASS	testdir:fixedbugs/bug106.go	interpreted				testdir	PASS	-	-	0.02
PASS	testdir:fixedbugs/bug106.go	native				testdir	PASS	-	-	0.01
PASS	testdir:fixedbugs/bug107.go	compiled				testdir	PASS	-	-	0.06
PASS	testdir:fixedbugs/bug107.go	interpreted				testdir	PASS	-	-	0.05
PASS	testdir:fixedbugs/bug107.go	native				testdir	PASS	-	-	0.01
PASS	testdir:fixedbugs/bug108.go	compiled				testdir	PASS	-	-	0.01
PASS	testdir:fixedbugs/bug108.go	interpreted				testdir	PASS	-	-	0.01
PASS	testdir:fixedbugs/bug108.go	native				testdir	PASS	-	-	0.01
PASS	testdir:fixedbugs/bug109.go	compiled				testdir	PASS	-	-	0.04
PASS	testdir:fixedbugs/bug109.go	interpreted				testdir	PASS	-	-	0.01
PASS	testdir:fixedbugs/bug109.go	native				testdir	PASS	-	-	0.01
PASS	testdir:fixedbugs/bug110.go	compiled				testdir	PASS	-	-	0.13
PASS	testdir:fixedbugs/bug110.go	interpreted				testdir	PASS	-	-	0.01
PASS	testdir:fixedbugs/bug110.go	native				testdir	PASS	-	-	0.09
PASS	testdir:fixedbugs/bug111.go	compiled				testdir	PASS	-	-	0.14
PASS	testdir:fixedbugs/bug111.go	interpreted				testdir	PASS	-	-	0.02
PASS	testdir:fixedbugs/bug111.go	native				testdir	PASS	-	-	0.05
PASS	testdir:fixedbugs/bug112.go	compiled				testdir	PASS	-	-	0.05
PASS	testdir:fixedbugs/bug112.go	interpreted				testdir	PASS	-	-	0.01
PASS	testdir:fixedbugs/bug112.go	native				testdir	PASS	-	-	0.01
PASS	testdir:fixedbugs/bug113.go	compiled				testdir	PASS	-	-	0.13
PASS	testdir:fixedbugs/bug113.go	interpreted				testdir	PASS	-	-	0.02
PASS	testdir:fixedbugs/bug113.go	native				testdir	PASS	-	-	0.05
PASS	testdir:fixedbugs/bug114.go	compiled				testdir	PASS	-	-	0.13
PASS	testdir:fixedbugs/bug114.go	interpreted				testdir	PASS	-	-	0.02
PASS	testdir:fixedbugs/bug114.go	native				testdir	PASS	-	-	0.05
PASS	testdir:fixedbugs/bug115.go	compiled				testdir	PASS	-	-	0.05
PASS	testdir:fixedbugs/bug115.go	interpreted				testdir	PASS	-	-	0.01
PASS	testdir:fixedbugs/bug115.go	native				testdir	PASS	-	-	0.01
PASS	testdir:fixedbugs/bug116.go	compiled				testdir	PASS	-	-	0.12
PASS	testdir:fixedbugs/bug116.go	interpreted				testdir	PASS	-	-	0.02
PASS	testdir:fixedbugs/bug116.go	native				testdir	PASS	-	-	0.05
PASS	testdir:fixedbugs/bug117.go	compiled				testdir	PASS	-	-	0.01
PASS	testdir:fixedbugs/bug117.go	interpreted				testdir	PASS	-	-	0.01
PASS	testdir:fixedbugs/bug117.go	native				testdir	PASS	-	-	0.01
PASS	testdir:fixedbugs/bug118.go	compiled				testdir	PASS	-	-	0.05
PASS	testdir:fixedbugs/bug118.go	interpreted				testdir	PASS	-	-	0.01
PASS	testdir:fixedbugs/bug118.go	native				testdir	PASS	-	-	0.01
PASS	testdir:fixedbugs/bug119.go	compiled				testdir	PASS	-	-	0.13
PASS	testdir:fixedbugs/bug119.go	interpreted				testdir	PASS	-	-	0.03
PASS	testdir:fixedbugs/bug119.go	native				testdir	PASS	-	-	0.05
PASS	testdir:fixedbugs/bug120.go	compiled				testdir	PASS	-	-	0.33
PASS	testdir:fixedbugs/bug120.go	interpreted				testdir	PASS	-	-	1.13
PASS	testdir:fixedbugs/bug120.go	native				testdir	PASS	-	-	0.05
PASS	testdir:fixedbugs/bug121.go	compiled				testdir	PASS	-	-	0.01
PASS	testdir:fixedbugs/bug121.go	interpreted				testdir	PASS	-	-	0.01
PASS	testdir:fixedbugs/bug121.go	native				testdir	PASS	-	-	0.01
PASS	testdir:fixedbugs/bug122.go	compiled				testdir	PASS	-	-	0.01
PASS	testdir:fixedbugs/bug122.go	interpreted				testdir	PASS	-	-	0.01
PASS	testdir:fixedbugs/bug122.go	native				testdir	PASS	-	-	0.01
PASS	testdir:fixedbugs/bug123.go	compiled				testdir	PASS	-	-	0.01
PASS	testdir:fixedbugs/bug123.go	interpreted				testdir	PASS	-	-	0.01
PASS	testdir:fixedbugs/bug123.go	native				testdir	PASS	-	-	0.01
PASS	testdir:fixedbugs/bug126.go	compiled				testdir	PASS	-	-	0.01
PASS	testdir:fixedbugs/bug126.go	interpreted				testdir	PASS	-	-	0.01
PASS	testdir:fixedbugs/bug126.go	native				testdir	PASS	-	-	0.01
PASS	testdir:fixedbugs/bug127.go	compiled				testdir	PASS	-	-	0.01
PASS	testdir:fixedbugs/bug127.go	interpreted				testdir	PASS	-	-	0.01
PASS	testdir:fixedbugs/bug127.go	native				testdir	PASS	-	-	0.01
PASS	testdir:fixedbugs/bug128.go	compiled				testdir	PASS	-	-	0.12
PASS	testdir:fixedbugs/bug128.go	interpreted				testdir	PASS	-	-	0.02
PASS	testdir:fixedbugs/bug128.go	native				testdir	PASS	-	-	0.05
PASS	testdir:fixedbugs/bug129.go	compiled				testdir	PASS	-	-	0.09
PASS	testdir:fixedbugs/bug129.go	interpreted				testdir	PASS	-	-	0.06
PASS	testdir:fixedbugs/bug129.go	native				testdir	PASS	-	-	0.01
PASS	testdir:fixedbugs/bug130.go	compiled				testdir	PASS	-	-	0.23
PASS	testdir:fixedbugs/bug130.go	interpreted				testdir	PASS	-	-	0.92
PASS	testdir:fixedbugs/bug130.go	native				testdir	PASS	-	-	0.05
PASS	testdir:fixedbugs/bug131.go	compiled				testdir	PASS	-	-	0.01
PASS	testdir:fixedbugs/bug131.go	interpreted				testdir	PASS	-	-	0.01
PASS	testdir:fixedbugs/bug131.go	native				testdir	PASS	-	-	0.01
PASS	testdir:fixedbugs/bug132.go	compiled				testdir	PASS	-	-	0.01
PASS	testdir:fixedbugs/bug132.go	interpreted				testdir	PASS	-	-	0.01
PASS	testdir:fixedbugs/bug132.go	native				testdir	PASS	-	-	0.01
PASS	testdir:fixedbugs/bug133.go	compiled				testdir	PASS	-	-	0.1
PASS	testdir:fixedbugs/bug133.go	interpreted				testdir	PASS	-	-	0.03
PASS	testdir:fixedbugs/bug133.go	native				testdir	PASS	-	-	0.02
PASS	testdir:fixedbugs/bug13343.go	compiled				testdir	PASS	-	-	0.01
PASS	testdir:fixedbugs/bug13343.go	interpreted				testdir	PASS	-	-	0.01
PASS	testdir:fixedbugs/bug13343.go	native				testdir	PASS	-	-	0.01
PASS	testdir:fixedbugs/bug135.go	compiled				testdir	PASS	-	-	0.05
PASS	testdir:fixedbugs/bug135.go	interpreted				testdir	PASS	-	-	0.01
PASS	testdir:fixedbugs/bug135.go	native				testdir	PASS	-	-	0.01
PASS	testdir:fixedbugs/bug136.go	compiled				testdir	PASS	-	-	0.01
PASS	testdir:fixedbugs/bug136.go	interpreted				testdir	PASS	-	-	0.01
PASS	testdir:fixedbugs/bug136.go	native				testdir	PASS	-	-	0.01
PASS	testdir:fixedbugs/bug137.go	compiled				testdir	PASS	-	-	0.05
PASS	testdir:fixedbugs/bug137.go	interpreted				testdir	PASS	-	-	0.02
PASS	testdir:fixedbugs/bug137.go	native				testdir	PASS	-	-	0.01
PASS	testdir:fixedbugs/bug139.go	compiled				testdir	PASS	-	-	0.05
PASS	testdir:fixedbugs/bug139.go	interpreted				testdir	PASS	-	-	0.01
PASS	testdir:fixedbugs/bug139.go	native				testdir	PASS	-	-	0.01
PASS	testdir:fixedbugs/bug140.go	compiled				testdir	PASS	-	-	0.06
PASS	testdir:fixedbugs/bug140.go	interpreted				testdir	PASS	-	-	0.01
PASS	testdir:fixedbugs/bug140.go	native				testdir	PASS	-	-	0.01
PASS	testdir:fixedbugs/bug141.go	compiled				testdir	PASS	-	-	0.24
PASS	testdir:fixedbugs/bug141.go	interpreted				testdir	PASS	-	-	0.92
PASS	testdir:fixedbugs/bug141.go	native				testdir	PASS	-	-	0.06
PASS	testdir:fixedbugs/bug142.go	compiled				testdir	PASS	-	-	0.13
PASS	testdir:fixedbugs/bug142.go	interpreted				testdir	PASS	-	-	0.02
PASS	testdir:fixedbugs/bug142.go	native				testdir	PASS	-	-	0.05
PASS	testdir:fixedbugs/bug143.go	compiled				testdir	PASS	-	-	0.05
PASS	testdir:fixedbugs/bug143.go	interpreted				testdir	PASS	-	-	0.01
PASS	testdir:fixedbugs/bug143.go	native				testdir	PASS	-	-	0.01
PASS	testdir:fixedbugs/bug144.go	compiled				testdir	PASS	-	-	0.05
PASS	testdir:fixedbugs/bug144.go	interpreted				testdir	PASS	-	-	0.01
PASS	testdir:fixedbugs/bug144.go	native				testdir	PASS	-	-	0.01
PASS	testdir:fixedbugs/bug145.go	compiled				testdir	PASS	-	-	0.06
PASS	testdir:fixedbugs/bug145.go	interpreted				testdir	PASS	-	-	0.01
PASS	testdir:fixedbugs/bug145.go	native				testdir	PASS	-	-	0.01
PASS	testdir:fixedbugs/bug146.go	compiled				testdir	PASS	-	-	0.01
PASS	testdir:fixedbugs/bug146.go	interpreted				testdir	PASS	-	-	0.01
PASS	testdir:fixedbugs/bug146.go	native				testdir	PASS	-	-	0.01
PASS	testdir:fixedbugs/bug147.go	compiled				testdir	PASS	-	-	0.22
PASS	testdir:fixedbugs/bug147.go	interpreted				testdir	PASS	-	-	0.87
PASS	testdir:fixedbugs/bug147.go	native				testdir	PASS	-	-	0.05
PASS	testdir:fixedbugs/bug148.go	compiled				testdir	PASS	-	-	0.13
PASS	testdir:fixedbugs/bug148.go	interpreted				testdir	PASS	-	-	0.02
PASS	testdir:fixedbugs/bug148.go	native				testdir	PASS	-	-	0.05
PASS	testdir:fixedbugs/bug149.go	compiled				testdir	PASS	-	-	0.06
PASS	testdir:fixedbugs/bug149.go	interpreted				testdir	PASS	-	-	0.01
PASS	testdir:fixedbugs/bug149.go	native				testdir	PASS	-	-	0.01
PASS	testdir:fixedbugs/bug150.go	compiled				testdir	PASS	-	-	0.04
PASS	testdir:fixedbugs/bug150.go	interpreted				testdir	PASS	-	-	0.01
PASS	testdir:fixedbugs/bug150.go	native				testdir	PASS	-	-	0.01
PASS	testdir:fixedbugs/bug151.go	compiled				testdir	PASS	-	-	0.04
PASS	testdir:fixedbugs/bug151.go	interpreted				testdir	PASS	-	-	0.01
PASS	testdir:fixedbugs/bug151.go	native				testdir	PASS	-	-	0.01
PASS	testdir:fixedbugs/bug1515.go	compiled				testdir	PASS	-	-	0.15
PASS	testdir:fixedbugs/bug1515.go	interpreted				testdir	PASS	-	-	0.02
PASS	testdir:fixedbugs/bug1515.go	native				testdir	PASS	-	-	0.05
PASS	testdir:fixedbugs/bug152.go	compiled				testdir	PASS	-	-	0.14
PASS	testdir:fixedbugs/bug152.go	interpreted				testdir	PASS	-	-	0.03
PASS	testdir:fixedbugs/bug152.go	native				testdir	PASS	-	-	0.05
PASS	testdir:fixedbugs/bug154.go	compiled				testdir	PASS	-	-	0.26
PASS	testdir:fixedbugs/bug154.go	interpreted				testdir	PASS	-	-	0.92
PASS	testdir:fixedbugs/bug154.go	native				testdir	PASS	-	-	0.06
PASS	testdir:fixedbugs/bug155.go	compiled				testdir	PASS	-	-	0.14
PASS	testdir:fixedbugs/bug155.go	interpreted				testdir	PASS	-	-	0.01
PASS	testdir:fixedbugs/bug155.go	native				testdir	PASS	-	-	0.09
PASS	testdir:fixedbugs/bug156.go	compiled				testdir	PASS	-	-	0.05
PASS	testdir:fixedbugs/bug156.go	interpreted				testdir	PASS	-	-	0.01
PASS	testdir:fixedbugs/bug156.go	native				testdir	PASS	-	-	0.01
PASS	testdir:fixedbugs/bug157.go	compiled				testdir	PASS	-	-	0.04
PASS	testdir:fixedbugs/bug157.go	interpreted				testdir	PASS	-	-	0.01
PASS	testdir:fixedbugs/bug157.go	native				testdir	PASS	-	-	0.01
PASS	testdir:fixedbugs/bug158.go	compiled				testdir	PASS	-	-	0.05
PASS	testdir:fixedbugs/bug158.go	interpreted				testdir	PASS	-	-	0.01
PASS	testdir:fixedbugs/bug158.go	native				testdir	PASS	-	-	0.01
PASS	testdir:fixedbugs/bug159.go	compiled				testdir	PASS	-	-	0.23
PASS	testdir:fixedbugs/bug159.go	interpreted				testdir	PASS	-	-	0.9
PASS	testdir:fixedbugs/bug159.go	native				testdir	PASS	-	-	0.05
PASS	testdir:fixedbugs/bug160.go	compiled				testdir	PASS	-	-	0.19
PASS	testdir:fixedbugs/bug160.go	interpreted				testdir	PASS	-	-	0.95
PASS	testdir:fixedbugs/bug160.go	native				testdir	PASS	-	-	0.06
PASS	testdir:fixedbugs/bug161.go	compiled				testdir	PASS	-	-	0.05
PASS	testdir:fixedbugs/bug161.go	interpreted				testdir	PASS	-	-	0.01
PASS	testdir:fixedbugs/bug161.go	native				testdir	PASS	-	-	0.01
PASS	testdir:fixedbugs/bug163.go	compiled				testdir	PASS	-	-	0.01
PASS	testdir:fixedbugs/bug163.go	interpreted				testdir	PASS	-	-	0.01
PASS	testdir:fixedbugs/bug163.go	native				testdir	PASS	-	-	0.01
PASS	testdir:fixedbugs/bug164.go	compiled				testdir	PASS	-	-	0.05
PASS	testdir:fixedbugs/bug164.go	interpreted				testdir	PASS	-	-	0.01
PASS	testdir:fixedbugs/bug164.go	native				testdir	PASS	-	-	0.01
PASS	testdir:fixedbugs/bug165.go	compiled				testdir	PASS	-	-	0.01
PASS	testdir:fixedbugs/bug165.go	interpreted				testdir	PASS	-	-	0.01
PASS	testdir:fixedbugs/bug165.go	native				testdir	PASS	-	-	0.01
PASS	testdir:fixedbugs/bug167.go	compiled				testdir	PASS	-	-	0.13
PASS	testdir:fixedbugs/bug167.go	interpreted				testdir	PASS	-	-	0.01
PASS	testdir:fixedbugs/bug167.go	native				testdir	PASS	-	-	0.09
PASS	testdir:fixedbugs/bug168.go	compiled				testdir	PASS	-	-	0.14
PASS	testdir:fixedbugs/bug168.go	interpreted				testdir	PASS	-	-	0.02
PASS	testdir:fixedbugs/bug168.go	native				testdir	PASS	-	-	0.05
PASS	testdir:fixedbugs/bug169.go	compiled				testdir	PASS	-	-	0.01
PASS	testdir:fixedbugs/bug169.go	interpreted				testdir	PASS	-	-	0.01
PASS	testdir:fixedbugs/bug169.go	native				testdir	PASS	-	-	0.01
PASS	testdir:fixedbugs/bug170.go	compiled				testdir	PASS	-	-	0.01
PASS	testdir:fixedbugs/bug170.go	interpreted				testdir	PASS	-	-	0.01
PASS	testdir:fixedbugs/bug170.go	native				testdir	PASS	-	-	0.01
PASS	testdir:fixedbugs/bug171.go	compiled				testdir	PASS	-	-	0.01
PASS	testdir:fixedbugs/bug171.go	interpreted				testdir	PASS	-	-	0.01
PASS	testdir:fixedbugs/bug171.go	native				testdir	PASS	-	-	0.01
PASS	testdir:fixedbugs/bug172.go	compiled				testdir	PASS	-	-	0.01
PASS	testdir:fixedbugs/bug172.go	interpreted				testdir	PASS	-	-	0.01
PASS	testdir:fixedbugs/bug172.go	native				testdir	PASS	-	-	0.01
PASS	testdir:fixedbugs/bug173.go	compiled				testdir	PASS	-	-	0.05
PASS	testdir:fixedbugs/bug173.go	interpreted				testdir	PASS	-	-	0.01
PASS	testdir:fixedbugs/bug173.go	native				testdir	PASS	-	-	0.01
PASS	testdir:fixedbugs/bug174.go	compiled				testdir	PASS	-	-	0.05
PASS	testdir:fixedbugs/bug174.go	interpreted				testdir	PASS	-	-	0.01
PASS	testdir:fixedbugs/bug174.go	native				testdir	PASS	-	-	0.01
PASS	testdir:fixedbugs/bug175.go	compiled				testdir	PASS	-	-	0.01
PASS	testdir:fixedbugs/bug175.go	interpreted				testdir	PASS	-	-	0.01
PASS	testdir:fixedbugs/bug175.go	native				testdir	PASS	-	-	0.01
PASS	testdir:fixedbugs/bug176.go	compiled				testdir	PASS	-	-	0.01
PASS	testdir:fixedbugs/bug176.go	interpreted				testdir	PASS	-	-	0.01
PASS	testdir:fixedbugs/bug176.go	native				testdir	PASS	-	-	0.01
PASS	testdir:fixedbugs/bug177.go	compiled				testdir	PASS	-	-	0.24
PASS	testdir:fixedbugs/bug177.go	interpreted				testdir	PASS	-	-	0.94
PASS	testdir:fixedbugs/bug177.go	native				testdir	PASS	-	-	0.06
PASS	testdir:fixedbugs/bug178.go	compiled				testdir	PASS	-	-	0.13
PASS	testdir:fixedbugs/bug178.go	interpreted				testdir	PASS	-	-	0.02
PASS	testdir:fixedbugs/bug178.go	native				testdir	PASS	-	-	0.05
PASS	testdir:fixedbugs/bug179.go	compiled				testdir	PASS	-	-	0.02
PASS	testdir:fixedbugs/bug179.go	interpreted				testdir	PASS	-	-	0.01
PASS	testdir:fixedbugs/bug179.go	native				testdir	PASS	-	-	0.01
PASS	testdir:fixedbugs/bug180.go	compiled				testdir	PASS	-	-	0.13
PASS	testdir:fixedbugs/bug180.go	interpreted				testdir	PASS	-	-	0.02
PASS	testdir:fixedbugs/bug180.go	native				testdir	PASS	-	-	0.05
PASS	testdir:fixedbugs/bug181.go	compiled				testdir	PASS	-	-	0.01
PASS	testdir:fixedbugs/bug181.go	interpreted				testdir	PASS	-	-	0.01
PASS	testdir:fixedbugs/bug181.go	native				testdir	PASS	-	-	0.01
PASS	testdir:fixedbugs/bug182.go	compiled				testdir	PASS	-	-	0.01
PASS	testdir:fixedbugs/bug182.go	interpreted				testdir	PASS	-	-	0.01
PASS	testdir:fixedbugs/bug182.go	native				testdir	PASS	-	-	0.01
PASS	testdir:fixedbugs/bug183.go	compiled				testdir	PASS	-	-	0.01
PASS	testdir:fixedbugs/bug183.go	interpreted				testdir	PASS	-	-	0.01
PASS	testdir:fixedbugs/bug183.go	native				testdir	PASS	-	-	0.01
PASS	testdir:fixedbugs/bug184.go	compiled				testdir	PASS	-	-	0.26
PASS	testdir:fixedbugs/bug184.go	interpreted				testdir	PASS	-	-	0.92
PASS	testdir:fixedbugs/bug184.go	native				testdir	PASS	-	-	0.07
PASS	testdir:fixedbugs/bug185.go	compiled				testdir	PASS	-	-	0.13
PASS	testdir:fixedbugs/bug185.go	interpreted				testdir	PASS	-	-	0.02
PASS	testdir:fixedbugs/bug185.go	native				testdir	PASS	-	-	0.05
PASS	testdir:fixedbugs/bug186.go	compiled				testdir	PASS	-	-	0.01
PASS	testdir:fixedbugs/bug186.go	interpreted				testdir	PASS	-	-	0.01
PASS	testdir:fixedbugs/bug186.go	native				testdir	PASS	-	-	0.01
PASS	testdir:fixedbugs/bug187.go	compiled				testdir	PASS	-	-	0.24
PASS	testdir:fixedbugs/bug187.go	interpreted				testdir	PASS	-	-	0.9
PASS	testdir:fixedbugs/bug187.go	native				testdir	PASS	-	-	0.06
PASS	testdir:fixedbugs/bug188.go	compiled				testdir	PASS	-	-	0.05
PASS	testdir:fixedbugs/bug188.go	interpreted				testdir	PASS	-	-	0.05
PASS	testdir:fixedbugs/bug188.go	native				testdir	PASS	-	-	0.01
PASS	testdir:fixedbugs/bug189.go	compiled				testdir	PASS	-	-	0.01
PASS	testdir:fixedbugs/bug189.go	interpreted				testdir	PASS	-	-	0.01
PASS	testdir:fixedbugs/bug189.go	native				testdir	PASS	-	-	0.01
PASS	testdir:fixedbugs/bug190.go	compiled				testdir	PASS	-	-	0.07
PASS	testdir:fixedbugs/bug190.go	interpreted				testdir	PASS	-	-	0.01
PASS	testdir:fixedbugs/bug190.go	native				testdir	PASS	-	-	0.01
PASS	testdir:fixedbugs/bug191.go	compiled				testdir	PASS	-	-	0.21
PASS	testdir:fixedbugs/bug191.go	interpreted				testdir	PASS	-	-	0.04
PASS	testdir:fixedbugs/bug191.go	native				testdir	PASS	-	-	0.06
PASS	testdir:fixedbugs/bug192.go	compiled				testdir	PASS	-	-	0.07
PASS	testdir:fixedbugs/bug192.go	interpreted				testdir	PASS	-	-	0.06
PASS	testdir:fixedbugs/bug192.go	native				testdir	PASS	-	-	0.01
PASS	testdir:fixedbugs/bug193.go	compiled				testdir	PASS	-	-	0.01
PASS	testdir:fixedbugs/bug193.go	interpreted				testdir	PASS	-	-	0.01
PASS	testdir:fixedbugs/bug193.go	native				testdir	PASS	-	-	0.01
PASS	testdir:fixedbugs/bug194.go	compiled				testdir	PASS	-	-	0.15
PASS	testdir:fixedbugs/bug194.go	interpreted				testdir	PASS	-	-	0.02
PASS	testdir:fixedbugs/bug194.go	native				testdir	PASS	-	-	0.05
PASS	testdir:fixedbugs/bug19403.go	compiled				testdir	PASS	-	-	0.14
PASS	testdir:fixedbugs/bug19403.go	interpreted				testdir	PASS	-	-	0.03
PASS	testdir:fixedbugs/bug19403.go	native				testdir	PASS	-	-	0.05
PASS	testdir:fixedbugs/bug195.go	compiled				testdir	PASS	-	-	0.01
PASS	testdir:fixedbugs/bug195.go	interpreted				testdir	PASS	-	-	0.01
PASS	testdir:fixedbugs/bug195.go	native				testdir	PASS	-	-	0.01
PASS	testdir:fixedbugs/bug196.go	compiled				testdir	PASS	-	-	0.15
PASS	testdir:fixedbugs/bug196.go	interpreted				testdir	PASS	-	-	0.02
PASS	testdir:fixedbugs/bug196.go	native				testdir	PASS	-	-	0.05
PASS	testdir:fixedbugs/bug197.go	compiled				testdir	PASS	-	-	0.01
PASS	testdir:fixedbugs/bug197.go	interpreted				testdir	PASS	-	-	0.01
PASS	testdir:fixedbugs/bug197.go	native				testdir	PASS	-	-	0.01
PASS	testdir:fixedbugs/bug198.go	compiled				testdir	PASS	-	-	0.01
PASS	testdir:fixedbugs/bug198.go	interpreted				testdir	PASS	-	-	0.01
PASS	testdir:fixedbugs/bug198.go	native				testdir	PASS	-	-	0.01
PASS	testdir:fixedbugs/bug199.go	compiled				testdir	PASS	-	-	0.15
PASS	testdir:fixedbugs/bug199.go	interpreted				testdir	PASS	-	-	0.02
PASS	testdir:fixedbugs/bug199.go	native				testdir	PASS	-	-	0.05
PASS	testdir:fixedbugs/bug200.go	compiled				testdir	PASS	-	-	0.01
PASS	testdir:fixedbugs/bug200.go	interpreted				testdir	PASS	-	-	0.01
PASS	testdir:fixedbugs/bug200.go	native				testdir	PASS	-	-	0.01
PASS	testdir:fixedbugs/bug201.go	compiled				testdir	PASS	-	-	0.14
PASS	testdir:fixedbugs/bug201.go	interpreted				testdir	PASS	-	-	0.02
PASS	testdir:fixedbugs/bug201.go	native				testdir	PASS	-	-	0.05
PASS	testdir:fixedbugs/bug202.go	compiled				testdir	PASS	-	-	0.14
PASS	testdir:fixedbugs/bug202.go	interpreted				testdir	PASS	-	-	0.02
PASS	testdir:fixedbugs/bug202.go	native				testdir	PASS	-	-	0.05
PASS	testdir:fixedbugs/bug203.go	compiled				testdir	PASS	-	-	0.15
PASS	testdir:fixedbugs/bug203.go	interpreted				testdir	PASS	-	-	0.02
PASS	testdir:fixedbugs/bug203.go	native				testdir	PASS	-	-	0.05
PASS	testdir:fixedbugs/bug204.go	compiled				testdir	PASS	-	-	0.14
PASS	testdir:fixedbugs/bug204.go	interpreted				testdir	PASS	-	-	0.02
PASS	testdir:fixedbugs/bug204.go	native				testdir	PASS	-	-	0.05
PASS	testdir:fixedbugs/bug205.go	compiled				testdir	PASS	-	-	0.01
PASS	testdir:fixedbugs/bug205.go	interpreted				testdir	PASS	-	-	0.01
PASS	testdir:fixedbugs/bug205.go	native				testdir	PASS	-	-	0.01
PASS	testdir:fixedbugs/bug206.go	compiled				testdir	PASS	-	-	0.27
PASS	testdir:fixedbugs/bug206.go	interpreted				testdir	PASS	-	-	1.2
PASS	testdir:fixedbugs/bug206.go	native				testdir	PASS	-	-	0.08
PASS	testdir:fixedbugs/bug207.go	compiled				testdir	PASS	-	-	0.27
PASS	testdir:fixedbugs/bug207.go	interpreted				testdir	PASS	-	-	0.93
PASS	testdir:fixedbugs/bug207.go	native				testdir	PASS	-	-	0.07
PASS	testdir:fixedbugs/bug208.go	compiled				testdir	PASS	-	-	0.01
PASS	testdir:fixedbugs/bug208.go	interpreted				testdir	PASS	-	-	0.01
PASS	testdir:fixedbugs/bug208.go	native				testdir	PASS	-	-	0.01
PASS	testdir:fixedbugs/bug209.go	compiled				testdir	PASS	-	-	0.01
PASS	testdir:fixedbugs/bug209.go	interpreted				testdir	PASS	-	-	0.01
PASS	testdir:fixedbugs/bug209.go	native				testdir	PASS	-	-	0.01
PASS	testdir:fixedbugs/bug212.go	compiled				testdir	PASS	-	-	0.01
PASS	testdir:fixedbugs/bug212.go	interpreted				testdir	PASS	-	-	0.01
PASS	testdir:fixedbugs/bug212.go	native				testdir	PASS	-	-	0.01
PASS	testdir:fixedbugs/bug213.go	compiled				testdir	PASS	-	-	0.01
PASS	testdir:fixedbugs/bug213.go	interpreted				testdir	PASS	-	-	0.01
PASS	testdir:fixedbugs/bug213.go	native				testdir	PASS	-	-	0.01
PASS	testdir:fixedbugs/bug214.go	compiled				testdir	PASS	-	-	0.05
PASS	testdir:fixedbugs/bug214.go	interpreted				testdir	PASS	-	-	0.01
PASS	testdir:fixedbugs/bug214.go	native				testdir	PASS	-	-	0.01
PASS	testdir:fixedbugs/bug215.go	compiled				testdir	PASS	-	-	0.01
PASS	testdir:fixedbugs/bug215.go	interpreted				testdir	PASS	-	-	0.01
PASS	testdir:fixedbugs/bug215.go	native				testdir	PASS	-	-	0.01
PASS	testdir:fixedbugs/bug216.go	compiled				testdir	PASS	-	-	0.05
PASS	testdir:fixedbugs/bug216.go	interpreted				testdir	PASS	-	-	0.01
PASS	testdir:fixedbugs/bug216.go	native				testdir	PASS	-	-	0.01
PASS	testdir:fixedbugs/bug217.go	compiled				testdir	PASS	-	-	0.02
PASS	testdir:fixedbugs/bug217.go	interpreted				testdir	PASS	-	-	0.01
PASS	testdir:fixedbugs/bug217.go	native				testdir	PASS	-	-	0.01
PASS	testdir:fixedbugs/bug218.go	compiled				testdir	PASS	-	-	0.06
PASS	testdir:fixedbugs/bug218.go	interpreted				testdir	PASS	-	-	0.01
PASS	testdir:fixedbugs/bug218.go	native				testdir	PASS	-	-	0.01
PASS	testdir:fixedbugs/bug219.go	compiled				testdir	PASS	-	-	0.04
PASS	testdir:fixedbugs/bug219.go	interpreted				testdir	PASS	-	-	0.01
PASS	testdir:fixedbugs/bug219.go	native				testdir	PASS	-	-	0.01
PASS	testdir:fixedbugs/bug221.go	compiled				testdir	PASS	-	-	0.15
PASS	testdir:fixedbugs/bug221.go	interpreted				testdir	PASS	-	-	0.02
PASS	testdir:fixedbugs/bug221.go	native				testdir	PASS	-	-	0.05
PASS	testdir:fixedbugs/bug222.go	compiled				testdir	PASS	-	-	0.09
PASS	testdir:fixedbugs/bug222.go	interpreted				testdir	PASS	-	-	0.02
PASS	testdir:fixedbugs/bug222.go	native				testdir	PASS	-	-	0.02
PASS	testdir:fixedbugs/bug223.go	compiled				testdir	PASS	-	-	0.01
PASS	testdir:fixedbugs/bug223.go	interpreted				testdir	PASS	-	-	0.01
PASS	testdir:fixedbugs/bug223.go	native				testdir	PASS	-	-	0.01
PASS	testdir:fixedbugs/bug224.go	compiled				testdir	PASS	-	-	0.02
PASS	testdir:fixedbugs/bug224.go	interpreted				testdir	PASS	-	-	0.01
PASS	testdir:fixedbugs/bug224.go	native				testdir	PASS	-	-	0.01
PASS	testdir:fixedbugs/bug225.go	compiled				testdir	PASS	-	-	0.14
PASS	testdir:fixedbugs/bug225.go	interpreted				testdir	PASS	-	-	0.02
PASS	testdir:fixedbugs/bug225.go	native				testdir	PASS	-	-	0.04
PASS	testdir:fixedbugs/bug227.go	compiled				testdir	PASS	-	-	0.14
PASS	testdir:fixedbugs/bug227.go	interpreted				testdir	PASS	-	-	0.02
PASS	testdir:fixedbugs/bug227.go	native				testdir	PASS	-	-	0.05
PASS	testdir:fixedbugs/bug228.go	compiled				testdir	PASS	-	-	0.01
PASS	testdir:fixedbugs/bug228.go	interpreted				testdir	PASS	-	-	0.01
PASS	testdir:fixedbugs/bug228.go	native				testdir	PASS	-	-	0.01
PASS	testdir:fixedbugs/bug228a.go	compiled				testdir	PASS	-	-	0.01
PASS	testdir:fixedbugs/bug228a.go	interpreted				testdir	PASS	-	-	0.01
PASS	testdir:fixedbugs/bug228a.go	native				testdir	PASS	-	-	0.01
PASS	testdir:fixedbugs/bug229.go	compiled				testdir	PASS	-	-	0.06
PASS	testdir:fixedbugs/bug229.go	interpreted				testdir	PASS	-	-	0.06
PASS	testdir:fixedbugs/bug229.go	native				testdir	PASS	-	-	0.01
PASS	testdir:fixedbugs/bug230.go	compiled				testdir	PASS	-	-	0.13
PASS	testdir:fixedbugs/bug230.go	interpreted				testdir	PASS	-	-	0.02
PASS	testdir:fixedbugs/bug230.go	native				testdir	PASS	-	-	0.05
PASS	testdir:fixedbugs/bug231.go	compiled				testdir	PASS	-	-	0.01
PASS	testdir:fixedbugs/bug231.go	interpreted				testdir	PASS	-	-	0.01
PASS	testdir:fixedbugs/bug231.go	native				testdir	PASS	-	-	0.01
PASS	testdir:fixedbugs/bug232.go	compiled				testdir	PASS	-	-	0.04
PASS	testdir:fixedbugs/bug232.go	interpreted				testdir	PASS	-	-	0.01
PASS	testdir:fixedbugs/bug232.go	native				testdir	PASS	-	-	0.01
PASS	testdir:fixedbugs/bug233.go	compiled				testdir	PASS	-	-	0.09
PASS	testdir:fixedbugs/bug233.go	interpreted				testdir	PASS	-	-	0.05
PASS	testdir:fixedbugs/bug233.go	native				testdir	PASS	-	-	0.01
PASS	testdir:fixedbugs/bug234.go	compiled				testdir	PASS	-	-	0.13
PASS	testdir:fixedbugs/bug234.go	interpreted				testdir	PASS	-	-	0.02
PASS	testdir:fixedbugs/bug234.go	native				testdir	PASS	-	-	0.05
PASS	testdir:fixedbugs/bug235.go	compiled				testdir	PASS	-	-	0.05
PASS	testdir:fixedbugs/bug235.go	interpreted				testdir	PASS	-	-	0.01
PASS	testdir:fixedbugs/bug235.go	native				testdir	PASS	-	-	0.01
PASS	testdir:fixedbugs/bug236.go	compiled				testdir	PASS	-	-	0.15
PASS	testdir:fixedbugs/bug236.go	interpreted				testdir	PASS	-	-	0.02
PASS	testdir:fixedbugs/bug236.go	native				testdir	PASS	-	-	0.05
PASS	testdir:fixedbugs/bug237.go	compiled				testdir	PASS	-	-	0.28
PASS	testdir:fixedbugs/bug237.go	interpreted				testdir	PASS	-	-	0.84
PASS	testdir:fixedbugs/bug237.go	native				testdir	PASS	-	-	0.06
PASS	testdir:fixedbugs/bug238.go	compiled				testdir	PASS	-	-	0.01
PASS	testdir:fixedbugs/bug238.go	interpreted				testdir	PASS	-	-	0.01
PASS	testdir:fixedbugs/bug238.go	native				testdir	PASS	-	-	0.01
PASS	testdir:fixedbugs/bug239.go	compiled				testdir	PASS	-	-	0.05
PASS	testdir:fixedbugs/bug239.go	interpreted				testdir	PASS	-	-	0.01
PASS	testdir:fixedbugs/bug239.go	native				testdir	PASS	-	-	0.01
PASS	testdir:fixedbugs/bug240.go	compiled				testdir	PASS	-	-	0.01
PASS	testdir:fixedbugs/bug240.go	interpreted				testdir	PASS	-	-	0.01
PASS	testdir:fixedbugs/bug240.go	native				testdir	PASS	-	-	0.01
PASS	testdir:fixedbugs/bug241.go	compiled				testdir	PASS	-	-	0.01
PASS	testdir:fixedbugs/bug241.go	interpreted				testdir	PASS	-	-	0.01
PASS	testdir:fixedbugs/bug241.go	native				testdir	PASS	-	-	0.01
PASS	testdir:fixedbugs/bug242.go	compiled				testdir	PASS	-	-	0.15
PASS	testdir:fixedbugs/bug242.go	interpreted				testdir	PASS	-	-	0.69
PASS	testdir:fixedbugs/bug242.go	native				testdir	PASS	-	-	0.05
PASS	testdir:fixedbugs/bug243.go	compiled				testdir	PASS	-	-	0.25
PASS	testdir:fixedbugs/bug243.go	interpreted				testdir	PASS	-	-	0.79
PASS	testdir:fixedbugs/bug243.go	native				testdir	PASS	-	-	0.05
PASS	testdir:fixedbugs/bug244.go	compiled				testdir	PASS	-	-	0.13
PASS	testdir:fixedbugs/bug244.go	interpreted				testdir	PASS	-	-	0.02
PASS	testdir:fixedbugs/bug244.go	native				testdir	PASS	-	-	0.05
PASS	testdir:fixedbugs/bug245.go	compiled				testdir	PASS	-	-	0.05
PASS	testdir:fixedbugs/bug245.go	interpreted				testdir	PASS	-	-	0.01
PASS	testdir:fixedbugs/bug245.go	native				testdir	PASS	-	-	0.01
PASS	testdir:fixedbugs/bug246.go	compiled				testdir	PASS	-	-	0.13
PASS	testdir:fixedbugs/bug246.go	interpreted				testdir	PASS	-	-	0.64
PASS	testdir:fixedbugs/bug246.go	native				testdir	PASS	-	-	0.05
PASS	testdir:fixedbugs/bug247.go	compiled				testdir	PASS	-	-	0.14
PASS	testdir:fixedbugs/bug247.go	interpreted				testdir	PASS	-	-	0.02
PASS	testdir:fixedbugs/bug247.go	native				testdir	PASS	-	-	0.05
PASS	testdir:fixedbugs/bug248.go	compiled				testdir	PASS	-	-	0.56
PASS	testdir:fixedbugs/bug248.go	interpreted				testdir	PASS	-	-	1.26
PASS	testdir:fixedbugs/bug248.go	native				testdir	PASS	-	-	0.15
PASS	testdir:fixedbugs/bug249.go	compiled				testdir	PASS	-	-	0.01
PASS	testdir:fixedbugs/bug249.go	interpreted				testdir	PASS	-	-	0.01
PASS	testdir:fixedbugs/bug249.go	native				testdir	PASS	-	-	0.01
PASS	testdir:fixedbugs/bug250.go	compiled				testdir	PASS	-	-	0.06
PASS	testdir:fixedbugs/bug250.go	interpreted				testdir	PASS	-	-	0.01
PASS	testdir:fixedbugs/bug250.go	native				testdir	PASS	-	-	0.01
PASS	testdir:fixedbugs/bug251.go	compiled				testdir	PASS	-	-	0.01
PASS	testdir:fixedbugs/bug251.go	interpreted				testdir	PASS	-	-	0.01
PASS	testdir:fixedbugs/bug251.go	native				testdir	PASS	-	-	0.01
PASS	testdir:fixedbugs/bug252.go	compiled				testdir	PASS	-	-	0.01
PASS	testdir:fixedbugs/bug252.go	interpreted				testdir	PASS	-	-	0.01
PASS	testdir:fixedbugs/bug252.go	native				testdir	PASS	-	-	0.01
PASS	testdir:fixedbugs/bug253.go	compiled				testdir	PASS	-	-	0.12
PASS	testdir:fixedbugs/bug253.go	interpreted				testdir	PASS	-	-	0.02
PASS	testdir:fixedbugs/bug253.go	native				testdir	PASS	-	-	0.05
PASS	testdir:fixedbugs/bug254.go	compiled				testdir	PASS	-	-	0.13
PASS	testdir:fixedbugs/bug254.go	interpreted				testdir	PASS	-	-	0.02
PASS	testdir:fixedbugs/bug254.go	native				testdir	PASS	-	-	0.05
PASS	testdir:fixedbugs/bug255.go	compiled				testdir	PASS	-	-	0.01
PASS	testdir:fixedbugs/bug255.go	interpreted				testdir	PASS	-	-	0.01
PASS	testdir:fixedbugs/bug255.go	native				testdir	PASS	-	-	0.01
PASS	testdir:fixedbugs/bug256.go	compiled				testdir	PASS	-	-	0.01
PASS	testdir:fixedbugs/bug256.go	interpreted				testdir	PASS	-	-	0.01
PASS	testdir:fixedbugs/bug256.go	native				testdir	PASS	-	-	0.01
PASS	testdir:fixedbugs/bug257.go	compiled				testdir	PASS	-	-	0.62
PASS	testdir:fixedbugs/bug257.go	interpreted				testdir	PASS	-	-	1.31
PASS	testdir:fixedbugs/bug257.go	native				testdir	PASS	-	-	0.12
PASS	testdir:fixedbugs/bug258.go	compiled				testdir	PASS	-	-	0.17
PASS	testdir:fixedbugs/bug258.go	interpreted				testdir	PASS	-	-	0.72
PASS	testdir:fixedbugs/bug258.go	native				testdir	PASS	-	-	0.05
PASS	testdir:fixedbugs/bug259.go	compiled				testdir	PASS	-	-	0.26
PASS	testdir:fixedbugs/bug259.go	interpreted				testdir	PASS	-	-	0.91
PASS	testdir:fixedbugs/bug259.go	native				testdir	PASS	-	-	0.06
PASS	testdir:fixedbugs/bug260.go	compiled				testdir	PASS	-	-	0.26
PASS	testdir:fixedbugs/bug260.go	interpreted				testdir	PASS	-	FIXED	1.21
PASS	testdir:fixedbugs/bug260.go	native				testdir	PASS	-	-	0.07
PASS	testdir:fixedbugs/bug261.go	compiled				testdir	PASS	-	-	0.13
PASS	testdir:fixedbugs/bug261.go	interpreted				testdir	PASS	-	-	0.02
PASS	testdir:fixedbugs/bug261.go	native				testdir	PASS	-	-	0.04
PASS	testdir:fixedbugs/bug262.go	compiled				testdir	PASS	-	-	0.31
PASS	testdir:fixedbugs/bug262.go	interpreted				testdir	PASS	-	-	1.02
PASS	testdir:fixedbugs/bug262.go	native				testdir	PASS	-	-	0.05
PASS	testdir:fixedbugs/bug263.go	compiled				testdir	PASS	-	-	0.13
PASS	testdir:fixedbugs/bug263.go	interpreted				testdir	PASS	-	-	0.02
PASS	testdir:fixedbugs/bug263.go	native				testdir	PASS	-	-	0.05
PASS	testdir:fixedbugs/bug264.go	compiled				testdir	PASS	-	-	0.15
PASS	testdir:fixedbugs/bug264.go	interpreted				testdir	PASS	-	-	0.02
PASS	testdir:fixedbugs/bug264.go	native				testdir	PASS	-	-	0.05
PASS	testdir:fixedbugs/bug265.go	compiled				testdir	PASS	-	-	0.23
PASS	testdir:fixedbugs/bug265.go	interpreted				testdir	PASS	-	-	0.89
PASS	testdir:fixedbugs/bug265.go	native				testdir	PASS	-	-	0.05
PASS	testdir:fixedbugs/bug266.go	compiled				testdir	PASS	-	-	0.13
PASS	testdir:fixedbugs/bug266.go	interpreted				testdir	PASS	-	FIXED	0.02
PASS	testdir:fixedbugs/bug266.go	native				testdir	PASS	-	-	0.05
PASS	testdir:fixedbugs/bug267.go	compiled				testdir	PASS	-	-	0.06
PASS	testdir:fixedbugs/bug267.go	interpreted				testdir	PASS	-	-	0.01
PASS	testdir:fixedbugs/bug267.go	native				testdir	PASS	-	-	0.01
PASS	testdir:fixedbugs/bug269.go	compiled				testdir	PASS	-	-	0.12
PASS	testdir:fixedbugs/bug269.go	interpreted				testdir	PASS	-	-	0.02
PASS	testdir:fixedbugs/bug269.go	native				testdir	PASS	-	-	0.05
PASS	testdir:fixedbugs/bug271.go	compiled				testdir	PASS	-	-	0.24
PASS	testdir:fixedbugs/bug271.go	interpreted				testdir	PASS	-	-	0.92
PASS	testdir:fixedbugs/bug271.go	native				testdir	PASS	-	-	0.06
PASS	testdir:fixedbugs/bug272.go	compiled				testdir	PASS	-	-	0.14
PASS	testdir:fixedbugs/bug272.go	interpreted				testdir	PASS	-	-	0.02
PASS	testdir:fixedbugs/bug272.go	native				testdir	PASS	-	-	0.05
PASS	testdir:fixedbugs/bug273.go	compiled				testdir	PASS	-	-	0.16
PASS	testdir:fixedbugs/bug273.go	interpreted				testdir	PASS	-	-	0.71
PASS	testdir:fixedbugs/bug273.go	native				testdir	PASS	-	-	0.05
PASS	testdir:fixedbugs/bug274.go	compiled				testdir	PASS	-	-	0.01
PASS	testdir:fixedbugs/bug274.go	interpreted				testdir	PASS	-	-	0.01
PASS	testdir:fixedbugs/bug274.go	native				testdir	PASS	-	-	0.01
PASS	testdir:fixedbugs/bug275.go	compiled				testdir	PASS	-	-	0.06
PASS	testdir:fixedbugs/bug275.go	interpreted				testdir	PASS	-	-	0.01
PASS	testdir:fixedbugs/bug275.go	native				testdir	PASS	-	-	0.01
PASS	testdir:fixedbugs/bug276.go	compiled				testdir	PASS	-	-	0.14
PASS	testdir:fixedbugs/bug276.go	interpreted				testdir	PASS	-	-	0.02
PASS	testdir:fixedbugs/bug276.go	native				testdir	PASS	-	-	0.04
PASS	testdir:fixedbugs/bug277.go	compiled				testdir	PASS	-	-	0.05
PASS	testdir:fixedbugs/bug277.go	interpreted				testdir	PASS	-	-	0.01
PASS	testdir:fixedbugs/bug277.go	native				testdir	PASS	-	-	0.01
PASS	testdir:fixedbugs/bug278.go	compiled				testdir	PASS	-	-	0.01
PASS	testdir:fixedbugs/bug278.go	interpreted				testdir	PASS	-	-	0.01
PASS	testdir:fixedbugs/bug278.go	native				testdir	PASS	-	-	0.01
PASS	testdir:fixedbugs/bug279.go	compiled				testdir	PASS	-	-	0.14
PASS	testdir:fixedbugs/bug279.go	interpreted				testdir	PASS	-	-	0.68
PASS	testdir:fixedbugs/bug279.go	native				testdir	PASS	-	-	0.04
PASS	testdir:fixedbugs/bug280.go	compiled				testdir	PASS	-	-	0.01
PASS	testdir:fixedbugs/bug280.go	interpreted				testdir	PASS	-	-	0.01
PASS	testdir:fixedbugs/bug280.go	native				testdir	PASS	-	-	0.01
PASS	testdir:fixedbugs/bug281.go	compiled				testdir	PASS	-	-	0.14
PASS	testdir:fixedbugs/bug281.go	interpreted				testdir	PASS	-	-	0.02
PASS	testdir:fixedbugs/bug281.go	native				testdir	PASS	-	-	0.05
PASS	testdir:fixedbugs/bug282.go	compiled				testdir	PASS	-	-	0.09
PASS	testdir:fixedbugs/bug282.go	interpreted				testdir	PASS	-	-	0.02
PASS	testdir:fixedbugs/bug282.go	native				testdir	PASS	-	-	0.02
PASS	testdir:fixedbugs/bug283.go	compiled				testdir	PASS	-	-	0.04
PASS	testdir:fixedbugs/bug283.go	interpreted				testdir	PASS	-	-	0.01
PASS	testdir:fixedbugs/bug283.go	native				testdir	PASS	-	-	0.01
PASS	testdir:fixedbugs/bug284.go	compiled				testdir	PASS	-	-	0.01
PASS	testdir:fixedbugs/bug284.go	interpreted				testdir	PASS	-	-	0.01
PASS	testdir:fixedbugs/bug284.go	native				testdir	PASS	-	-	0.01
PASS	testdir:fixedbugs/bug285.go	compiled				testdir	PASS	-	-	0.14
PASS	testdir:fixedbugs/bug285.go	interpreted				testdir	PASS	-	-	0.68
PASS	testdir:fixedbugs/bug285.go	native				testdir	PASS	-	-	0.05
PASS	testdir:fixedbugs/bug286.go	compiled				testdir	PASS	-	-	0.14
PASS	testdir:fixedbugs/bug286.go	interpreted				testdir	PASS	-	-	0.02
PASS	testdir:fixedbugs/bug286.go	native				testdir	PASS	-	-	0.05
PASS	testdir:fixedbugs/bug287.go	compiled				testdir	PASS	-	-	0.02
PASS	testdir:fixedbugs/bug287.go	interpreted				testdir	PASS	-	-	0.01
PASS	testdir:fixedbugs/bug287.go	native				testdir	PASS	-	-	0.01
PASS	testdir:fixedbugs/bug288.go	compiled				testdir	PASS	-	-	0.05
PASS	testdir:fixedbugs/bug288.go	interpreted				testdir	PASS	-	-	0.01
PASS	testdir:fixedbugs/bug288.go	native				testdir	PASS	-	-	0.01
PASS	testdir:fixedbugs/bug289.go	compiled				testdir	PASS	-	-	0.01
PASS	testdir:fixedbugs/bug289.go	interpreted				testdir	PASS	-	-	0.01
PASS	testdir:fixedbugs/bug289.go	native				testdir	PASS	-	-	0.01
PASS	testdir:fixedbugs/bug290.go	compiled				testdir	PASS	-	-	0.13
PASS	testdir:fixedbugs/bug290.go	interpreted				testdir	PASS	-	-	0.02
PASS	testdir:fixedbugs/bug290.go	native				testdir	PASS	-	-	0.05
PASS	testdir:fixedbugs/bug291.go	compiled				testdir	PASS	-	-	0.14
PASS	testdir:fixedbugs/bug291.go	interpreted				testdir	PASS	-	-	0.02
PASS	testdir:fixedbugs/bug291.go	native				testdir	PASS	-	-	0.05
PASS	testdir:fixedbugs/bug292.go	compiled				testdir	PASS	-	-	0.13
PASS	testdir:fixedbugs/bug292.go	interpreted				testdir	PASS	-	-	0.71
PASS	testdir:fixedbugs/bug292.go	native				testdir	PASS	-	-	0.05
PASS	testdir:fixedbugs/bug293.go	compiled				testdir	PASS	-	-	0.14
PASS	testdir:fixedbugs/bug293.go	interpreted				testdir	PASS	-	-	0.02
PASS	testdir:fixedbugs/bug293.go	native				testdir	PASS	-	-	0.05
PASS	testdir:fixedbugs/bug294.go	compiled				testdir	PASS	-	-	0.14
PASS	testdir:fixedbugs/bug294.go	interpreted				testdir	PASS	-	-	0.02
PASS	testdir:fixedbugs/bug294.go	native				testdir	PASS	-	-	0.05
PASS	testdir:fixedbugs/bug295.go	compiled				testdir	PASS	-	-	0.26
PASS	testdir:fixedbugs/bug295.go	interpreted				testdir	PASS	-	-	0.99
PASS	testdir:fixedbugs/bug295.go	native				testdir	PASS	-	-	0.07
PASS	testdir:fixedbugs/bug296.go	compiled				testdir	PASS	-	-	0.16
PASS	testdir:fixedbugs/bug296.go	interpreted				testdir	PASS	-	-	0.02
PASS	testdir:fixedbugs/bug296.go	native				testdir	PASS	-	-	0.12
PASS	testdir:fixedbugs/bug297.go	compiled				testdir	PASS	-	-	0.01
PASS	testdir:fixedbugs/bug297.go	interpreted				testdir	PASS	-	-	0.01
PASS	testdir:fixedbugs/bug297.go	native				testdir	PASS	-	-	0.01
PASS	testdir:fixedbugs/bug298.go	compiled				testdir	PASS	-	-	0.01
PASS	testdir:fixedbugs/bug298.go	interpreted				testdir	PASS	-	-	0.01
PASS	testdir:fixedbugs/bug298.go	native				testdir	PASS	-	-	0.01
PASS	testdir:fixedbugs/bug299.go	compiled				testdir	PASS	-	-	0.01
PASS	testdir:fixedbugs/bug299.go	interpreted				testdir	PASS	-	-	0.01
PASS	testdir:fixedbugs/bug299.go	native				testdir	PASS	-	-	0.01
PASS	testdir:fixedbugs/bug300.go	compiled				testdir	PASS	-	-	0.01
PASS	testdir:fixedbugs/bug300.go	interpreted				testdir	PASS	-	-	0.01
PASS	testdir:fixedbugs/bug300.go	native				testdir	PASS	-	-	0.01
PASS	testdir:fixedbugs/bug301.go	compiled				testdir	PASS	-	-	0.05
PASS	testdir:fixedbugs/bug301.go	interpreted				testdir	PASS	-	-	0.01
PASS	testdir:fixedbugs/bug301.go	native				testdir	PASS	-	-	0.01
PASS	testdir:fixedbugs/bug303.go	compiled				testdir	PASS	-	-	0.3
PASS	testdir:fixedbugs/bug303.go	interpreted				testdir	PASS	-	-	0.98
PASS	testdir:fixedbugs/bug303.go	native				testdir	PASS	-	-	0.05
PASS	testdir:fixedbugs/bug304.go	compiled				testdir	PASS	-	-	0.05
PASS	testdir:fixedbugs/bug304.go	interpreted				testdir	PASS	-	-	0.01
PASS	testdir:fixedbugs/bug304.go	native				testdir	PASS	-	-	0.01
PASS	testdir:fixedbugs/bug305.go	compiled				testdir	PASS	-	-	0.01
PASS	testdir:fixedbugs/bug305.go	interpreted				testdir	PASS	-	-	0.01
PASS	testdir:fixedbugs/bug305.go	native				testdir	PASS	-	-	0.01
PASS	testdir:fixedbugs/bug306.go	compiled				testdir	PASS	-	-	0.1
PASS	testdir:fixedbugs/bug306.go	interpreted				testdir	PASS	-	-	0.02
PASS	testdir:fixedbugs/bug306.go	native				testdir	PASS	-	-	0.02
PASS	testdir:fixedbugs/bug307.go	compiled				testdir	PASS	-	-	0.05
PASS	testdir:fixedbugs/bug307.go	interpreted				testdir	PASS	-	-	0.01
PASS	testdir:fixedbugs/bug307.go	native				testdir	PASS	-	-	0.01
PASS	testdir:fixedbugs/bug308.go	compiled				testdir	PASS	-	-	0.32
PASS	testdir:fixedbugs/bug308.go	interpreted				testdir	PASS	-	-	0.06
PASS	testdir:fixedbugs/bug308.go	native				testdir	PASS	-	-	0.01
PASS	testdir:fixedbugs/bug309.go	compiled				testdir	PASS	-	-	0.36
PASS	testdir:fixedbugs/bug309.go	interpreted				testdir	PASS	-	-	0.01
PASS	testdir:fixedbugs/bug309.go	native				testdir	PASS	-	-	0.01
PASS	testdir:fixedbugs/bug311.go	compiled				testdir	PASS	-	-	0.13
PASS	testdir:fixedbugs/bug311.go	interpreted				testdir	PASS	-	-	0.02
PASS	testdir:fixedbugs/bug311.go	native				testdir	PASS	-	-	0.05
PASS	testdir:fixedbugs/bug312.go	compiled				testdir	PASS	-	-	0.12
PASS	testdir:fixedbugs/bug312.go	interpreted				testdir	PASS	-	-	0.69
PASS	testdir:fixedbugs/bug312.go	native				testdir	PASS	-	-	0.05
PASS	testdir:fixedbugs/bug313.go	compiled				testdir	PASS	-	-	0.06
PASS	testdir:fixedbugs/bug313.go	interpreted				testdir	PASS	-	-	0.06
PASS	testdir:fixedbugs/bug313.go	native				testdir	PASS	-	-	0.01
PASS	testdir:fixedbugs/bug314.go	compiled				testdir	PASS	-	-	0.12
PASS	testdir:fixedbugs/bug314.go	interpreted				testdir	PASS	-	-	0.02
PASS	testdir:fixedbugs/bug314.go	native				testdir	PASS	-	-	0.05
PASS	testdir:fixedbugs/bug315.go	compiled				testdir	PASS	-	-	0.05
PASS	testdir:fixedbugs/bug315.go	interpreted				testdir	PASS	-	-	0.01
PASS	testdir:fixedbugs/bug315.go	native				testdir	PASS	-	-	0.01
PASS	testdir:fixedbugs/bug316.go	compiled				testdir	PASS	-	-	0.06
PASS	testdir:fixedbugs/bug316.go	interpreted				testdir	PASS	-	-	0.01
PASS	testdir:fixedbugs/bug316.go	native				testdir	PASS	-	-	0.01
PASS	testdir:fixedbugs/bug317.go	compiled				testdir	PASS	-	-	0.14
PASS	testdir:fixedbugs/bug317.go	interpreted				testdir	PASS	-	-	0.02
PASS	testdir:fixedbugs/bug317.go	native				testdir	PASS	-	-	0.05
PASS	testdir:fixedbugs/bug318.go	compiled				testdir	PASS	-	-	0.01
PASS	testdir:fixedbugs/bug318.go	interpreted				testdir	PASS	-	-	0.01
PASS	testdir:fixedbugs/bug318.go	native				testdir	PASS	-	-	0.01
PASS	testdir:fixedbugs/bug319.go	compiled				testdir	PASS	-	-	0.05
PASS	testdir:fixedbugs/bug319.go	interpreted				testdir	PASS	-	-	0.01
PASS	testdir:fixedbugs/bug319.go	native				testdir	PASS	-	-	0.01
PASS	testdir:fixedbugs/bug320.go	compiled				testdir	PASS	-	-	0.12
PASS	testdir:fixedbugs/bug320.go	interpreted				testdir	PASS	-	-	0.02
PASS	testdir:fixedbugs/bug320.go	native				testdir	PASS	-	-	0.04
PASS	testdir:fixedbugs/bug321.go	compiled				testdir	PASS	-	-	0.26
PASS	testdir:fixedbugs/bug321.go	interpreted				testdir	PASS	-	-	0.88
PASS	testdir:fixedbugs/bug321.go	native				testdir	PASS	-	-	0.07
PASS	testdir:fixedbugs/bug322.go	compiled				testdir	PASS	-	-	0.14
PASS	testdir:fixedbugs/bug322.go	interpreted				testdir	PASS	-	-	0.04
PASS	testdir:fixedbugs/bug322.go	native				testdir	PASS	-	-	0.05
PASS	testdir:fixedbugs/bug323.go	compiled				testdir	PASS	-	-	0.01
PASS	testdir:fixedbugs/bug323.go	interpreted				testdir	PASS	-	-	0.01
PASS	testdir:fixedbugs/bug323.go	native				testdir	PASS	-	-	0.01
PASS	testdir:fixedbugs/bug324.go	compiled				testdir	PASS	-	-	0.14
PASS	testdir:fixedbugs/bug324.go	interpreted				testdir	PASS	-	-	0.03
PASS	testdir:fixedbugs/bug324.go	native				testdir	PASS	-	-	0.05
PASS	testdir:fixedbugs/bug325.go	compiled				testdir	PASS	-	-	0.01
PASS	testdir:fixedbugs/bug325.go	interpreted				testdir	PASS	-	-	0.01
PASS	testdir:fixedbugs/bug325.go	native				testdir	PASS	-	-	0.01
PASS	testdir:fixedbugs/bug326.go	compiled				testdir	PASS	-	-	0.01
PASS	testdir:fixedbugs/bug326.go	interpreted				testdir	PASS	-	-	0.01
PASS	testdir:fixedbugs/bug326.go	native				testdir	PASS	-	-	0.01
PASS	testdir:fixedbugs/bug327.go	compiled				testdir	PASS	-	-	0.14
PASS	testdir:fixedbugs/bug327.go	interpreted				testdir	PASS	-	-	0.02
PASS	testdir:fixedbugs/bug327.go	native				testdir	PASS	-	-	0.05
PASS	testdir:fixedbugs/bug328.go	compiled				testdir	PASS	-	-	0.13
PASS	testdir:fixedbugs/bug328.go	interpreted				testdir	PASS	-	-	0.66
PASS	testdir:fixedbugs/bug328.go	native				testdir	PASS	-	-	0.05
PASS	testdir:fixedbugs/bug329.go	compiled				testdir	PASS	-	-	0.15
PASS	testdir:fixedbugs/bug329.go	interpreted				testdir	PASS	-	-	0.02
PASS	testdir:fixedbugs/bug329.go	native				testdir	PASS	-	-	0.05
PASS	testdir:fixedbugs/bug330.go	compiled				testdir	PASS	-	-	0.01
PASS	testdir:fixedbugs/bug330.go	interpreted				testdir	PASS	-	-	0.01
PASS	testdir:fixedbugs/bug330.go	native				testdir	PASS	-	-	0.01
PASS	testdir:fixedbugs/bug331.go	compiled				testdir	PASS	-	-	0.22
PASS	testdir:fixedbugs/bug331.go	interpreted				testdir	PASS	-	-	0.9
PASS	testdir:fixedbugs/bug331.go	native				testdir	PASS	-	-	0.05
PASS	testdir:fixedbugs/bug332.go	compiled				testdir	PASS	-	-	0.01
PASS	testdir:fixedbugs/bug332.go	interpreted				testdir	PASS	-	-	0.01
PASS	testdir:fixedbugs/bug332.go	native				testdir	PASS	-	-	0.01
PASS	testdir:fixedbugs/bug333.go	compiled				testdir	PASS	-	-	0.13
PASS	testdir:fixedbugs/bug333.go	interpreted				testdir	PASS	-	-	0.02
PASS	testdir:fixedbugs/bug333.go	native				testdir	PASS	-	-	0.05
PASS	testdir:fixedbugs/bug334.go	compiled				testdir	PASS	-	-	0.05
PASS	testdir:fixedbugs/bug334.go	interpreted				testdir	PASS	-	-	0.01
PASS	testdir:fixedbugs/bug334.go	native				testdir	PASS	-	-	0.01
PASS	testdir:fixedbugs/bug335.go	compiled				testdir	PASS	-	-	0.1
PASS	testdir:fixedbugs/bug335.go	interpreted				testdir	PASS	-	-	0.02
PASS	testdir:fixedbugs/bug335.go	native				testdir	PASS	-	-	0.02
PASS	testdir:fixedbugs/bug336.go	compiled				testdir	PASS	-	-	0.13
PASS	testdir:fixedbugs/bug336.go	interpreted				testdir	PASS	-	-	0.02
PASS	testdir:fixedbugs/bug336.go	native				testdir	PASS	-	-	0.05
PASS	testdir:fixedbugs/bug337.go	compiled				testdir	PASS	-	-	0.01
PASS	testdir:fixedbugs/bug337.go	interpreted				testdir	PASS	-	-	0.01
PASS	testdir:fixedbugs/bug337.go	native				testdir	PASS	-	-	0.01
PASS	testdir:fixedbugs/bug338.go	compiled				testdir	PASS	-	-	0.05
PASS	testdir:fixedbugs/bug338.go	interpreted				testdir	PASS	-	-	0.01
PASS	testdir:fixedbugs/bug338.go	native				testdir	PASS	-	-	0.01
PASS	testdir:fixedbugs/bug339.go	compiled				testdir	PASS	-	-	0.12
PASS	testdir:fixedbugs/bug339.go	interpreted				testdir	PASS	-	-	0.66
PASS	testdir:fixedbugs/bug339.go	native				testdir	PASS	-	-	0.05
PASS	testdir:fixedbugs/bug340.go	compiled				testdir	PASS	-	-	0.01
PASS	testdir:fixedbugs/bug340.go	interpreted				testdir	PASS	-	-	0.01
PASS	testdir:fixedbugs/bug340.go	native				testdir	PASS	-	-	0.01
PASS	testdir:fixedbugs/bug341.go	compiled				testdir	PASS	-	-	0.12
PASS	testdir:fixedbugs/bug341.go	interpreted				testdir	PASS	-	-	0.02
PASS	testdir:fixedbugs/bug341.go	native				testdir	PASS	-	-	0.05
PASS	testdir:fixedbugs/bug342.go	compiled				testdir	PASS	-	-	0.01
PASS	testdir:fixedbugs/bug342.go	interpreted				testdir	PASS	-	-	0.01
PASS	testdir:fixedbugs/bug342.go	native				testdir	PASS	-	-	0.01
PASS	testdir:fixedbugs/bug343.go	compiled				testdir	PASS	-	-	0.14
PASS	testdir:fixedbugs/bug343.go	interpreted				testdir	PASS	-	-	0.02
PASS	testdir:fixedbugs/bug343.go	native				testdir	PASS	-	-	0.05
PASS	testdir:fixedbugs/bug344.go	compiled				testdir	PASS	-	-	0.06
PASS	testdir:fixedbugs/bug344.go	interpreted				testdir	PASS	-	-	0.06
PASS	testdir:fixedbugs/bug344.go	native				testdir	PASS	-	-	0.01
PASS	testdir:fixedbugs/bug345.go	compiled				testdir	PASS	-	-	0.09
PASS	testdir:fixedbugs/bug345.go	interpreted				testdir	PASS	-	-	0.06
PASS	testdir:fixedbugs/bug345.go	native				testdir	PASS	-	-	0.02
PASS	testdir:fixedbugs/bug346.go	compiled				testdir	PASS	-	-	0.24
PASS	testdir:fixedbugs/bug346.go	interpreted				testdir	PASS	-	-	0.86
PASS	testdir:fixedbugs/bug346.go	native				testdir	PASS	-	-	0.06
PASS	testdir:fixedbugs/bug347.go	compiled				testdir	PASS	-	-	0.3
PASS	testdir:fixedbugs/bug347.go	interpreted				testdir	PASS	-	-	1.01
PASS	testdir:fixedbugs/bug347.go	native				testdir	PASS	-	-	0.07
PASS	testdir:fixedbugs/bug348.go	compiled				testdir	PASS	-	-	0.31
PASS	testdir:fixedbugs/bug348.go	interpreted				testdir	PASS	-	-	0.96
PASS	testdir:fixedbugs/bug348.go	native				testdir	PASS	-	-	0.05
PASS	testdir:fixedbugs/bug349.go	compiled				testdir	PASS	-	-	0.01
PASS	testdir:fixedbugs/bug349.go	interpreted				testdir	PASS	-	-	0.01
PASS	testdir:fixedbugs/bug349.go	native				testdir	PASS	-	-	0.01
PASS	testdir:fixedbugs/bug350.go	compiled				testdir	PASS	-	-	0.01
PASS	testdir:fixedbugs/bug350.go	interpreted				testdir	PASS	-	-	0.01
PASS	testdir:fixedbugs/bug350.go	native				testdir	PASS	-	-	0.01
PASS	testdir:fixedbugs/bug351.go	compiled				testdir	PASS	-	-	0.01
PASS	testdir:fixedbugs/bug351.go	interpreted				testdir	PASS	-	-	0.01
PASS	testdir:fixedbugs/bug351.go	native				testdir	PASS	-	-	0.01
PASS	testdir:fixedbugs/bug352.go	compiled				testdir	PASS	-	-	0.13
PASS	testdir:fixedbugs/bug352.go	interpreted				testdir	PASS	-	-	0.02
PASS	testdir:fixedbugs/bug352.go	native				testdir	PASS	-	-	0.06
PASS	testdir:fixedbugs/bug353.go	compiled				testdir	PASS	-	-	0.09
PASS	testdir:fixedbugs/bug353.go	interpreted				testdir	PASS	-	-	0.08
PASS	testdir:fixedbugs/bug353.go	native				testdir	PASS	-	-	0.01
PASS	testdir:fixedbugs/bug354.go	compiled				testdir	PASS	-	-	0.05
PASS	testdir:fixedbugs/bug354.go	interpreted				testdir	PASS	-	-	0.01
PASS	testdir:fixedbugs/bug354.go	native				testdir	PASS	-	-	0.01
PASS	testdir:fixedbugs/bug355.go	compiled				testdir	PASS	-	-	0.13
PASS	testdir:fixedbugs/bug355.go	interpreted				testdir	PASS	-	-	0.02
PASS	testdir:fixedbugs/bug355.go	native				testdir	PASS	-	-	0.05
PASS	testdir:fixedbugs/bug356.go	compiled				testdir	PASS	-	-	0.13
PASS	testdir:fixedbugs/bug356.go	interpreted				testdir	PASS	-	-	0.02
PASS	testdir:fixedbugs/bug356.go	native				testdir	PASS	-	-	0.05
PASS	testdir:fixedbugs/bug357.go	compiled				testdir	PASS	-	-	0.01
PASS	testdir:fixedbugs/bug357.go	interpreted				testdir	PASS	-	-	0.01
PASS	testdir:fixedbugs/bug357.go	native				testdir	PASS	-	-	0.01
PASS	testdir:fixedbugs/bug358.go	compiled				testdir	PASS	-	-	0.1
PASS	testdir:fixedbugs/bug358.go	interpreted				testdir	PASS	-	-	0.09
PASS	testdir:fixedbugs/bug358.go	native				testdir	PASS	-	-	0.01
PASS	testdir:fixedbugs/bug361.go	compiled				testdir	PASS	-	-	0.05
PASS	testdir:fixedbugs/bug361.go	interpreted				testdir	PASS	-	-	0.01
PASS	testdir:fixedbugs/bug361.go	native				testdir	PASS	-	-	0.01
PASS	testdir:fixedbugs/bug362.go	compiled				testdir	PASS	-	-	0.01
PASS	testdir:fixedbugs/bug362.go	interpreted				testdir	PASS	-	-	0.01
PASS	testdir:fixedbugs/bug362.go	native				testdir	PASS	-	-	0.01
PASS	testdir:fixedbugs/bug363.go	compiled				testdir	PASS	-	-	0.01
PASS	testdir:fixedbugs/bug363.go	interpreted				testdir	PASS	-	-	0.01
PASS	testdir:fixedbugs/bug363.go	native				testdir	PASS	-	-	0.01
PASS	testdir:fixedbugs/bug364.go	compiled				testdir	PASS	-	-	0.27
PASS	testdir:fixedbugs/bug364.go	interpreted				testdir	PASS	-	-	0.83
PASS	testdir:fixedbugs/bug364.go	native				testdir	PASS	-	-	0.07
PASS	testdir:fixedbugs/bug365.go	compiled				testdir	PASS	-	-	0.01
PASS	testdir:fixedbugs/bug365.go	interpreted				testdir	PASS	-	-	0.01
PASS	testdir:fixedbugs/bug365.go	native				testdir	PASS	-	-	0.01
PASS	testdir:fixedbugs/bug366.go	compiled				testdir	PASS	-	-	0.14
PASS	testdir:fixedbugs/bug366.go	interpreted				testdir	PASS	-	-	0.02
PASS	testdir:fixedbugs/bug366.go	native				testdir	PASS	-	-	0.05
PASS	testdir:fixedbugs/bug367.go	compiled				testdir	PASS	-	-	0.24
PASS	testdir:fixedbugs/bug367.go	interpreted				testdir	PASS	-	-	0.03
PASS	testdir:fixedbugs/bug367.go	native				testdir	PASS	-	-	0.06
PASS	testdir:fixedbugs/bug368.go	compiled				testdir	PASS	-	-	0.13
PASS	testdir:fixedbugs/bug368.go	interpreted				testdir	PASS	-	-	0.02
PASS	testdir:fixedbugs/bug368.go	native				testdir	PASS	-	-	0.05
PASS	testdir:fixedbugs/bug369.go	compiled				testdir	PASS	-	-	0.91
PASS	testdir:fixedbugs/bug369.go	interpreted				testdir	PASS	-	-	4.76
PASS	testdir:fixedbugs/bug369.go	native				testdir	PASS	-	-	0.52
PASS	testdir:fixedbugs/bug370.go	compiled				testdir	PASS	-	-	0.21
PASS	testdir:fixedbugs/bug370.go	interpreted				testdir	PASS	-	-	0.81
PASS	testdir:fixedbugs/bug370.go	native				testdir	PASS	-	-	0.05
PASS	testdir:fixedbugs/bug371.go	compiled				testdir	PASS	-	-	0.01
PASS	testdir:fixedbugs/bug371.go	interpreted				testdir	PASS	-	-	0.01
PASS	testdir:fixedbugs/bug371.go	native				testdir	PASS	-	-	0.01
PASS	testdir:fixedbugs/bug372.go	compiled				testdir	PASS	-	-	0.15
PASS	testdir:fixedbugs/bug372.go	interpreted				testdir	PASS	-	-	0.02
PASS	testdir:fixedbugs/bug372.go	native				testdir	PASS	-	-	0.05
PASS	testdir:fixedbugs/bug373.go	compiled				testdir	PASS	-	-	0.01
PASS	testdir:fixedbugs/bug373.go	interpreted				testdir	PASS	-	-	0.01
PASS	testdir:fixedbugs/bug373.go	native				testdir	PASS	-	-	0.01
PASS	testdir:fixedbugs/bug374.go	compiled				testdir	PASS	-	-	0.02
PASS	testdir:fixedbugs/bug374.go	interpreted				testdir	PASS	-	-	0.01
PASS	testdir:fixedbugs/bug374.go	native				testdir	PASS	-	-	0.01
PASS	testdir:fixedbugs/bug375.go	compiled				testdir	PASS	-	-	0.14
PASS	testdir:fixedbugs/bug375.go	interpreted				testdir	PASS	-	-	0.02
PASS	testdir:fixedbugs/bug375.go	native				testdir	PASS	-	-	0.05
PASS	testdir:fixedbugs/bug376.go	compiled				testdir	PASS	-	-	0.01
PASS	testdir:fixedbugs/bug376.go	interpreted				testdir	PASS	-	-	0.01
PASS	testdir:fixedbugs/bug376.go	native				testdir	PASS	-	-	0.01
PASS	testdir:fixedbugs/bug377.go	compiled				testdir	PASS	-	-	0.11
PASS	testdir:fixedbugs/bug377.go	interpreted				testdir	PASS	-	-	0.02
PASS	testdir:fixedbugs/bug377.go	native				testdir	PASS	-	-	0.02
PASS	testdir:fixedbugs/bug378.go	compiled				testdir	PASS	-	-	0.13
PASS	testdir:fixedbugs/bug378.go	interpreted				testdir	PASS	-	-	0.02
PASS	testdir:fixedbugs/bug378.go	native				testdir	PASS	-	-	0.05
PASS	testdir:fixedbugs/bug379.go	compiled				testdir	PASS	-	-	0.01
PASS	testdir:fixedbugs/bug379.go	interpreted				testdir	PASS	-	-	0.01
PASS	testdir:fixedbugs/bug379.go	native				testdir	PASS	-	-	0.01
PASS	testdir:fixedbugs/bug380.go	compiled				testdir	PASS	-	-	0.05
PASS	testdir:fixedbugs/bug380.go	interpreted				testdir	PASS	-	-	0.01
PASS	testdir:fixedbugs/bug380.go	native				testdir	PASS	-	-	0.01
PASS	testdir:fixedbugs/bug381.go	compiled				testdir	PASS	-	-	0.06
PASS	testdir:fixedbugs/bug381.go	interpreted				testdir	PASS	-	-	0.04
PASS	testdir:fixedbugs/bug381.go	native				testdir	PASS	-	-	0.01
PASS	testdir:fixedbugs/bug382.go	compiled				testdir	PASS	-	-	0.1
PASS	testdir:fixedbugs/bug382.go	interpreted				testdir	PASS	-	-	0.02
PASS	testdir:fixedbugs/bug382.go	native				testdir	PASS	-	-	0.02
PASS	testdir:fixedbugs/bug383.go	compiled				testdir	PASS	-	-	0.01
PASS	testdir:fixedbugs/bug383.go	interpreted				testdir	PASS	-	-	0.01
PASS	testdir:fixedbugs/bug383.go	native				testdir	PASS	-	-	0.01
PASS	testdir:fixedbugs/bug384.go	compiled				testdir	PASS	-	-	0.01
PASS	testdir:fixedbugs/bug384.go	interpreted				testdir	PASS	-	-	0.01
PASS	testdir:fixedbugs/bug384.go	native				testdir	PASS	-	-	0.01
SKIP	testdir:fixedbugs/bug385_32.go	compiled			testdir_test.go:531: //go:build 386 || amd64p32 || arm	testdir	SKIP	-	-	0
SKIP	testdir:fixedbugs/bug385_32.go	interpreted			testdir_test.go:531: //go:build 386 || amd64p32 || arm	testdir	SKIP	-	-	0
SKIP	testdir:fixedbugs/bug385_32.go	native			testdir_test.go:531: //go:build 386 || amd64p32 || arm	testdir	SKIP	-	-	0
PASS	testdir:fixedbugs/bug385_64.go	compiled				testdir	PASS	-	-	6.16
EXCLUDED	testdir:fixedbugs/bug385_64.go	interpreted	gc-only-check	errorcheck expects a gc-only diagnostic go/types cannot express	testdir_test.go:153: compilation succeeded unexpectedly	testdir	FAIL	CATALOG	EXCLUDED	0.52
PASS	testdir:fixedbugs/bug385_64.go	native				testdir	PASS	-	-	3.52
PASS	testdir:fixedbugs/bug386.go	compiled				testdir	PASS	-	-	0.01
PASS	testdir:fixedbugs/bug386.go	interpreted				testdir	PASS	-	-	0.01
PASS	testdir:fixedbugs/bug386.go	native				testdir	PASS	-	-	0.01
PASS	testdir:fixedbugs/bug387.go	compiled				testdir	PASS	-	-	0.23
PASS	testdir:fixedbugs/bug387.go	interpreted				testdir	PASS	-	-	0.09
PASS	testdir:fixedbugs/bug387.go	native				testdir	PASS	-	-	0.01
PASS	testdir:fixedbugs/bug388.go	compiled				testdir	PASS	-	-	0.01
PASS	testdir:fixedbugs/bug388.go	interpreted				testdir	PASS	-	-	0.01
PASS	testdir:fixedbugs/bug388.go	native				testdir	PASS	-	-	0.01
PASS	testdir:fixedbugs/bug388a.go	compiled				testdir	PASS	-	-	0.05
PASS	testdir:fixedbugs/bug388a.go	interpreted				testdir	PASS	-	-	0.04
PASS	testdir:fixedbugs/bug388a.go	native				testdir	PASS	-	-	0.01
PASS	testdir:fixedbugs/bug389.go	compiled				testdir	PASS	-	-	0.01
PASS	testdir:fixedbugs/bug389.go	interpreted				testdir	PASS	-	-	0.01
PASS	testdir:fixedbugs/bug389.go	native				testdir	PASS	-	-	0.01
PASS	testdir:fixedbugs/bug390.go	compiled				testdir	PASS	-	-	0.01
PASS	testdir:fixedbugs/bug390.go	interpreted				testdir	PASS	-	-	0.01
PASS	testdir:fixedbugs/bug390.go	native				testdir	PASS	-	-	0.01
PASS	testdir:fixedbugs/bug391.go	compiled				testdir	PASS	-	-	0.04
PASS	testdir:fixedbugs/bug391.go	interpreted				testdir	PASS	-	-	0.01
PASS	testdir:fixedbugs/bug391.go	native				testdir	PASS	-	-	0.01
PASS	testdir:fixedbugs/bug392.go	compiled				testdir	PASS	-	FIXED	0.14
PASS	testdir:fixedbugs/bug392.go	interpreted				testdir	PASS	-	-	0.03
PASS	testdir:fixedbugs/bug392.go	native				testdir	PASS	-	-	0.03
PASS	testdir:fixedbugs/bug393.go	compiled				testdir	PASS	-	-	0.04
PASS	testdir:fixedbugs/bug393.go	interpreted				testdir	PASS	-	-	0.01
PASS	testdir:fixedbugs/bug393.go	native				testdir	PASS	-	-	0.01
PASS	testdir:fixedbugs/bug394.go	compiled				testdir	PASS	-	-	0.01
PASS	testdir:fixedbugs/bug394.go	interpreted				testdir	PASS	-	-	0.01
PASS	testdir:fixedbugs/bug394.go	native				testdir	PASS	-	-	0.01
PASS	testdir:fixedbugs/bug396.go	compiled				testdir	PASS	-	-	0.08
PASS	testdir:fixedbugs/bug396.go	interpreted				testdir	PASS	-	-	0.02
PASS	testdir:fixedbugs/bug396.go	native				testdir	PASS	-	-	0.02
PASS	testdir:fixedbugs/bug397.go	compiled				testdir	PASS	-	-	0.01
PASS	testdir:fixedbugs/bug397.go	interpreted				testdir	PASS	-	-	0.01
PASS	testdir:fixedbugs/bug397.go	native				testdir	PASS	-	-	0.01
PASS	testdir:fixedbugs/bug398.go	compiled				testdir	PASS	-	-	0.05
EXCLUDED	testdir:fixedbugs/bug398.go	interpreted	gc-only-check	errorcheck expects a gc-only diagnostic go/types cannot express	testdir_test.go:153: compilation succeeded unexpectedly	testdir	FAIL	CATALOG	EXCLUDED	0.01
PASS	testdir:fixedbugs/bug398.go	native				testdir	PASS	-	-	0.01
PASS	testdir:fixedbugs/bug399.go	compiled				testdir	PASS	-	-	0.06
PASS	testdir:fixedbugs/bug399.go	interpreted				testdir	PASS	-	-	0.01
PASS	testdir:fixedbugs/bug399.go	native				testdir	PASS	-	-	0.01
PASS	testdir:fixedbugs/bug401.go	compiled				testdir	PASS	-	-	0.14
PASS	testdir:fixedbugs/bug401.go	interpreted				testdir	PASS	-	-	0.02
PASS	testdir:fixedbugs/bug401.go	native				testdir	PASS	-	-	0.05
PASS	testdir:fixedbugs/bug402.go	compiled				testdir	PASS	-	-	0.26
PASS	testdir:fixedbugs/bug402.go	interpreted				testdir	PASS	-	-	0.82
PASS	testdir:fixedbugs/bug402.go	native				testdir	PASS	-	-	0.06
PASS	testdir:fixedbugs/bug403.go	compiled				testdir	PASS	-	-	0.04
PASS	testdir:fixedbugs/bug403.go	interpreted				testdir	PASS	-	-	0.01
PASS	testdir:fixedbugs/bug403.go	native				testdir	PASS	-	-	0.01
PASS	testdir:fixedbugs/bug404.go	compiled				testdir	PASS	-	-	0.1
PASS	testdir:fixedbugs/bug404.go	interpreted				testdir	PASS	-	-	0.02
PASS	testdir:fixedbugs/bug404.go	native				testdir	PASS	-	-	0.02
PASS	testdir:fixedbugs/bug405.go	compiled				testdir	PASS	-	-	0.12
PASS	testdir:fixedbugs/bug405.go	interpreted				testdir	PASS	-	-	0.02
PASS	testdir:fixedbugs/bug405.go	native				testdir	PASS	-	-	0.05
PASS	testdir:fixedbugs/bug406.go	compiled				testdir	PASS	-	-	0.13
PASS	testdir:fixedbugs/bug406.go	interpreted				testdir	PASS	-	-	0.02
PASS	testdir:fixedbugs/bug406.go	native				testdir	PASS	-	-	0.05
PASS	testdir:fixedbugs/bug407.go	compiled				testdir	PASS	-	-	0.09
PASS	testdir:fixedbugs/bug407.go	interpreted				testdir	PASS	-	-	0.02
PASS	testdir:fixedbugs/bug407.go	native				testdir	PASS	-	-	0.02
PASS	testdir:fixedbugs/bug409.go	compiled				testdir	PASS	-	-	0.14
PASS	testdir:fixedbugs/bug409.go	interpreted				testdir	PASS	-	-	0.02
PASS	testdir:fixedbugs/bug409.go	native				testdir	PASS	-	-	0.04
PASS	testdir:fixedbugs/bug410.go	compiled				testdir	PASS	-	-	0.04
PASS	testdir:fixedbugs/bug410.go	interpreted				testdir	PASS	-	-	0.01
PASS	testdir:fixedbugs/bug410.go	native				testdir	PASS	-	-	0.01
PASS	testdir:fixedbugs/bug411.go	compiled				testdir	PASS	-	-	0.05
PASS	testdir:fixedbugs/bug411.go	interpreted				testdir	PASS	-	-	0.01
PASS	testdir:fixedbugs/bug411.go	native				testdir	PASS	-	-	0.01
PASS	testdir:fixedbugs/bug412.go	compiled				testdir	PASS	-	-	0.01
PASS	testdir:fixedbugs/bug412.go	interpreted				testdir	PASS	-	-	0.01
PASS	testdir:fixedbugs/bug412.go	native				testdir	PASS	-	-	0.01
PASS	testdir:fixedbugs/bug413.go	compiled				testdir	PASS	-	-	0.01
PASS	testdir:fixedbugs/bug413.go	interpreted				testdir	PASS	-	-	0.01
PASS	testdir:fixedbugs/bug413.go	native				testdir	PASS	-	-	0.01
PASS	testdir:fixedbugs/bug414.go	compiled				testdir	PASS	-	-	0.22
PASS	testdir:fixedbugs/bug414.go	interpreted				testdir	PASS	-	-	0.93
PASS	testdir:fixedbugs/bug414.go	native				testdir	PASS	-	-	0.07
PASS	testdir:fixedbugs/bug415.go	compiled				testdir	PASS	-	-	0.11
PASS	testdir:fixedbugs/bug415.go	interpreted				testdir	PASS	-	-	0.02
PASS	testdir:fixedbugs/bug415.go	native				testdir	PASS	-	-	0.02
PASS	testdir:fixedbugs/bug416.go	compiled				testdir	PASS	-	-	0.01
PASS	testdir:fixedbugs/bug416.go	interpreted				testdir	PASS	-	-	0.01
PASS	testdir:fixedbugs/bug416.go	native				testdir	PASS	-	-	0.01
PASS	testdir:fixedbugs/bug417.go	compiled				testdir	PASS	-	-	0.04
PASS	testdir:fixedbugs/bug417.go	interpreted				testdir	PASS	-	-	0.01
PASS	testdir:fixedbugs/bug417.go	native				testdir	PASS	-	-	0.01
PASS	testdir:fixedbugs/bug418.go	compiled				testdir	PASS	-	-	0.01
PASS	testdir:fixedbugs/bug418.go	interpreted				testdir	PASS	-	-	0.01
PASS	testdir:fixedbugs/bug418.go	native				testdir	PASS	-	-	0.01
PASS	testdir:fixedbugs/bug419.go	compiled				testdir	PASS	-	-	0.04
PASS	testdir:fixedbugs/bug419.go	interpreted				testdir	PASS	-	-	0.01
PASS	testdir:fixedbugs/bug419.go	native				testdir	PASS	-	-	0.01
PASS	testdir:fixedbugs/bug420.go	compiled				testdir	PASS	-	-	0.05
PASS	testdir:fixedbugs/bug420.go	interpreted				testdir	PASS	-	-	0.01
PASS	testdir:fixedbugs/bug420.go	native				testdir	PASS	-	-	0.01
PASS	testdir:fixedbugs/bug421.go	compiled				testdir	PASS	-	-	0.01
PASS	testdir:fixedbugs/bug421.go	interpreted				testdir	PASS	-	-	0.01
PASS	testdir:fixedbugs/bug421.go	native				testdir	PASS	-	-	0.01
PASS	testdir:fixedbugs/bug422.go	compiled				testdir	PASS	-	-	0.05
PASS	testdir:fixedbugs/bug422.go	interpreted				testdir	PASS	-	-	0.01
PASS	testdir:fixedbugs/bug422.go	native				testdir	PASS	-	-	0.01
PASS	testdir:fixedbugs/bug423.go	compiled				testdir	PASS	-	-	0.14
PASS	testdir:fixedbugs/bug423.go	interpreted				testdir	PASS	-	-	0.03
PASS	testdir:fixedbugs/bug423.go	native				testdir	PASS	-	-	0.05
PASS	testdir:fixedbugs/bug424.go	compiled				testdir	PASS	-	-	0.25
PASS	testdir:fixedbugs/bug424.go	interpreted				testdir	PASS	-	-	1.17
PASS	testdir:fixedbugs/bug424.go	native				testdir	PASS	-	-	0.09
PASS	testdir:fixedbugs/bug425.go	compiled				testdir	PASS	-	-	0.14
PASS	testdir:fixedbugs/bug425.go	interpreted				testdir	PASS	-	-	0.05
PASS	testdir:fixedbugs/bug425.go	native				testdir	PASS	-	-	0.01
PASS	testdir:fixedbugs/bug426.go	compiled				testdir	PASS	-	-	0.04
PASS	testdir:fixedbugs/bug426.go	interpreted				testdir	PASS	-	-	0.01
PASS	testdir:fixedbugs/bug426.go	native				testdir	PASS	-	-	0.01
PASS	testdir:fixedbugs/bug427.go	compiled				testdir	PASS	-	-	0.05
PASS	testdir:fixedbugs/bug427.go	interpreted				testdir	PASS	-	-	0.01
PASS	testdir:fixedbugs/bug427.go	native				testdir	PASS	-	-	0.01
PASS	testdir:fixedbugs/bug428.go	compiled				testdir	PASS	-	-	0.14
PASS	testdir:fixedbugs/bug428.go	interpreted				testdir	PASS	-	-	0.02
PASS	testdir:fixedbugs/bug428.go	native				testdir	PASS	-	-	0.05
PASS	testdir:fixedbugs/bug430.go	compiled				testdir	PASS	-	-	0.05
PASS	testdir:fixedbugs/bug430.go	interpreted				testdir	PASS	-	-	0.01
PASS	testdir:fixedbugs/bug430.go	native				testdir	PASS	-	-	0.01
PASS	testdir:fixedbugs/bug431.go	compiled				testdir	PASS	-	-	0.04
PASS	testdir:fixedbugs/bug431.go	interpreted				testdir	PASS	-	-	0.01
PASS	testdir:fixedbugs/bug431.go	native				testdir	PASS	-	-	0.01
PASS	testdir:fixedbugs/bug432.go	compiled				testdir	PASS	-	-	0.05
PASS	testdir:fixedbugs/bug432.go	interpreted				testdir	PASS	-	-	0.01
PASS	testdir:fixedbugs/bug432.go	native				testdir	PASS	-	-	0.01
PASS	testdir:fixedbugs/bug433.go	compiled				testdir	PASS	-	-	0.13
PASS	testdir:fixedbugs/bug433.go	interpreted				testdir	PASS	-	-	0.02
PASS	testdir:fixedbugs/bug433.go	native				testdir	PASS	-	-	0.05
PASS	testdir:fixedbugs/bug434.go	compiled				testdir	PASS	-	-	0.18
PASS	testdir:fixedbugs/bug434.go	interpreted				testdir	PASS	-	-	0.72
PASS	testdir:fixedbugs/bug434.go	native				testdir	PASS	-	-	0.05
PASS	testdir:fixedbugs/bug435.go	compiled				testdir	PASS	-	-	0.01
PASS	testdir:fixedbugs/bug435.go	interpreted				testdir	PASS	-	-	0.01
PASS	testdir:fixedbugs/bug435.go	native				testdir	PASS	-	-	0.01
PASS	testdir:fixedbugs/bug436.go	compiled				testdir	PASS	-	-	0.13
PASS	testdir:fixedbugs/bug436.go	interpreted				testdir	PASS	-	-	0.02
PASS	testdir:fixedbugs/bug436.go	native				testdir	PASS	-	-	0.05
PASS	testdir:fixedbugs/bug437.go	compiled				testdir	PASS	-	-	0.16
PASS	testdir:fixedbugs/bug437.go	interpreted				testdir	PASS	-	-	0.04
PASS	testdir:fixedbugs/bug437.go	native				testdir	PASS	-	-	0.07
PASS	testdir:fixedbugs/bug438.go	compiled				testdir	PASS	-	-	0.04
PASS	testdir:fixedbugs/bug438.go	interpreted				testdir	PASS	-	-	0.01
PASS	testdir:fixedbugs/bug438.go	native				testdir	PASS	-	-	0.01
PASS	testdir:fixedbugs/bug439.go	compiled				testdir	PASS	-	-	0.05
PASS	testdir:fixedbugs/bug439.go	interpreted				testdir	PASS	-	-	0.01
PASS	testdir:fixedbugs/bug439.go	native				testdir	PASS	-	-	0.01
PASS	testdir:fixedbugs/bug440_32.go	compiled				testdir	PASS	-	-	0.13
PASS	testdir:fixedbugs/bug440_32.go	interpreted				testdir	PASS	-	-	0.02
PASS	testdir:fixedbugs/bug440_32.go	native				testdir	PASS	-	-	0.05
PASS	testdir:fixedbugs/bug440_64.go	compiled				testdir	PASS	-	-	0.13
PASS	testdir:fixedbugs/bug440_64.go	interpreted				testdir	PASS	-	-	0.02
PASS	testdir:fixedbugs/bug440_64.go	native				testdir	PASS	-	-	0.05
PASS	testdir:fixedbugs/bug441.go	compiled				testdir	PASS	-	-	0.13
PASS	testdir:fixedbugs/bug441.go	interpreted				testdir	PASS	-	FIXED	0.02
PASS	testdir:fixedbugs/bug441.go	native				testdir	PASS	-	-	0.05
PASS	testdir:fixedbugs/bug442.go	compiled				testdir	PASS	-	-	0.12
PASS	testdir:fixedbugs/bug442.go	interpreted				testdir	PASS	-	-	0.02
PASS	testdir:fixedbugs/bug442.go	native				testdir	PASS	-	-	0.05
PASS	testdir:fixedbugs/bug443.go	compiled				testdir	PASS	-	-	0.04
PASS	testdir:fixedbugs/bug443.go	interpreted				testdir	PASS	-	-	0.01
PASS	testdir:fixedbugs/bug443.go	native				testdir	PASS	-	-	0.01
PASS	testdir:fixedbugs/bug444.go	compiled				testdir	PASS	-	-	0.24
PASS	testdir:fixedbugs/bug444.go	interpreted				testdir	PASS	-	-	0.78
PASS	testdir:fixedbugs/bug444.go	native				testdir	PASS	-	-	0.06
PASS	testdir:fixedbugs/bug445.go	compiled				testdir	PASS	-	-	0.04
PASS	testdir:fixedbugs/bug445.go	interpreted				testdir	PASS	-	-	0.01
PASS	testdir:fixedbugs/bug445.go	native				testdir	PASS	-	-	0.01
PASS	testdir:fixedbugs/bug446.go	compiled				testdir	PASS	-	-	0.14
PASS	testdir:fixedbugs/bug446.go	interpreted				testdir	PASS	-	-	0.05
PASS	testdir:fixedbugs/bug446.go	native				testdir	PASS	-	-	0.05
PASS	testdir:fixedbugs/bug447.go	compiled				testdir	PASS	-	-	0.69
PASS	testdir:fixedbugs/bug447.go	interpreted				testdir	PASS	-	-	1.99
PASS	testdir:fixedbugs/bug447.go	native				testdir	PASS	-	-	0.22
PASS	testdir:fixedbugs/bug448.go	compiled				testdir	PASS	-	-	0.1
PASS	testdir:fixedbugs/bug448.go	interpreted				testdir	PASS	-	-	0.02
PASS	testdir:fixedbugs/bug448.go	native				testdir	PASS	-	-	0.02
PASS	testdir:fixedbugs/bug449.go	compiled				testdir	PASS	-	-	2
PASS	testdir:fixedbugs/bug449.go	interpreted				testdir	PASS	-	-	1.59
PASS	testdir:fixedbugs/bug449.go	native				testdir	PASS	-	-	1.02
PASS	testdir:fixedbugs/bug450.go	compiled				testdir	PASS	-	-	0.14
PASS	testdir:fixedbugs/bug450.go	interpreted				testdir	PASS	-	-	0.02
PASS	testdir:fixedbugs/bug450.go	native				testdir	PASS	-	-	0.05
PASS	testdir:fixedbugs/bug451.go	compiled				testdir	PASS	-	-	0.01
PASS	testdir:fixedbugs/bug451.go	interpreted				testdir	PASS	-	-	0.01
PASS	testdir:fixedbugs/bug451.go	native				testdir	PASS	-	-	0.01
PASS	testdir:fixedbugs/bug452.go	compiled				testdir	PASS	-	-	0.15
PASS	testdir:fixedbugs/bug452.go	interpreted				testdir	PASS	-	-	0.02
PASS	testdir:fixedbugs/bug452.go	native				testdir	PASS	-	-	0.05
PASS	testdir:fixedbugs/bug453.go	compiled				testdir	PASS	-	-	0.13
PASS	testdir:fixedbugs/bug453.go	interpreted				testdir	PASS	-	-	0.02
PASS	testdir:fixedbugs/bug453.go	native				testdir	PASS	-	-	0.04
PASS	testdir:fixedbugs/bug454.go	compiled				testdir	PASS	-	-	0.12
PASS	testdir:fixedbugs/bug454.go	interpreted				testdir	PASS	-	-	0.02
PASS	testdir:fixedbugs/bug454.go	native				testdir	PASS	-	-	0.05
PASS	testdir:fixedbugs/bug455.go	compiled				testdir	PASS	-	-	0.14
PASS	testdir:fixedbugs/bug455.go	interpreted				testdir	PASS	-	-	0.02
PASS	testdir:fixedbugs/bug455.go	native				testdir	PASS	-	-	0.05
PASS	testdir:fixedbugs/bug456.go	compiled				testdir	PASS	-	-	0.13
PASS	testdir:fixedbugs/bug456.go	interpreted				testdir	PASS	-	-	0.02
PASS	testdir:fixedbugs/bug456.go	native				testdir	PASS	-	-	0.05
PASS	testdir:fixedbugs/bug457.go	compiled				testdir	PASS	-	-	0.14
PASS	testdir:fixedbugs/bug457.go	interpreted				testdir	PASS	-	-	0.02
PASS	testdir:fixedbugs/bug457.go	native				testdir	PASS	-	-	0.05
PASS	testdir:fixedbugs/bug458.go	compiled				testdir	PASS	-	-	0.04
PASS	testdir:fixedbugs/bug458.go	interpreted				testdir	PASS	-	-	0.01
PASS	testdir:fixedbugs/bug458.go	native				testdir	PASS	-	-	0.01
PASS	testdir:fixedbugs/bug459.go	compiled				testdir	PASS	-	-	0.01
PASS	testdir:fixedbugs/bug459.go	interpreted				testdir	PASS	-	-	0.01
PASS	testdir:fixedbugs/bug459.go	native				testdir	PASS	-	-	0.01
PASS	testdir:fixedbugs/bug460.go	compiled				testdir	PASS	-	-	0.06
PASS	testdir:fixedbugs/bug460.go	interpreted				testdir	PASS	-	-	0.02
PASS	testdir:fixedbugs/bug460.go	native				testdir	PASS	-	-	0.02
PASS	testdir:fixedbugs/bug461.go	compiled				testdir	PASS	-	-	0.24
PASS	testdir:fixedbugs/bug461.go	interpreted				testdir	PASS	-	-	0.82
PASS	testdir:fixedbugs/bug461.go	native				testdir	PASS	-	-	0.06
PASS	testdir:fixedbugs/bug462.go	compiled				testdir	PASS	-	-	0.06
PASS	testdir:fixedbugs/bug462.go	interpreted				testdir	PASS	-	-	0.05
PASS	testdir:fixedbugs/bug462.go	native				testdir	PASS	-	-	0.01
PASS	testdir:fixedbugs/bug463.go	compiled				testdir	PASS	-	-	0.01
PASS	testdir:fixedbugs/bug463.go	interpreted				testdir	PASS	-	-	0.01
PASS	testdir:fixedbugs/bug463.go	native				testdir	PASS	-	-	0.01
PASS	testdir:fixedbugs/bug464.go	compiled				testdir	PASS	-	-	0.01
PASS	testdir:fixedbugs/bug464.go	interpreted				testdir	PASS	-	-	0.01
PASS	testdir:fixedbugs/bug464.go	native				testdir	PASS	-	-	0.01
PASS	testdir:fixedbugs/bug465.go	compiled				testdir	PASS	-	-	0.13
PASS	testdir:fixedbugs/bug465.go	interpreted				testdir	PASS	-	-	0.03
PASS	testdir:fixedbugs/bug465.go	native				testdir	PASS	-	-	0.06
PASS	testdir:fixedbugs/bug466.go	compiled				testdir	PASS	-	-	0.13
PASS	testdir:fixedbugs/bug466.go	interpreted				testdir	PASS	-	-	0.03
PASS	testdir:fixedbugs/bug466.go	native				testdir	PASS	-	-	0.06
PASS	testdir:fixedbugs/bug467.go	compiled				testdir	PASS	-	-	0.13
PASS	testdir:fixedbugs/bug467.go	interpreted				testdir	PASS	-	-	0.03
PASS	testdir:fixedbugs/bug467.go	native				testdir	PASS	-	-	0.03
PASS	testdir:fixedbugs/bug468.go	compiled				testdir	PASS	-	-	0.18
PASS	testdir:fixedbugs/bug468.go	interpreted				testdir	PASS	-	-	0.87
PASS	testdir:fixedbugs/bug468.go	native				testdir	PASS	-	-	0.07
PASS	testdir:fixedbugs/bug470.go	compiled				testdir	PASS	-	-	0.27
PASS	testdir:fixedbugs/bug470.go	interpreted				testdir	PASS	-	-	0.85
PASS	testdir:fixedbugs/bug470.go	native				testdir	PASS	-	-	0.06
PASS	testdir:fixedbugs/bug471.go	compiled				testdir	PASS	-	-	0.04
PASS	testdir:fixedbugs/bug471.go	interpreted				testdir	PASS	-	-	0.01
PASS	testdir:fixedbugs/bug471.go	native				testdir	PASS	-	-	0.01
PASS	testdir:fixedbugs/bug472.go	compiled				testdir	PASS	-	-	0.3
PASS	testdir:fixedbugs/bug472.go	interpreted				testdir	PASS	-	-	1
PASS	testdir:fixedbugs/bug472.go	native				testdir	PASS	-	-	0.07
PASS	testdir:fixedbugs/bug473.go	compiled				testdir	PASS	-	-	0.14
PASS	testdir:fixedbugs/bug473.go	interpreted				testdir	PASS	-	-	0.02
PASS	testdir:fixedbugs/bug473.go	native				testdir	PASS	-	-	0.05
PASS	testdir:fixedbugs/bug474.go	compiled				testdir	PASS	-	-	0.22
PASS	testdir:fixedbugs/bug474.go	interpreted				testdir	PASS	-	-	0.83
PASS	testdir:fixedbugs/bug474.go	native				testdir	PASS	-	-	0.05
PASS	testdir:fixedbugs/bug475.go	compiled				testdir	PASS	-	-	0.04
PASS	testdir:fixedbugs/bug475.go	interpreted				testdir	PASS	-	-	0.01
PASS	testdir:fixedbugs/bug475.go	native				testdir	PASS	-	-	0.01
PASS	testdir:fixedbugs/bug476.go	compiled				testdir	PASS	-	-	0.04
PASS	testdir:fixedbugs/bug476.go	interpreted				testdir	PASS	-	-	0.01
PASS	testdir:fixedbugs/bug476.go	native				testdir	PASS	-	-	0.01
PASS	testdir:fixedbugs/bug477.go	compiled				testdir	PASS	-	-	0.04
PASS	testdir:fixedbugs/bug477.go	interpreted				testdir	PASS	-	-	0.01
PASS	testdir:fixedbugs/bug477.go	native				testdir	PASS	-	-	0.01
PASS	testdir:fixedbugs/bug478.go	compiled				testdir	PASS	-	-	0.09
PASS	testdir:fixedbugs/bug478.go	interpreted				testdir	PASS	-	-	0.02
PASS	testdir:fixedbugs/bug478.go	native				testdir	PASS	-	-	0.02
PASS	testdir:fixedbugs/bug479.go	compiled				testdir	PASS	-	-	0.13
PASS	testdir:fixedbugs/bug479.go	interpreted				testdir	PASS	-	-	0.69
PASS	testdir:fixedbugs/bug479.go	native				testdir	PASS	-	-	0.06
PASS	testdir:fixedbugs/bug480.go	compiled				testdir	PASS	-	-	0.09
PASS	testdir:fixedbugs/bug480.go	interpreted				testdir	PASS	-	-	0.02
PASS	testdir:fixedbugs/bug480.go	native				testdir	PASS	-	-	0.02
PASS	testdir:fixedbugs/bug481.go	compiled				testdir	PASS	-	-	0.04
PASS	testdir:fixedbugs/bug481.go	interpreted				testdir	PASS	-	-	0.01
PASS	testdir:fixedbugs/bug481.go	native				testdir	PASS	-	-	0.01
PASS	testdir:fixedbugs/bug482.go	compiled				testdir	PASS	-	-	0.05
PASS	testdir:fixedbugs/bug482.go	interpreted				testdir	PASS	-	-	0.01
PASS	testdir:fixedbugs/bug482.go	native				testdir	PASS	-	-	0.01
PASS	testdir:fixedbugs/bug483.go	compiled				testdir	PASS	-	-	0.35
PASS	testdir:fixedbugs/bug483.go	interpreted				testdir	PASS	-	-	1.15
PASS	testdir:fixedbugs/bug483.go	native				testdir	PASS	-	-	0.07
PASS	testdir:fixedbugs/bug484.go	compiled				testdir	PASS	-	-	0.21
PASS	testdir:fixedbugs/bug484.go	interpreted				testdir	PASS	-	-	0.8
PASS	testdir:fixedbugs/bug484.go	native				testdir	PASS	-	-	0.05
PASS	testdir:fixedbugs/bug485.go	compiled				testdir	PASS	-	-	0.13
PASS	testdir:fixedbugs/bug485.go	interpreted				testdir	PASS	-	-	0.02
PASS	testdir:fixedbugs/bug485.go	native				testdir	PASS	-	-	0.06
PASS	testdir:fixedbugs/bug486.go	compiled				testdir	PASS	-	-	0.04
PASS	testdir:fixedbugs/bug486.go	interpreted				testdir	PASS	-	-	0.01
PASS	testdir:fixedbugs/bug486.go	native				testdir	PASS	-	-	0.01
PASS	testdir:fixedbugs/bug487.go	compiled				testdir	PASS	-	-	0.01
PASS	testdir:fixedbugs/bug487.go	interpreted				testdir	PASS	-	-	0.01
PASS	testdir:fixedbugs/bug487.go	native				testdir	PASS	-	-	0.01
PASS	testdir:fixedbugs/bug488.go	compiled				testdir	PASS	-	-	0.06
PASS	testdir:fixedbugs/bug488.go	interpreted				testdir	PASS	-	-	0.06
PASS	testdir:fixedbugs/bug488.go	native				testdir	PASS	-	-	0.01
PASS	testdir:fixedbugs/bug489.go	compiled				testdir	PASS	-	-	0.05
PASS	testdir:fixedbugs/bug489.go	interpreted				testdir	PASS	-	-	0.01
PASS	testdir:fixedbugs/bug489.go	native				testdir	PASS	-	-	0.01
PASS	testdir:fixedbugs/bug490.go	compiled				testdir	PASS	-	-	0.04
PASS	testdir:fixedbugs/bug490.go	interpreted				testdir	PASS	-	-	0.01
PASS	testdir:fixedbugs/bug490.go	native				testdir	PASS	-	-	0.01
PASS	testdir:fixedbugs/bug491.go	compiled				testdir	PASS	-	-	0.14
PASS	testdir:fixedbugs/bug491.go	interpreted				testdir	PASS	-	-	0.02
PASS	testdir:fixedbugs/bug491.go	native				testdir	PASS	-	-	0.05
PASS	testdir:fixedbugs/bug492.go	compiled				testdir	PASS	-	-	0.13
PASS	testdir:fixedbugs/bug492.go	interpreted				testdir	PASS	-	-	0.03
PASS	testdir:fixedbugs/bug492.go	native				testdir	PASS	-	-	0.06
PASS	testdir:fixedbugs/bug493.go	compiled				testdir	PASS	-	-	0.04
PASS	testdir:fixedbugs/bug493.go	interpreted				testdir	PASS	-	-	0.01
PASS	testdir:fixedbugs/bug493.go	native				testdir	PASS	-	-	0.01
PASS	testdir:fixedbugs/bug494.go	compiled				testdir	PASS	-	-	0.14
PASS	testdir:fixedbugs/bug494.go	interpreted				testdir	PASS	-	-	0.02
PASS	testdir:fixedbugs/bug494.go	native				testdir	PASS	-	-	0.05
PASS	testdir:fixedbugs/bug495.go	compiled				testdir	PASS	-	-	0.04
PASS	testdir:fixedbugs/bug495.go	interpreted				testdir	PASS	-	-	0.01
PASS	testdir:fixedbugs/bug495.go	native				testdir	PASS	-	-	0.01
PASS	testdir:fixedbugs/bug496.go	compiled				testdir	PASS	-	-	0.04
PASS	testdir:fixedbugs/bug496.go	interpreted				testdir	PASS	-	-	0.01
PASS	testdir:fixedbugs/bug496.go	native				testdir	PASS	-	-	0.01
PASS	testdir:fixedbugs/bug497.go	compiled				testdir	PASS	-	-	0.13
PASS	testdir:fixedbugs/bug497.go	interpreted				testdir	PASS	-	-	0.02
PASS	testdir:fixedbugs/bug497.go	native				testdir	PASS	-	-	0.05
PASS	testdir:fixedbugs/bug498.go	compiled				testdir	PASS	-	-	0.13
PASS	testdir:fixedbugs/bug498.go	interpreted				testdir	PASS	-	-	0.02
PASS	testdir:fixedbugs/bug498.go	native				testdir	PASS	-	-	0.05
PASS	testdir:fixedbugs/bug499.go	compiled				testdir	PASS	-	-	0.13
PASS	testdir:fixedbugs/bug499.go	interpreted				testdir	PASS	-	-	0.02
PASS	testdir:fixedbugs/bug499.go	native				testdir	PASS	-	-	0.05
PASS	testdir:fixedbugs/bug500.go	compiled				testdir	PASS	-	-	0.21
PASS	testdir:fixedbugs/bug500.go	interpreted				testdir	PASS	-	-	0.84
PASS	testdir:fixedbugs/bug500.go	native				testdir	PASS	-	-	0.05
PASS	testdir:fixedbugs/bug501.go	compiled				testdir	PASS	-	-	0.14
PASS	testdir:fixedbugs/bug501.go	interpreted				testdir	PASS	-	-	0.02
PASS	testdir:fixedbugs/bug501.go	native				testdir	PASS	-	-	0.05
PASS	testdir:fixedbugs/bug502.go	compiled				testdir	PASS	-	-	0.28
PASS	testdir:fixedbugs/bug502.go	interpreted				testdir	PASS	-	-	0.05
PASS	testdir:fixedbugs/bug502.go	native				testdir	PASS	-	-	0.15
PASS	testdir:fixedbugs/bug503.go	compiled				testdir	PASS	-	-	0.05
PASS	testdir:fixedbugs/bug503.go	interpreted				testdir	PASS	-	-	0.01
PASS	testdir:fixedbugs/bug503.go	native				testdir	PASS	-	-	0.01
PASS	testdir:fixedbugs/bug504.go	compiled				testdir	PASS	-	FIXED	0.16
PASS	testdir:fixedbugs/bug504.go	interpreted				testdir	PASS	-	-	0.04
PASS	testdir:fixedbugs/bug504.go	native				testdir	PASS	-	-	0.03
PASS	testdir:fixedbugs/bug505.go	compiled				testdir	PASS	-	-	0.04
PASS	testdir:fixedbugs/bug505.go	interpreted				testdir	PASS	-	-	0.01
PASS	testdir:fixedbugs/bug505.go	native				testdir	PASS	-	-	0.01
PASS	testdir:fixedbugs/bug506.go	compiled				testdir	PASS	-	-	0.2
PASS	testdir:fixedbugs/bug506.go	interpreted				testdir	PASS	-	-	0.9
PASS	testdir:fixedbugs/bug506.go	native				testdir	PASS	-	-	0.08
PASS	testdir:fixedbugs/bug507.go	compiled				testdir	PASS	-	-	0.08
PASS	testdir:fixedbugs/bug507.go	interpreted				testdir	PASS	-	-	0.02
PASS	testdir:fixedbugs/bug507.go	native				testdir	PASS	-	-	0.02
PASS	testdir:fixedbugs/bug508.go	compiled				testdir	PASS	-	-	0.04
PASS	testdir:fixedbugs/bug508.go	interpreted				testdir	PASS	-	-	0.01
PASS	testdir:fixedbugs/bug508.go	native				testdir	PASS	-	-	0.01
PASS	testdir:fixedbugs/bug509.go	compiled				testdir	PASS	-	-	0.05
PASS	testdir:fixedbugs/bug509.go	interpreted				testdir	PASS	-	-	0.01
PASS	testdir:fixedbugs/bug509.go	native				testdir	PASS	-	-	0.01
PASS	testdir:fixedbugs/bug510.go	compiled				testdir	PASS	-	-	0.22
PASS	testdir:fixedbugs/bug510.go	interpreted				testdir	PASS	-	-	0.89
PASS	testdir:fixedbugs/bug510.go	native				testdir	PASS	-	-	0.09
PASS	testdir:fixedbugs/bug511.go	compiled				testdir	PASS	-	-	0.08
PASS	testdir:fixedbugs/bug511.go	interpreted				testdir	PASS	-	-	0.02
PASS	testdir:fixedbugs/bug511.go	native				testdir	PASS	-	-	0.02
PASS	testdir:fixedbugs/bug512.go	compiled				testdir	PASS	-	-	0.21
PASS	testdir:fixedbugs/bug512.go	interpreted				testdir	PASS	-	-	0.86
PASS	testdir:fixedbugs/bug512.go	native				testdir	PASS	-	-	0.05
PASS	testdir:fixedbugs/bug513.go	compiled				testdir	PASS	-	-	1.56
PASS	testdir:fixedbugs/bug513.go	interpreted	unsafe-reinterpretation	unsafe.Pointer memory reinterpretation: the interpreter has no native memory model		testdir	PASS	-	-	0.64
PASS	testdir:fixedbugs/bug513.go	native				testdir	PASS	-	-	4.73
PASS	testdir:fixedbugs/bug514.go	compiled				testdir	PASS	-	-	0.24
EXCLUDED	testdir:fixedbugs/bug514.go	interpreted	cgo	import "C" / //go:build cgo: the pure-Go product declares cgo out of scope	testdir_test.go:153: exit status 1	testdir	FAIL	CATALOG	EXCLUDED	0.17
PASS	testdir:fixedbugs/bug514.go	native				testdir	PASS	-	-	0.05
SKIP	testdir:fixedbugs/bug515.go	compiled			testdir_test.go:531: //go:build gccgo	testdir	SKIP	-	-	0
SKIP	testdir:fixedbugs/bug515.go	interpreted			testdir_test.go:531: //go:build gccgo	testdir	SKIP	-	-	0
SKIP	testdir:fixedbugs/bug515.go	native			testdir_test.go:531: //go:build gccgo	testdir	SKIP	-	-	0
PASS	testdir:fixedbugs/bug516.go	compiled				testdir	PASS	-	-	0.04
PASS	testdir:fixedbugs/bug516.go	interpreted				testdir	PASS	-	-	0.01
PASS	testdir:fixedbugs/bug516.go	native				testdir	PASS	-	-	0.01
PASS	testdir:fixedbugs/bug517.go	compiled				testdir	PASS	-	FIXED	0.13
PASS	testdir:fixedbugs/bug517.go	interpreted				testdir	PASS	-	-	0.62
PASS	testdir:fixedbugs/bug517.go	native				testdir	PASS	-	-	0.05
PASS	testdir:fixedbugs/bug518.go	compiled				testdir	PASS	-	-	0.01
PASS	testdir:fixedbugs/bug518.go	interpreted				testdir	PASS	-	-	0.01
PASS	testdir:fixedbugs/bug518.go	native				testdir	PASS	-	-	0.01
PASS	testdir:fixedbugs/dse_move_auxint.go	compiled				testdir	PASS	-	-	0.26
PASS	testdir:fixedbugs/dse_move_auxint.go	interpreted				testdir	PASS	-	-	0.83
PASS	testdir:fixedbugs/dse_move_auxint.go	native				testdir	PASS	-	-	0.06
PASS	testdir:fixedbugs/gcc101994.go	compiled				testdir	PASS	-	-	0.04
PASS	testdir:fixedbugs/gcc101994.go	interpreted				testdir	PASS	-	-	0.01
PASS	testdir:fixedbugs/gcc101994.go	native				testdir	PASS	-	-	0.01
PASS	testdir:fixedbugs/gcc61204.go	compiled				testdir	PASS	-	-	0.05
PASS	testdir:fixedbugs/gcc61204.go	interpreted				testdir	PASS	-	-	0.01
PASS	testdir:fixedbugs/gcc61204.go	native				testdir	PASS	-	-	0.01
PASS	testdir:fixedbugs/gcc61244.go	compiled				testdir	PASS	-	-	0.06
PASS	testdir:fixedbugs/gcc61244.go	interpreted				testdir	PASS	-	-	0.01
PASS	testdir:fixedbugs/gcc61244.go	native				testdir	PASS	-	-	0.01
PASS	testdir:fixedbugs/gcc61246.go	compiled				testdir	PASS	-	-	0.05
PASS	testdir:fixedbugs/gcc61246.go	interpreted				testdir	PASS	-	-	0.01
PASS	testdir:fixedbugs/gcc61246.go	native				testdir	PASS	-	-	0.01
PASS	testdir:fixedbugs/gcc61248.go	compiled				testdir	PASS	-	-	0.05
PASS	testdir:fixedbugs/gcc61248.go	interpreted				testdir	PASS	-	-	0.01
PASS	testdir:fixedbugs/gcc61248.go	native				testdir	PASS	-	-	0.01
PASS	testdir:fixedbugs/gcc61253.go	compiled				testdir	PASS	-	-	0.05
PASS	testdir:fixedbugs/gcc61253.go	interpreted				testdir	PASS	-	-	0.01
PASS	testdir:fixedbugs/gcc61253.go	native				testdir	PASS	-	-	0.01
PASS	testdir:fixedbugs/gcc61254.go	compiled				testdir	PASS	-	-	0.05
PASS	testdir:fixedbugs/gcc61254.go	interpreted				testdir	PASS	-	-	0.01
PASS	testdir:fixedbugs/gcc61254.go	native				testdir	PASS	-	-	0.01
PASS	testdir:fixedbugs/gcc61255.go	compiled				testdir	PASS	-	-	0.05
PASS	testdir:fixedbugs/gcc61255.go	interpreted				testdir	PASS	-	-	0.01
PASS	testdir:fixedbugs/gcc61255.go	native				testdir	PASS	-	-	0.01
PASS	testdir:fixedbugs/gcc61258.go	compiled				testdir	PASS	-	-	0.13
PASS	testdir:fixedbugs/gcc61258.go	interpreted				testdir	PASS	-	-	0.02
PASS	testdir:fixedbugs/gcc61258.go	native				testdir	PASS	-	-	0.05
PASS	testdir:fixedbugs/gcc61264.go	compiled				testdir	PASS	-	-	0.05
PASS	testdir:fixedbugs/gcc61264.go	interpreted				testdir	PASS	-	-	0.01
PASS	testdir:fixedbugs/gcc61264.go	native				testdir	PASS	-	-	0.01
PASS	testdir:fixedbugs/gcc61265.go	compiled				testdir	PASS	-	-	0.05
PASS	testdir:fixedbugs/gcc61265.go	interpreted				testdir	PASS	-	-	0.01
PASS	testdir:fixedbugs/gcc61265.go	native				testdir	PASS	-	-	0.01
PASS	testdir:fixedbugs/gcc61273.go	compiled				testdir	PASS	-	-	0.05
PASS	testdir:fixedbugs/gcc61273.go	interpreted				testdir	PASS	-	-	0.01
PASS	testdir:fixedbugs/gcc61273.go	native				testdir	PASS	-	-	0.01
PASS	testdir:fixedbugs/gcc65755.go	compiled				testdir	PASS	-	-	0.23
PASS	testdir:fixedbugs/gcc65755.go	interpreted				testdir	PASS	-	-	0.97
PASS	testdir:fixedbugs/gcc65755.go	native				testdir	PASS	-	-	0.06
PASS	testdir:fixedbugs/gcc67968.go	compiled				testdir	PASS	-	-	0.08
PASS	testdir:fixedbugs/gcc67968.go	interpreted				testdir	PASS	-	-	0.02
PASS	testdir:fixedbugs/gcc67968.go	native				testdir	PASS	-	-	0.02
PASS	testdir:fixedbugs/gcc78763.go	compiled				testdir	PASS	-	-	0.04
PASS	testdir:fixedbugs/gcc78763.go	interpreted				testdir	PASS	-	-	0.01
PASS	testdir:fixedbugs/gcc78763.go	native				testdir	PASS	-	-	0.01
PASS	testdir:fixedbugs/gcc80226.go	compiled				testdir	PASS	-	-	0.04
PASS	testdir:fixedbugs/gcc80226.go	interpreted				testdir	PASS	-	-	0.01
PASS	testdir:fixedbugs/gcc80226.go	native				testdir	PASS	-	-	0.01
PASS	testdir:fixedbugs/gcc89321.go	compiled				testdir	PASS	-	-	0.05
PASS	testdir:fixedbugs/gcc89321.go	interpreted				testdir	PASS	-	-	0.01
PASS	testdir:fixedbugs/gcc89321.go	native				testdir	PASS	-	-	0.01
PASS	testdir:fixedbugs/issue10047.go	compiled				testdir	PASS	-	-	0.05
PASS	testdir:fixedbugs/issue10047.go	interpreted				testdir	PASS	-	-	0.01
PASS	testdir:fixedbugs/issue10047.go	native				testdir	PASS	-	-	0.01
PASS	testdir:fixedbugs/issue10066.go	compiled				testdir	PASS	-	-	0.19
PASS	testdir:fixedbugs/issue10066.go	interpreted				testdir	PASS	-	-	0.11
PASS	testdir:fixedbugs/issue10066.go	native				testdir	PASS	-	-	0.02
PASS	testdir:fixedbugs/issue10135.go	compiled				testdir	PASS	-	-	0.13
PASS	testdir:fixedbugs/issue10135.go	interpreted				testdir	PASS	-	-	0.02
PASS	testdir:fixedbugs/issue10135.go	native				testdir	PASS	-	-	0.04
PASS	testdir:fixedbugs/issue10219.go	compiled				testdir	PASS	-	-	0.13
PASS	testdir:fixedbugs/issue10219.go	interpreted				testdir	PASS	-	-	0.03
PASS	testdir:fixedbugs/issue10219.go	native				testdir	PASS	-	-	0.03
PASS	testdir:fixedbugs/issue10253.go	compiled				testdir	PASS	-	-	0.14
PASS	testdir:fixedbugs/issue10253.go	interpreted				testdir	PASS	-	-	0.02
PASS	testdir:fixedbugs/issue10253.go	native				testdir	PASS	-	-	0.04
PASS	testdir:fixedbugs/issue10284.go	compiled				testdir	PASS	-	-	0.04
PASS	testdir:fixedbugs/issue10284.go	interpreted				testdir	PASS	-	-	0.01
PASS	testdir:fixedbugs/issue10284.go	native				testdir	PASS	-	-	0.01
PASS	testdir:fixedbugs/issue10320.go	compiled				testdir	PASS	-	-	0.14
PASS	testdir:fixedbugs/issue10320.go	interpreted				testdir	PASS	-	-	0.02
PASS	testdir:fixedbugs/issue10320.go	native				testdir	PASS	-	-	0.04
PASS	testdir:fixedbugs/issue10332.go	compiled				testdir	PASS	-	-	0.26
PASS	testdir:fixedbugs/issue10332.go	interpreted				testdir	PASS	-	-	1.05
PASS	testdir:fixedbugs/issue10332.go	native				testdir	PASS	-	-	0.07
PASS	testdir:fixedbugs/issue10353.go	compiled				testdir	PASS	-	-	0.14
PASS	testdir:fixedbugs/issue10353.go	interpreted				testdir	PASS	-	-	0.09
PASS	testdir:fixedbugs/issue10353.go	native				testdir	PASS	-	-	0.04
PASS	testdir:fixedbugs/issue10407.go	compiled				testdir	PASS	-	-	0.38
PASS	testdir:fixedbugs/issue10407.go	interpreted				testdir	PASS	-	-	0.94
PASS	testdir:fixedbugs/issue10407.go	native				testdir	PASS	-	-	0.17
PASS	testdir:fixedbugs/issue10441.go	compiled				testdir	PASS	-	-	0.04
PASS	testdir:fixedbugs/issue10441.go	interpreted				testdir	PASS	-	-	0.01
PASS	testdir:fixedbugs/issue10441.go	native				testdir	PASS	-	-	0.01
PASS	testdir:fixedbugs/issue10486.go	compiled				testdir	PASS	-	-	0.22
PASS	testdir:fixedbugs/issue10486.go	interpreted				testdir	PASS	-	-	0.96
PASS	testdir:fixedbugs/issue10486.go	native				testdir	PASS	-	-	0.05
PASS	testdir:fixedbugs/issue10607.go	compiled				testdir	PASS	-	-	0.7
PASS	testdir:fixedbugs/issue10607.go	interpreted				testdir	PASS	-	-	1.57
PASS	testdir:fixedbugs/issue10607.go	native				testdir	PASS	-	-	0.46
SKIP	testdir:fixedbugs/issue10607a.go	compiled			testdir_test.go:565: skip	testdir	SKIP	-	-	0
SKIP	testdir:fixedbugs/issue10607a.go	interpreted			testdir_test.go:565: skip	testdir	SKIP	-	-	0
SKIP	testdir:fixedbugs/issue10607a.go	native			testdir_test.go:565: skip	testdir	SKIP	-	-	0
PASS	testdir:fixedbugs/issue10654.go	compiled				testdir	PASS	-	-	0.05
PASS	testdir:fixedbugs/issue10654.go	interpreted				testdir	PASS	-	-	0.01
PASS	testdir:fixedbugs/issue10654.go	native				testdir	PASS	-	-	0.01
PASS	testdir:fixedbugs/issue10700.go	compiled				testdir	PASS	-	-	0.07
PASS	testdir:fixedbugs/issue10700.go	interpreted				testdir	PASS	-	-	0.02
PASS	testdir:fixedbugs/issue10700.go	native				testdir	PASS	-	-	0.02
PASS	testdir:fixedbugs/issue10925.go	compiled				testdir	PASS	-	-	0.26
PASS	testdir:fixedbugs/issue10925.go	interpreted				testdir	PASS	-	-	0.93
PASS	testdir:fixedbugs/issue10925.go	native				testdir	PASS	-	-	0.06
SKIP	testdir:fixedbugs/issue10958.go	compiled			testdir_test.go:531: //go:build !nacl && !js && disabled_see_issue_18589	testdir	SKIP	-	-	0
SKIP	testdir:fixedbugs/issue10958.go	interpreted			testdir_test.go:531: //go:build !nacl && !js && disabled_see_issue_18589	testdir	SKIP	-	-	0
SKIP	testdir:fixedbugs/issue10958.go	native			testdir_test.go:531: //go:build !nacl && !js && disabled_see_issue_18589	testdir	SKIP	-	-	0
PASS	testdir:fixedbugs/issue10975.go	compiled				testdir	PASS	-	-	0.01
PASS	testdir:fixedbugs/issue10975.go	interpreted				testdir	PASS	-	-	0.01
PASS	testdir:fixedbugs/issue10975.go	native				testdir	PASS	-	-	0.01
PASS	testdir:fixedbugs/issue10977.go	compiled				testdir	PASS	-	-	0.05
PASS	testdir:fixedbugs/issue10977.go	interpreted				testdir	PASS	-	-	0.01
PASS	testdir:fixedbugs/issue10977.go	native				testdir	PASS	-	-	0.01
PASS	testdir:fixedbugs/issue11053.go	compiled				testdir	PASS	-	-	0.21
PASS	testdir:fixedbugs/issue11053.go	interpreted				testdir	PASS	-	-	1.02
PASS	testdir:fixedbugs/issue11053.go	native				testdir	PASS	-	-	0.07
PASS	testdir:fixedbugs/issue11256.go	compiled				testdir	PASS	-	-	0.37
PASS	testdir:fixedbugs/issue11256.go	interpreted				testdir	PASS	-	-	16.43
PASS	testdir:fixedbugs/issue11256.go	native				testdir	PASS	-	-	0.07
PASS	testdir:fixedbugs/issue11286.go	compiled				testdir	PASS	-	-	0.22
PASS	testdir:fixedbugs/issue11286.go	interpreted				testdir	PASS	-	-	0.88
PASS	testdir:fixedbugs/issue11286.go	native				testdir	PASS	-	-	0.05
PASS	testdir:fixedbugs/issue11326.go	compiled				testdir	PASS	-	-	0.01
PASS	testdir:fixedbugs/issue11326.go	interpreted				testdir	PASS	-	-	0.01
PASS	testdir:fixedbugs/issue11326.go	native				testdir	PASS	-	-	0.01
PASS	testdir:fixedbugs/issue11326b.go	compiled				testdir	PASS	-	-	0.13
PASS	testdir:fixedbugs/issue11326b.go	interpreted				testdir	PASS	-	-	0.02
PASS	testdir:fixedbugs/issue11326b.go	native				testdir	PASS	-	-	0.05
PASS	testdir:fixedbugs/issue11354.go	compiled				testdir	PASS	-	-	0.05
PASS	testdir:fixedbugs/issue11354.go	interpreted				testdir	PASS	-	-	0.01
PASS	testdir:fixedbugs/issue11354.go	native				testdir	PASS	-	-	0.01
PASS	testdir:fixedbugs/issue11359.go	compiled				testdir	PASS	-	-	0.01
PASS	testdir:fixedbugs/issue11359.go	interpreted				testdir	PASS	-	-	0.01
PASS	testdir:fixedbugs/issue11359.go	native				testdir	PASS	-	-	0.01
PASS	testdir:fixedbugs/issue11361.go	compiled				testdir	PASS	-	-	0.06
PASS	testdir:fixedbugs/issue11361.go	interpreted				testdir	PASS	-	-	0.06
PASS	testdir:fixedbugs/issue11361.go	native				testdir	PASS	-	-	0.01
PASS	testdir:fixedbugs/issue11362.go	compiled				testdir	PASS	-	-	0.01
PASS	testdir:fixedbugs/issue11362.go	interpreted				testdir	PASS	-	-	0.01
PASS	testdir:fixedbugs/issue11362.go	native				testdir	PASS	-	-	0.01
PASS	testdir:fixedbugs/issue11369.go	compiled				testdir	PASS	-	-	0.14
PASS	testdir:fixedbugs/issue11369.go	interpreted				testdir	PASS	-	-	0.02
PASS	testdir:fixedbugs/issue11369.go	native				testdir	PASS	-	-	0.05
PASS	testdir:fixedbugs/issue11370.go	compiled				testdir	PASS	-	-	0.04
PASS	testdir:fixedbugs/issue11370.go	interpreted				testdir	PASS	-	-	0.01
PASS	testdir:fixedbugs/issue11370.go	native				testdir	PASS	-	-	0.01
PASS	testdir:fixedbugs/issue11371.go	compiled				testdir	PASS	-	-	0.01
PASS	testdir:fixedbugs/issue11371.go	interpreted				testdir	PASS	-	-	0.01
PASS	testdir:fixedbugs/issue11371.go	native				testdir	PASS	-	-	0.01
PASS	testdir:fixedbugs/issue11590.go	compiled				testdir	PASS	-	-	0.01
PASS	testdir:fixedbugs/issue11590.go	interpreted				testdir	PASS	-	-	0.01
PASS	testdir:fixedbugs/issue11590.go	native				testdir	PASS	-	-	0.01
PASS	testdir:fixedbugs/issue11610.go	compiled				testdir	PASS	-	-	0.01
PASS	testdir:fixedbugs/issue11610.go	interpreted				testdir	PASS	-	-	0.01
PASS	testdir:fixedbugs/issue11610.go	native				testdir	PASS	-	-	0.01
PASS	testdir:fixedbugs/issue11610a.go	compiled				testdir	PASS	-	-	0.01
PASS	testdir:fixedbugs/issue11610a.go	interpreted				testdir	PASS	-	-	0.01
PASS	testdir:fixedbugs/issue11610a.go	native				testdir	PASS	-	-	0.01
PASS	testdir:fixedbugs/issue11614.go	compiled				testdir	PASS	-	-	0.01
PASS	testdir:fixedbugs/issue11614.go	interpreted				testdir	PASS	-	-	0.01
PASS	testdir:fixedbugs/issue11614.go	native				testdir	PASS	-	-	0.01
PASS	testdir:fixedbugs/issue11656.go	compiled				testdir	PASS	-	-	0.32
EXCLUDED	testdir:fixedbugs/issue11656.go	interpreted	unsafe-reinterpretation	unsafe.Pointer memory reinterpretation: the interpreter has no native memory model	testdir_test.go:153: exit status 2	testdir	FAIL	CATALOG	EXCLUDED	1.34
PASS	testdir:fixedbugs/issue11656.go	native				testdir	PASS	-	-	0.11
PASS	testdir:fixedbugs/issue11674.go	compiled				testdir	PASS	-	-	0.01
PASS	testdir:fixedbugs/issue11674.go	interpreted				testdir	PASS	-	-	0.01
PASS	testdir:fixedbugs/issue11674.go	native				testdir	PASS	-	-	0.01
PASS	testdir:fixedbugs/issue11699.go	compiled				testdir	PASS	-	-	0.04
PASS	testdir:fixedbugs/issue11699.go	interpreted				testdir	PASS	-	-	0.01
PASS	testdir:fixedbugs/issue11699.go	native				testdir	PASS	-	-	0.01
PASS	testdir:fixedbugs/issue11737.go	compiled				testdir	PASS	-	-	0.01
PASS	testdir:fixedbugs/issue11737.go	interpreted				testdir	PASS	-	-	0.01
PASS	testdir:fixedbugs/issue11737.go	native				testdir	PASS	-	-	0.01
PASS	testdir:fixedbugs/issue11750.go	compiled				testdir	PASS	-	-	0.05
PASS	testdir:fixedbugs/issue11750.go	interpreted				testdir	PASS	-	-	0.01
PASS	testdir:fixedbugs/issue11750.go	native				testdir	PASS	-	-	0.01
PASS	testdir:fixedbugs/issue11771.go	compiled				testdir	PASS	-	-	0.64
PASS	testdir:fixedbugs/issue11771.go	interpreted				testdir	PASS	-	-	2.28
PASS	testdir:fixedbugs/issue11771.go	native				testdir	PASS	-	-	0.09
PASS	testdir:fixedbugs/issue11790.go	compiled				testdir	PASS	-	-	0.14
PASS	testdir:fixedbugs/issue11790.go	interpreted				testdir	PASS	-	-	0.06
PASS	testdir:fixedbugs/issue11790.go	native				testdir	PASS	-	-	0.01
PASS	testdir:fixedbugs/issue11945.go	compiled				testdir	PASS	-	-	0.27
PASS	testdir:fixedbugs/issue11945.go	interpreted				testdir	PASS	-	-	0.97
PASS	testdir:fixedbugs/issue11945.go	native				testdir	PASS	-	-	0.07
PASS	testdir:fixedbugs/issue11987.go	compiled				testdir	PASS	-	-	0.27
PASS	testdir:fixedbugs/issue11987.go	interpreted				testdir	PASS	-	-	0.93
PASS	testdir:fixedbugs/issue11987.go	native				testdir	PASS	-	-	0.06
PASS	testdir:fixedbugs/issue12006.go	compiled				testdir	PASS	-	-	0.07
EXCLUDED	testdir:fixedbugs/issue12006.go	interpreted	compiler-diagnostic	test asserts gc optimizer output (-m/-d=); an interpreter has no optimizer to report on	testdir_test.go:153: Bash++ backend unsupported: optimizer diagnostics are a compiler artifact; the check interface has no inlining, escape-analysis or SSA meaning	testdir	FAIL	CATALOG	EXCLUDED	0
PASS	testdir:fixedbugs/issue12006.go	native				testdir	PASS	-	-	0.03
PASS	testdir:fixedbugs/issue12108.go	compiled				testdir	PASS	-	-	0.13
PASS	testdir:fixedbugs/issue12108.go	interpreted				testdir	PASS	-	-	0.02
PASS	testdir:fixedbugs/issue12108.go	native				testdir	PASS	-	-	0.05
PASS	testdir:fixedbugs/issue12133.go	compiled				testdir	PASS	-	-	0.27
PASS	testdir:fixedbugs/issue12133.go	interpreted				testdir	PASS	-	-	0.92
PASS	testdir:fixedbugs/issue12133.go	native				testdir	PASS	-	-	0.07
PASS	testdir:fixedbugs/issue12226.go	compiled				testdir	PASS	-	-	0.25
PASS	testdir:fixedbugs/issue12226.go	interpreted				testdir	PASS	-	-	0.81
PASS	testdir:fixedbugs/issue12226.go	native				testdir	PASS	-	-	0.06
PASS	testdir:fixedbugs/issue12347.go	compiled				testdir	PASS	-	-	0.04
PASS	testdir:fixedbugs/issue12347.go	interpreted				testdir	PASS	-	-	0.01
PASS	testdir:fixedbugs/issue12347.go	native				testdir	PASS	-	-	0.01
PASS	testdir:fixedbugs/issue12411.go	compiled				testdir	PASS	-	-	0.13
PASS	testdir:fixedbugs/issue12411.go	interpreted				testdir	PASS	-	-	0.02
PASS	testdir:fixedbugs/issue12411.go	native				testdir	PASS	-	-	0.05
PASS	testdir:fixedbugs/issue12413.go	compiled				testdir	PASS	-	-	0.05
PASS	testdir:fixedbugs/issue12413.go	interpreted				testdir	PASS	-	-	0.01
PASS	testdir:fixedbugs/issue12413.go	native				testdir	PASS	-	-	0.01
PASS	testdir:fixedbugs/issue12525.go	compiled				testdir	PASS	-	-	0.01
PASS	testdir:fixedbugs/issue12525.go	interpreted				testdir	PASS	-	-	0.01
PASS	testdir:fixedbugs/issue12525.go	native				testdir	PASS	-	-	0.01
PASS	testdir:fixedbugs/issue12536.go	compiled				testdir	PASS	-	-	0.05
PASS	testdir:fixedbugs/issue12536.go	interpreted				testdir	PASS	-	-	0.01
PASS	testdir:fixedbugs/issue12536.go	native				testdir	PASS	-	-	0.01
PASS	testdir:fixedbugs/issue12577.go	compiled				testdir	PASS	-	-	0.19
PASS	testdir:fixedbugs/issue12577.go	interpreted				testdir	PASS	-	-	0.79
PASS	testdir:fixedbugs/issue12577.go	native				testdir	PASS	-	-	0.06
PASS	testdir:fixedbugs/issue12588.go	compiled				testdir	PASS	-	-	0.06
EXCLUDED	testdir:fixedbugs/issue12588.go	interpreted	compiler-diagnostic	test asserts gc optimizer output (-m/-d=); an interpreter has no optimizer to report on	testdir_test.go:153: Bash++ backend unsupported: optimizer diagnostics are a compiler artifact; the check interface has no inlining, escape-analysis or SSA meaning	testdir	FAIL	CATALOG	EXCLUDED	0
PASS	testdir:fixedbugs/issue12588.go	native				testdir	PASS	-	-	0.02
PASS	testdir:fixedbugs/issue12621.go	compiled				testdir	PASS	-	-	0.16
PASS	testdir:fixedbugs/issue12621.go	interpreted				testdir	PASS	-	-	0.78
PASS	testdir:fixedbugs/issue12621.go	native				testdir	PASS	-	-	0.05
PASS	testdir:fixedbugs/issue12677.go	compiled				testdir	PASS	-	-	0.08
PASS	testdir:fixedbugs/issue12677.go	interpreted				testdir	PASS	-	-	0.02
PASS	testdir:fixedbugs/issue12677.go	native				testdir	PASS	-	-	0.02
PASS	testdir:fixedbugs/issue12686.go	compiled				testdir	PASS	-	-	0.04
PASS	testdir:fixedbugs/issue12686.go	interpreted				testdir	PASS	-	-	0.01
PASS	testdir:fixedbugs/issue12686.go	native				testdir	PASS	-	-	0.01
PASS	testdir:fixedbugs/issue12944.go	compiled				testdir	PASS	-	-	0.01
PASS	testdir:fixedbugs/issue12944.go	interpreted				testdir	PASS	-	-	0.01
PASS	testdir:fixedbugs/issue12944.go	native				testdir	PASS	-	-	0.01
PASS	testdir:fixedbugs/issue1304.go	compiled				testdir	PASS	-	-	0.12
PASS	testdir:fixedbugs/issue1304.go	interpreted				testdir	PASS	-	-	0.02
PASS	testdir:fixedbugs/issue1304.go	native				testdir	PASS	-	-	0.05
PASS	testdir:fixedbugs/issue13160.go	compiled				testdir	PASS	-	-	0.26
PASS	testdir:fixedbugs/issue13160.go	interpreted				testdir	PASS	-	-	6.12
PASS	testdir:fixedbugs/issue13160.go	native				testdir	PASS	-	-	0.08
PASS	testdir:fixedbugs/issue13162.go	compiled				testdir	PASS	-	-	0.26
PASS	testdir:fixedbugs/issue13162.go	interpreted				testdir	PASS	-	-	1
PASS	testdir:fixedbugs/issue13162.go	native				testdir	PASS	-	-	0.07
PASS	testdir:fixedbugs/issue13169.go	compiled				testdir	PASS	-	-	0.92
EXCLUDED	testdir:fixedbugs/issue13169.go	interpreted	compute-bound	a CPU-bound loop whose interpreted evaluation exceeds the fixed 60 s leaf deadline (observed: evaluation volume); it shows no overhead a script would feel; put CPU-bound loops in a Go fence or embed	testdir_test.go:153: command exceeded time limit	testdir	FAIL	CATALOG	CARRIED-376	61
PASS	testdir:fixedbugs/issue13169.go	native				testdir	PASS	-	-	0.36
PASS	testdir:fixedbugs/issue13171.go	compiled				testdir	PASS	-	-	0.25
PASS	testdir:fixedbugs/issue13171.go	interpreted				testdir	PASS	-	-	0.87
PASS	testdir:fixedbugs/issue13171.go	native				testdir	PASS	-	-	0.07
PASS	testdir:fixedbugs/issue13248.go	compiled				testdir	PASS	-	-	0.01
PASS	testdir:fixedbugs/issue13248.go	interpreted				testdir	PASS	-	-	0.01
PASS	testdir:fixedbugs/issue13248.go	native				testdir	PASS	-	-	0.01
PASS	testdir:fixedbugs/issue13261.go	compiled				testdir	PASS	-	-	0.05
PASS	testdir:fixedbugs/issue13261.go	interpreted				testdir	PASS	-	-	0.01
PASS	testdir:fixedbugs/issue13261.go	native				testdir	PASS	-	-	0.01
PASS	testdir:fixedbugs/issue13262.go	compiled				testdir	PASS	-	-	0.04
PASS	testdir:fixedbugs/issue13262.go	interpreted				testdir	PASS	-	-	0.01
PASS	testdir:fixedbugs/issue13262.go	native				testdir	PASS	-	-	0.01
PASS	testdir:fixedbugs/issue13263.go	compiled				testdir	PASS	-	-	0.05
PASS	testdir:fixedbugs/issue13263.go	interpreted				testdir	PASS	-	-	0.01
PASS	testdir:fixedbugs/issue13263.go	native				testdir	PASS	-	-	0.01
PASS	testdir:fixedbugs/issue13265.go	compiled				testdir	PASS	-	-	0.04
PASS	testdir:fixedbugs/issue13265.go	interpreted				testdir	PASS	-	-	0.01
PASS	testdir:fixedbugs/issue13265.go	native				testdir	PASS	-	-	0.01
PASS	testdir:fixedbugs/issue13266.go	compiled				testdir	PASS	-	-	0.01
PASS	testdir:fixedbugs/issue13266.go	interpreted				testdir	PASS	-	-	0.01
PASS	testdir:fixedbugs/issue13266.go	native				testdir	PASS	-	-	0.01
PASS	testdir:fixedbugs/issue13268.go	compiled				testdir	PASS	-	-	0.46
PASS	testdir:fixedbugs/issue13268.go	interpreted				testdir	PASS	-	-	1.54
PASS	testdir:fixedbugs/issue13268.go	native				testdir	PASS	-	-	0.09
PASS	testdir:fixedbugs/issue13273.go	compiled				testdir	PASS	-	-	0.01
PASS	testdir:fixedbugs/issue13273.go	interpreted				testdir	PASS	-	-	0.01
PASS	testdir:fixedbugs/issue13273.go	native				testdir	PASS	-	-	0.01
PASS	testdir:fixedbugs/issue13274.go	compiled				testdir	PASS	-	-	0.02
PASS	testdir:fixedbugs/issue13274.go	interpreted				testdir	PASS	-	-	0.01
PASS	testdir:fixedbugs/issue13274.go	native				testdir	PASS	-	-	0.01
PASS	testdir:fixedbugs/issue13319.go	compiled				testdir	PASS	-	-	0.01
PASS	testdir:fixedbugs/issue13319.go	interpreted				testdir	PASS	-	-	0.01
PASS	testdir:fixedbugs/issue13319.go	native				testdir	PASS	-	-	0.01
PASS	testdir:fixedbugs/issue13337.go	compiled				testdir	PASS	-	-	0.05
PASS	testdir:fixedbugs/issue13337.go	interpreted				testdir	PASS	-	-	0.01
PASS	testdir:fixedbugs/issue13337.go	native				testdir	PASS	-	-	0.01
PASS	testdir:fixedbugs/issue13365.go	compiled				testdir	PASS	-	-	0.01
PASS	testdir:fixedbugs/issue13365.go	interpreted				testdir	PASS	-	-	0.01
PASS	testdir:fixedbugs/issue13365.go	native				testdir	PASS	-	-	0.01
PASS	testdir:fixedbugs/issue13415.go	compiled				testdir	PASS	-	-	0.01
PASS	testdir:fixedbugs/issue13415.go	interpreted				testdir	PASS	-	-	0.01
PASS	testdir:fixedbugs/issue13415.go	native				testdir	PASS	-	-	0.01
PASS	testdir:fixedbugs/issue13471.go	compiled				testdir	PASS	-	-	0.01
PASS	testdir:fixedbugs/issue13471.go	interpreted				testdir	PASS	-	-	0.01
PASS	testdir:fixedbugs/issue13471.go	native				testdir	PASS	-	-	0.01
PASS	testdir:fixedbugs/issue13480.go	compiled				testdir	PASS	-	-	0.01
PASS	testdir:fixedbugs/issue13480.go	interpreted				testdir	PASS	-	-	0.01
PASS	testdir:fixedbugs/issue13480.go	native				testdir	PASS	-	-	0.01
PASS	testdir:fixedbugs/issue13485.go	compiled				testdir	PASS	-	-	0.01
PASS	testdir:fixedbugs/issue13485.go	interpreted				testdir	PASS	-	-	0.01
PASS	testdir:fixedbugs/issue13485.go	native				testdir	PASS	-	-	0.01
PASS	testdir:fixedbugs/issue13539.go	compiled				testdir	PASS	-	-	0.03
PASS	testdir:fixedbugs/issue13539.go	interpreted				testdir	PASS	-	-	0.03
PASS	testdir:fixedbugs/issue13539.go	native				testdir	PASS	-	-	0.01
PASS	testdir:fixedbugs/issue13559.go	compiled				testdir	PASS	-	-	0.01
PASS	testdir:fixedbugs/issue13559.go	interpreted				testdir	PASS	-	-	0.02
PASS	testdir:fixedbugs/issue13559.go	native				testdir	PASS	-	-	0.01
PASS	testdir:fixedbugs/issue13587.go	compiled				testdir	PASS	-	-	0.08
EXCLUDED	testdir:fixedbugs/issue13587.go	interpreted	compiler-diagnostic	test asserts gc optimizer output (-m/-d=); an interpreter has no optimizer to report on	testdir_test.go:153: Bash++ backend unsupported: optimizer diagnostics are a compiler artifact; the check interface has no inlining, escape-analysis or SSA meaning	testdir	FAIL	CATALOG	EXCLUDED	0
PASS	testdir:fixedbugs/issue13587.go	native				testdir	PASS	-	-	0.01
PASS	testdir:fixedbugs/issue13684.go	compiled				testdir	PASS	-	-	0.14
PASS	testdir:fixedbugs/issue13684.go	interpreted				testdir	PASS	-	-	0.02
PASS	testdir:fixedbugs/issue13684.go	native				testdir	PASS	-	-	0.05
PASS	testdir:fixedbugs/issue13777.go	compiled				testdir	PASS	-	-	0.12
PASS	testdir:fixedbugs/issue13777.go	interpreted				testdir	PASS	-	-	0.03
PASS	testdir:fixedbugs/issue13777.go	native				testdir	PASS	-	-	0.05
PASS	testdir:fixedbugs/issue13779.go	compiled				testdir	PASS	-	-	0.01
PASS	testdir:fixedbugs/issue13779.go	interpreted				testdir	PASS	-	-	0.01
PASS	testdir:fixedbugs/issue13779.go	native				testdir	PASS	-	-	0.01
PASS	testdir:fixedbugs/issue13799.go	compiled				testdir	PASS	-	-	0.15
EXCLUDED	testdir:fixedbugs/issue13799.go	interpreted	compiler-diagnostic	test asserts gc optimizer output (-m/-d=); an interpreter has no optimizer to report on	testdir_test.go:153: Bash++ backend unsupported: optimizer diagnostics are a compiler artifact; the check interface has no inlining, escape-analysis or SSA meaning	testdir	FAIL	CATALOG	EXCLUDED	0
PASS	testdir:fixedbugs/issue13799.go	native				testdir	PASS	-	-	0.02
PASS	testdir:fixedbugs/issue13821.go	compiled				testdir	PASS	-	-	0.05
PASS	testdir:fixedbugs/issue13821.go	interpreted				testdir	PASS	-	-	0.01
PASS	testdir:fixedbugs/issue13821.go	native				testdir	PASS	-	-	0.01
PASS	testdir:fixedbugs/issue13821b.go	compiled				testdir	PASS	-	-	0.01
PASS	testdir:fixedbugs/issue13821b.go	interpreted				testdir	PASS	-	-	0.01
PASS	testdir:fixedbugs/issue13821b.go	native				testdir	PASS	-	-	0.01
PASS	testdir:fixedbugs/issue14006.go	compiled				testdir	PASS	-	-	0.01
PASS	testdir:fixedbugs/issue14006.go	interpreted				testdir	PASS	-	-	0.01
PASS	testdir:fixedbugs/issue14006.go	native				testdir	PASS	-	-	0.01
PASS	testdir:fixedbugs/issue14010.go	compiled				testdir	PASS	-	-	0.01
PASS	testdir:fixedbugs/issue14010.go	interpreted				testdir	PASS	-	-	0.01
PASS	testdir:fixedbugs/issue14010.go	native				testdir	PASS	-	-	0.01
PASS	testdir:fixedbugs/issue14136.go	compiled				testdir	PASS	-	-	0.01
PASS	testdir:fixedbugs/issue14136.go	interpreted				testdir	PASS	-	-	0.01
PASS	testdir:fixedbugs/issue14136.go	native				testdir	PASS	-	-	0.01
PASS	testdir:fixedbugs/issue14164.go	compiled				testdir	PASS	-	-	0.09
PASS	testdir:fixedbugs/issue14164.go	interpreted				testdir	PASS	-	-	0.02
PASS	testdir:fixedbugs/issue14164.go	native				testdir	PASS	-	-	0.02
PASS	testdir:fixedbugs/issue14321.go	compiled				testdir	PASS	-	-	0.01
PASS	testdir:fixedbugs/issue14321.go	interpreted				testdir	PASS	-	-	0.01
PASS	testdir:fixedbugs/issue14321.go	native				testdir	PASS	-	-	0.01
PASS	testdir:fixedbugs/issue14331.go	compiled				testdir	PASS	-	-	0.09
PASS	testdir:fixedbugs/issue14331.go	interpreted				testdir	PASS	-	-	0.02
PASS	testdir:fixedbugs/issue14331.go	native				testdir	PASS	-	-	0.02
PASS	testdir:fixedbugs/issue14405.go	compiled				testdir	PASS	-	-	0.04
PASS	testdir:fixedbugs/issue14405.go	interpreted				testdir	PASS	-	-	0.01
PASS	testdir:fixedbugs/issue14405.go	native				testdir	PASS	-	-	0.01
PASS	testdir:fixedbugs/issue14520.go	compiled				testdir	PASS	-	-	0.01
PASS	testdir:fixedbugs/issue14520.go	interpreted				testdir	PASS	-	-	0.01
PASS	testdir:fixedbugs/issue14520.go	native				testdir	PASS	-	-	0.01
PASS	testdir:fixedbugs/issue14520a.go	compiled				testdir	PASS	-	-	0.01
PASS	testdir:fixedbugs/issue14520a.go	interpreted				testdir	PASS	-	-	0.01
PASS	testdir:fixedbugs/issue14520a.go	native				testdir	PASS	-	-	0.01
PASS	testdir:fixedbugs/issue14540.go	compiled				testdir	PASS	-	-	0.01
PASS	testdir:fixedbugs/issue14540.go	interpreted				testdir	PASS	-	-	0.01
PASS	testdir:fixedbugs/issue14540.go	native				testdir	PASS	-	-	0.01
PASS	testdir:fixedbugs/issue14553.go	compiled				testdir	PASS	-	-	0.24
PASS	testdir:fixedbugs/issue14553.go	interpreted				testdir	PASS	-	-	0.89
PASS	testdir:fixedbugs/issue14553.go	native				testdir	PASS	-	-	0.07
PASS	testdir:fixedbugs/issue14591.go	compiled				testdir	PASS	-	-	0.25
PASS	testdir:fixedbugs/issue14591.go	interpreted				testdir	PASS	-	-	0.96
PASS	testdir:fixedbugs/issue14591.go	native				testdir	PASS	-	-	0.07
PASS	testdir:fixedbugs/issue14636.go	compiled				testdir	PASS	-	-	0.5
PASS	testdir:fixedbugs/issue14636.go	interpreted				testdir	PASS	-	-	1.6
PASS	testdir:fixedbugs/issue14636.go	native				testdir	PASS	-	-	0.12
PASS	testdir:fixedbugs/issue14646.go	compiled				testdir	PASS	-	-	0.21
PASS	testdir:fixedbugs/issue14646.go	interpreted				testdir	PASS	-	-	0.84
PASS	testdir:fixedbugs/issue14646.go	native				testdir	PASS	-	-	0.05
PASS	testdir:fixedbugs/issue14651.go	compiled				testdir	PASS	-	-	0.26
PASS	testdir:fixedbugs/issue14651.go	interpreted				testdir	PASS	-	-	0.9
PASS	testdir:fixedbugs/issue14651.go	native				testdir	PASS	-	-	0.07
PASS	testdir:fixedbugs/issue14652.go	compiled				testdir	PASS	-	-	0.06
PASS	testdir:fixedbugs/issue14652.go	interpreted				testdir	PASS	-	-	0.01
PASS	testdir:fixedbugs/issue14652.go	native				testdir	PASS	-	-	0.01
PASS	testdir:fixedbugs/issue14725.go	compiled				testdir	PASS	-	-	0.25
PASS	testdir:fixedbugs/issue14725.go	interpreted				testdir	PASS	-	-	0.88
PASS	testdir:fixedbugs/issue14725.go	native				testdir	PASS	-	-	0.06
PASS	testdir:fixedbugs/issue14729.go	compiled				testdir	PASS	-	-	0.02
PASS	testdir:fixedbugs/issue14729.go	interpreted				testdir	PASS	-	-	0.01
PASS	testdir:fixedbugs/issue14729.go	native				testdir	PASS	-	-	0.01
PASS	testdir:fixedbugs/issue14988.go	compiled				testdir	PASS	-	-	0.01
PASS	testdir:fixedbugs/issue14988.go	interpreted				testdir	PASS	-	-	0.01
PASS	testdir:fixedbugs/issue14988.go	native				testdir	PASS	-	-	0.01
PASS	testdir:fixedbugs/issue14999.go	compiled				testdir	PASS	-	-	0.04
EXCLUDED	testdir:fixedbugs/issue14999.go	interpreted	gc-only-check	errorcheck expects a gc-only diagnostic go/types cannot express	testdir_test.go:153: compilation succeeded unexpectedly	testdir	FAIL	CATALOG	EXCLUDED	0.01
PASS	testdir:fixedbugs/issue14999.go	native				testdir	PASS	-	-	0.01
PASS	testdir:fixedbugs/issue15002.go	compiled				testdir	PASS	-	-	0.26
PASS	testdir:fixedbugs/issue15002.go	interpreted				testdir	PASS	-	-	1.03
PASS	testdir:fixedbugs/issue15002.go	native				testdir	PASS	-	-	0.06
PASS	testdir:fixedbugs/issue15013.go	compiled				testdir	PASS	-	-	0.05
PASS	testdir:fixedbugs/issue15013.go	interpreted				testdir	PASS	-	-	0.01
PASS	testdir:fixedbugs/issue15013.go	native				testdir	PASS	-	-	0.01
PASS	testdir:fixedbugs/issue15039.go	compiled				testdir	PASS	-	-	0.12
PASS	testdir:fixedbugs/issue15039.go	interpreted				testdir	PASS	-	-	0.02
PASS	testdir:fixedbugs/issue15039.go	native				testdir	PASS	-	-	0.05
PASS	testdir:fixedbugs/issue15042.go	compiled				testdir	PASS	-	-	0.12
PASS	testdir:fixedbugs/issue15042.go	interpreted				testdir	PASS	-	-	0.02
PASS	testdir:fixedbugs/issue15042.go	native				testdir	PASS	-	-	0.04
PASS	testdir:fixedbugs/issue15055.go	compiled				testdir	PASS	-	-	0.01
PASS	testdir:fixedbugs/issue15055.go	interpreted				testdir	PASS	-	-	0.01
PASS	testdir:fixedbugs/issue15055.go	native				testdir	PASS	-	-	0.01
PASS	testdir:fixedbugs/issue15071.go	compiled				testdir	PASS	-	-	0.17
PASS	testdir:fixedbugs/issue15071.go	interpreted				testdir	PASS	-	-	0.93
PASS	testdir:fixedbugs/issue15071.go	native				testdir	PASS	-	-	0.06
PASS	testdir:fixedbugs/issue15084.go	compiled				testdir	PASS	-	-	0.05
PASS	testdir:fixedbugs/issue15084.go	interpreted				testdir	PASS	-	-	0.01
PASS	testdir:fixedbugs/issue15084.go	native				testdir	PASS	-	-	0.01
PASS	testdir:fixedbugs/issue15091.go	compiled				testdir	PASS	-	-	0.04
PASS	testdir:fixedbugs/issue15091.go	interpreted				testdir	PASS	-	-	0.01
PASS	testdir:fixedbugs/issue15091.go	native				testdir	PASS	-	-	0.01
PASS	testdir:fixedbugs/issue15141.go	compiled				testdir	PASS	-	-	0.04
PASS	testdir:fixedbugs/issue15141.go	interpreted				testdir	PASS	-	-	0.01
PASS	testdir:fixedbugs/issue15141.go	native				testdir	PASS	-	-	0.01
PASS	testdir:fixedbugs/issue15175.go	compiled				testdir	PASS	-	-	0.24
PASS	testdir:fixedbugs/issue15175.go	interpreted				testdir	PASS	-	-	0.89
PASS	testdir:fixedbugs/issue15175.go	native				testdir	PASS	-	-	0.06
PASS	testdir:fixedbugs/issue15252.go	compiled				testdir	PASS	-	-	0.13
PASS	testdir:fixedbugs/issue15252.go	interpreted				testdir	PASS	-	-	0.02
PASS	testdir:fixedbugs/issue15252.go	native				testdir	PASS	-	-	0.05
PASS	testdir:fixedbugs/issue15277.go	compiled				testdir	PASS	-	-	0.22
PASS	testdir:fixedbugs/issue15277.go	interpreted	gc-observation	runtime.ReadMemStats Alloc deltas assert that a 10 MiB new(big) is live native heap until dropped and collected by runtime.GC; interpreter-owned values are not native heap objects of the helper that answers MemStats		testdir	PASS	-	FIXED	1.53
PASS	testdir:fixedbugs/issue15277.go	native				testdir	PASS	-	-	0.05
PASS	testdir:fixedbugs/issue15281.go	compiled				testdir	PASS	-	-	0.21
PASS	testdir:fixedbugs/issue15281.go	interpreted	gc-observation	GC/finalizer observation of interpreter-owned values: no native GC to observe		testdir	PASS	-	FIXED	3.33
PASS	testdir:fixedbugs/issue15281.go	native				testdir	PASS	-	-	0.06
PASS	testdir:fixedbugs/issue15303.go	compiled				testdir	PASS	-	-	0.24
PASS	testdir:fixedbugs/issue15303.go	interpreted				testdir	PASS	-	-	0.83
PASS	testdir:fixedbugs/issue15303.go	native				testdir	PASS	-	-	0.06
PASS	testdir:fixedbugs/issue15311.go	compiled				testdir	PASS	-	-	0.01
PASS	testdir:fixedbugs/issue15311.go	interpreted				testdir	PASS	-	-	0.01
PASS	testdir:fixedbugs/issue15311.go	native				testdir	PASS	-	-	0.01
PASS	testdir:fixedbugs/issue15329.go	compiled				testdir	PASS	-	-	0.26
PASS	testdir:fixedbugs/issue15329.go	interpreted				testdir	PASS	-	FIXED	1.06
PASS	testdir:fixedbugs/issue15329.go	native				testdir	PASS	-	-	0.08
PASS	testdir:fixedbugs/issue15439.go	compiled				testdir	PASS	-	-	0.22
PASS	testdir:fixedbugs/issue15439.go	interpreted				testdir	PASS	-	-	0.83
PASS	testdir:fixedbugs/issue15439.go	native				testdir	PASS	-	-	0.06
PASS	testdir:fixedbugs/issue15470.go	compiled				testdir	PASS	-	-	0.16
PASS	testdir:fixedbugs/issue15470.go	interpreted				testdir	PASS	-	-	0.09
PASS	testdir:fixedbugs/issue15470.go	native				testdir	PASS	-	-	0.02
PASS	testdir:fixedbugs/issue15514.go	compiled				testdir	PASS	-	-	0.11
PASS	testdir:fixedbugs/issue15514.go	interpreted				testdir	PASS	-	-	0.03
PASS	testdir:fixedbugs/issue15514.go	native				testdir	PASS	-	-	0.02
PASS	testdir:fixedbugs/issue15528.go	compiled				testdir	PASS	-	-	0.29
PASS	testdir:fixedbugs/issue15528.go	interpreted				testdir	PASS	-	FIXED	1.27
PASS	testdir:fixedbugs/issue15528.go	native				testdir	PASS	-	-	0.08
PASS	testdir:fixedbugs/issue15548.go	compiled				testdir	PASS	-	-	0.12
PASS	testdir:fixedbugs/issue15548.go	interpreted				testdir	PASS	-	-	0.03
PASS	testdir:fixedbugs/issue15548.go	native				testdir	PASS	-	-	0.02
PASS	testdir:fixedbugs/issue15550.go	compiled				testdir	PASS	-	-	0.14
PASS	testdir:fixedbugs/issue15550.go	interpreted				testdir	PASS	-	-	0.64
PASS	testdir:fixedbugs/issue15550.go	native				testdir	PASS	-	-	0.05
PASS	testdir:fixedbugs/issue15572.go	compiled				testdir	PASS	-	-	0.09
PASS	testdir:fixedbugs/issue15572.go	interpreted				testdir	PASS	-	-	0.02
PASS	testdir:fixedbugs/issue15572.go	native				testdir	PASS	-	-	0.02
PASS	testdir:fixedbugs/issue15585.go	compiled				testdir	PASS	-	-	0.06
PASS	testdir:fixedbugs/issue15585.go	interpreted				testdir	PASS	-	-	0.01
PASS	testdir:fixedbugs/issue15585.go	native				testdir	PASS	-	-	0.01
PASS	testdir:fixedbugs/issue15602.go	compiled				testdir	PASS	-	-	0.04
PASS	testdir:fixedbugs/issue15602.go	interpreted				testdir	PASS	-	-	0.01
PASS	testdir:fixedbugs/issue15602.go	native				testdir	PASS	-	-	0.01
PASS	testdir:fixedbugs/issue15604.go	compiled				testdir	PASS	-	-	0.09
PASS	testdir:fixedbugs/issue15604.go	interpreted				testdir	PASS	-	-	0.06
PASS	testdir:fixedbugs/issue15604.go	native				testdir	PASS	-	-	0.01
PASS	testdir:fixedbugs/issue15609.go	compiled	assembly-companion	execute-phase .s companion: assembly must run natively		testdir	PASS	-	-	0.2
PASS	testdir:fixedbugs/issue15609.go	interpreted				testdir	PASS	-	-	0.75
PASS	testdir:fixedbugs/issue15609.go	native				testdir	PASS	-	-	0.08
PASS	testdir:fixedbugs/issue15611.go	compiled				testdir	PASS	-	-	0.01
PASS	testdir:fixedbugs/issue15611.go	interpreted				testdir	PASS	-	-	0.01
PASS	testdir:fixedbugs/issue15611.go	native				testdir	PASS	-	-	0.01
PASS	testdir:fixedbugs/issue15646.go	compiled				testdir	PASS	-	-	0.13
PASS	testdir:fixedbugs/issue15646.go	interpreted				testdir	PASS	-	-	0.03
PASS	testdir:fixedbugs/issue15646.go	native				testdir	PASS	-	-	0.06
PASS	testdir:fixedbugs/issue15722.go	compiled				testdir	PASS	-	-	0.01
PASS	testdir:fixedbugs/issue15722.go	interpreted				testdir	PASS	-	-	0.01
PASS	testdir:fixedbugs/issue15722.go	native				testdir	PASS	-	-	0.01
PASS	testdir:fixedbugs/issue15733.go	compiled				testdir	PASS	-	-	0.05
PASS	testdir:fixedbugs/issue15733.go	interpreted				testdir	PASS	-	-	0.01
PASS	testdir:fixedbugs/issue15733.go	native				testdir	PASS	-	-	0.01
PASS	testdir:fixedbugs/issue15747.go	compiled				testdir	PASS	-	-	0.07
EXCLUDED	testdir:fixedbugs/issue15747.go	interpreted	compiler-diagnostic	test asserts gc optimizer output (-m/-d=); an interpreter has no optimizer to report on	testdir_test.go:153: Bash++ backend unsupported: optimizer diagnostics are a compiler artifact; the check interface has no inlining, escape-analysis or SSA meaning	testdir	FAIL	CATALOG	EXCLUDED	0
PASS	testdir:fixedbugs/issue15747.go	native				testdir	PASS	-	-	0.01
PASS	testdir:fixedbugs/issue15747b.go	compiled				testdir	PASS	-	-	0.06
PASS	testdir:fixedbugs/issue15747b.go	interpreted				testdir	PASS	-	-	0.01
PASS	testdir:fixedbugs/issue15747b.go	native				testdir	PASS	-	-	0.01
PASS	testdir:fixedbugs/issue15838.go	compiled				testdir	PASS	-	-	0.07
PASS	testdir:fixedbugs/issue15838.go	interpreted				testdir	PASS	-	-	0.02
PASS	testdir:fixedbugs/issue15838.go	native				testdir	PASS	-	-	0.02
PASS	testdir:fixedbugs/issue15895.go	compiled				testdir	PASS	-	-	0.04
PASS	testdir:fixedbugs/issue15895.go	interpreted				testdir	PASS	-	-	0.01
PASS	testdir:fixedbugs/issue15895.go	native				testdir	PASS	-	-	0.01
PASS	testdir:fixedbugs/issue15898.go	compiled				testdir	PASS	-	-	0.01
PASS	testdir:fixedbugs/issue15898.go	interpreted				testdir	PASS	-	-	0.01
PASS	testdir:fixedbugs/issue15898.go	native				testdir	PASS	-	-	0.01
PASS	testdir:fixedbugs/issue15902.go	compiled				testdir	PASS	-	-	0.13
PASS	testdir:fixedbugs/issue15902.go	interpreted				testdir	PASS	-	-	0.02
PASS	testdir:fixedbugs/issue15902.go	native				testdir	PASS	-	-	0.05
PASS	testdir:fixedbugs/issue15920.go	compiled				testdir	PASS	-	-	0.07
PASS	testdir:fixedbugs/issue15920.go	interpreted				testdir	PASS	-	-	0.02
PASS	testdir:fixedbugs/issue15920.go	native				testdir	PASS	-	-	0.02
PASS	testdir:fixedbugs/issue15926.go	compiled				testdir	PASS	-	-	0.14
PASS	testdir:fixedbugs/issue15926.go	interpreted				testdir	PASS	-	-	0.01
PASS	testdir:fixedbugs/issue15926.go	native				testdir	PASS	-	-	0.09
PASS	testdir:fixedbugs/issue15961.go	compiled				testdir	PASS	-	-	0.04
PASS	testdir:fixedbugs/issue15961.go	interpreted				testdir	PASS	-	-	0.01
PASS	testdir:fixedbugs/issue15961.go	native				testdir	PASS	-	-	0.01
PASS	testdir:fixedbugs/issue15975.go	compiled				testdir	PASS	-	-	0.13
PASS	testdir:fixedbugs/issue15975.go	interpreted				testdir	PASS	-	-	0.02
PASS	testdir:fixedbugs/issue15975.go	native				testdir	PASS	-	-	0.05
PASS	testdir:fixedbugs/issue15988.go	compiled				testdir	PASS	-	-	0.05
PASS	testdir:fixedbugs/issue15988.go	interpreted				testdir	PASS	-	-	0.01
PASS	testdir:fixedbugs/issue15988.go	native				testdir	PASS	-	-	0.01
PASS	testdir:fixedbugs/issue15992.go	compiled				testdir	PASS	-	-	0.26
PASS	testdir:fixedbugs/issue15992.go	interpreted				testdir	PASS	-	-	0.81
PASS	testdir:fixedbugs/issue15992.go	native				testdir	PASS	-	-	0.06
PASS	testdir:fixedbugs/issue16008.go	compiled				testdir	PASS	-	-	0.05
PASS	testdir:fixedbugs/issue16008.go	interpreted				testdir	PASS	-	-	0.01
PASS	testdir:fixedbugs/issue16008.go	native				testdir	PASS	-	-	0.01
PASS	testdir:fixedbugs/issue16016.go	compiled				testdir	PASS	-	-	1.31
PASS	testdir:fixedbugs/issue16016.go	interpreted				testdir	PASS	-	-	2.89
PASS	testdir:fixedbugs/issue16016.go	native				testdir	PASS	-	-	1.08
PASS	testdir:fixedbugs/issue16037_run.go	compiled				testdir	PASS	-	-	1.95
PASS	testdir:fixedbugs/issue16037_run.go	interpreted				testdir	PASS	-	-	3.31
PASS	testdir:fixedbugs/issue16037_run.go	native				testdir	PASS	-	-	1.3
PASS	testdir:fixedbugs/issue16095.go	compiled				testdir	PASS	-	-	0.26
PASS	testdir:fixedbugs/issue16095.go	interpreted				testdir	PASS	-	-	0.91
PASS	testdir:fixedbugs/issue16095.go	native				testdir	PASS	-	-	0.07
PASS	testdir:fixedbugs/issue16130.go	compiled				testdir	PASS	-	-	0.34
PASS	testdir:fixedbugs/issue16130.go	interpreted				testdir	PASS	-	-	1.06
PASS	testdir:fixedbugs/issue16130.go	native				testdir	PASS	-	-	0.07
PASS	testdir:fixedbugs/issue16133.go	compiled				testdir	PASS	-	-	0.15
PASS	testdir:fixedbugs/issue16133.go	interpreted				testdir	PASS	-	-	0.03
PASS	testdir:fixedbugs/issue16133.go	native				testdir	PASS	-	-	0.04
PASS	testdir:fixedbugs/issue16193.go	compiled				testdir	PASS	-	-	0.06
PASS	testdir:fixedbugs/issue16193.go	interpreted				testdir	PASS	-	-	0.01
PASS	testdir:fixedbugs/issue16193.go	native				testdir	PASS	-	-	0.01
PASS	testdir:fixedbugs/issue16241.go	compiled				testdir	PASS	-	-	0.06
EXCLUDED	testdir:fixedbugs/issue16241.go	interpreted	compiler-diagnostic	test asserts gc optimizer output (-m/-d=); an interpreter has no optimizer to report on	testdir_test.go:153: Bash++ backend unsupported: optimizer diagnostics are a compiler artifact; the check interface has no inlining, escape-analysis or SSA meaning	testdir	FAIL	CATALOG	EXCLUDED	0
PASS	testdir:fixedbugs/issue16241.go	native				testdir	PASS	-	-	0.01
PASS	testdir:fixedbugs/issue16241_64.go	compiled				testdir	PASS	-	-	0.07
EXCLUDED	testdir:fixedbugs/issue16241_64.go	interpreted	compiler-diagnostic	test asserts gc optimizer output (-m/-d=); an interpreter has no optimizer to report on	testdir_test.go:153: Bash++ backend unsupported: optimizer diagnostics are a compiler artifact; the check interface has no inlining, escape-analysis or SSA meaning	testdir	FAIL	CATALOG	EXCLUDED	0
PASS	testdir:fixedbugs/issue16241_64.go	native				testdir	PASS	-	-	0.01
PASS	testdir:fixedbugs/issue16249.go	compiled				testdir	PASS	-	-	0.29
PASS	testdir:fixedbugs/issue16249.go	interpreted				testdir	PASS	-	FIXED	51.59
PASS	testdir:fixedbugs/issue16249.go	native				testdir	PASS	-	-	0.11
PASS	testdir:fixedbugs/issue16306.go	compiled				testdir	PASS	-	-	0.06
PASS	testdir:fixedbugs/issue16306.go	interpreted				testdir	PASS	-	-	0.01
PASS	testdir:fixedbugs/issue16306.go	native				testdir	PASS	-	-	0.01
PASS	testdir:fixedbugs/issue16317.go	compiled				testdir	PASS	-	-	0.08
PASS	testdir:fixedbugs/issue16317.go	interpreted				testdir	PASS	-	-	0.02
PASS	testdir:fixedbugs/issue16317.go	native				testdir	PASS	-	-	0.02
PASS	testdir:fixedbugs/issue16331.go	compiled				testdir	PASS	-	-	0.24
PASS	testdir:fixedbugs/issue16331.go	interpreted				testdir	PASS	-	-	0.96
PASS	testdir:fixedbugs/issue16331.go	native				testdir	PASS	-	-	0.07
PASS	testdir:fixedbugs/issue16369.go	compiled				testdir	PASS	-	-	0.04
EXCLUDED	testdir:fixedbugs/issue16369.go	interpreted	gc-only-check	errorcheck expects a gc-only diagnostic go/types cannot express	testdir_test.go:153: compilation succeeded unexpectedly	testdir	FAIL	CATALOG	EXCLUDED	0.01
PASS	testdir:fixedbugs/issue16369.go	native				testdir	PASS	-	-	0.01
PASS	testdir:fixedbugs/issue16428.go	compiled				testdir	PASS	-	-	0.01
PASS	testdir:fixedbugs/issue16428.go	interpreted				testdir	PASS	-	-	0.01
PASS	testdir:fixedbugs/issue16428.go	native				testdir	PASS	-	-	0.01
PASS	testdir:fixedbugs/issue16439.go	compiled				testdir	PASS	-	-	0.01
PASS	testdir:fixedbugs/issue16439.go	interpreted				testdir	PASS	-	-	0.01
PASS	testdir:fixedbugs/issue16439.go	native				testdir	PASS	-	-	0.01
PASS	testdir:fixedbugs/issue16515.go	compiled				testdir	PASS	-	-	0.23
PASS	testdir:fixedbugs/issue16515.go	interpreted				testdir	PASS	-	-	0.8
PASS	testdir:fixedbugs/issue16515.go	native				testdir	PASS	-	-	0.05
PASS	testdir:fixedbugs/issue16616.go	compiled				testdir	PASS	-	-	0.18
PASS	testdir:fixedbugs/issue16616.go	interpreted				testdir	PASS	-	-	0.07
PASS	testdir:fixedbugs/issue16616.go	native				testdir	PASS	-	-	0.04
PASS	testdir:fixedbugs/issue16733.go	compiled				testdir	PASS	-	-	0.05
PASS	testdir:fixedbugs/issue16733.go	interpreted				testdir	PASS	-	-	0.01
PASS	testdir:fixedbugs/issue16733.go	native				testdir	PASS	-	-	0.01
PASS	testdir:fixedbugs/issue16741.go	compiled				testdir	PASS	-	-	0.05
PASS	testdir:fixedbugs/issue16741.go	interpreted				testdir	PASS	-	-	0.01
PASS	testdir:fixedbugs/issue16741.go	native				testdir	PASS	-	-	0.01
PASS	testdir:fixedbugs/issue16760.go	compiled				testdir	PASS	-	-	0.13
PASS	testdir:fixedbugs/issue16760.go	interpreted				testdir	PASS	-	-	0.03
PASS	testdir:fixedbugs/issue16760.go	native				testdir	PASS	-	-	0.05
PASS	testdir:fixedbugs/issue16804.go	compiled				testdir	PASS	-	-	0.07
PASS	testdir:fixedbugs/issue16804.go	interpreted				testdir	PASS	-	-	0.02
PASS	testdir:fixedbugs/issue16804.go	native				testdir	PASS	-	-	0.01
PASS	testdir:fixedbugs/issue16870.go	compiled				testdir	PASS	-	-	0.26
PASS	testdir:fixedbugs/issue16870.go	interpreted				testdir	PASS	-	-	0.9
PASS	testdir:fixedbugs/issue16870.go	native				testdir	PASS	-	-	0.07
PASS	testdir:fixedbugs/issue16948.go	compiled				testdir	PASS	-	-	0.18
PASS	testdir:fixedbugs/issue16948.go	interpreted				testdir	PASS	-	-	0.69
PASS	testdir:fixedbugs/issue16948.go	native				testdir	PASS	-	-	0.05
PASS	testdir:fixedbugs/issue16949.go	compiled				testdir	PASS	-	-	0.01
PASS	testdir:fixedbugs/issue16949.go	interpreted				testdir	PASS	-	-	0.01
PASS	testdir:fixedbugs/issue16949.go	native				testdir	PASS	-	-	0.01
PASS	testdir:fixedbugs/issue16985.go	compiled				testdir	PASS	-	-	0.17
PASS	testdir:fixedbugs/issue16985.go	interpreted				testdir	PASS	-	-	0.71
PASS	testdir:fixedbugs/issue16985.go	native				testdir	PASS	-	-	0.05
PASS	testdir:fixedbugs/issue17005.go	compiled				testdir	PASS	-	-	0.05
PASS	testdir:fixedbugs/issue17005.go	interpreted				testdir	PASS	-	-	0.01
PASS	testdir:fixedbugs/issue17005.go	native				testdir	PASS	-	-	0.01
PASS	testdir:fixedbugs/issue17038.go	compiled				testdir	PASS	-	-	0.01
PASS	testdir:fixedbugs/issue17038.go	interpreted				testdir	PASS	-	-	0.01
PASS	testdir:fixedbugs/issue17038.go	native				testdir	PASS	-	-	0.01
PASS	testdir:fixedbugs/issue17039.go	compiled				testdir	PASS	-	-	0.12
PASS	testdir:fixedbugs/issue17039.go	interpreted				testdir	PASS	-	-	0.02
PASS	testdir:fixedbugs/issue17039.go	native				testdir	PASS	-	-	0.05
PASS	testdir:fixedbugs/issue17111.go	compiled				testdir	PASS	-	-	0.05
PASS	testdir:fixedbugs/issue17111.go	interpreted				testdir	PASS	-	-	0.01
PASS	testdir:fixedbugs/issue17111.go	native				testdir	PASS	-	-	0.01
PASS	testdir:fixedbugs/issue17194.go	compiled				testdir	PASS	-	-	0.06
PASS	testdir:fixedbugs/issue17194.go	interpreted				testdir	PASS	-	-	0.01
PASS	testdir:fixedbugs/issue17194.go	native				testdir	PASS	-	-	0.01
PASS	testdir:fixedbugs/issue17270.go	compiled				testdir	PASS	-	-	0.05
PASS	testdir:fixedbugs/issue17270.go	interpreted				testdir	PASS	-	-	0.01
PASS	testdir:fixedbugs/issue17270.go	native				testdir	PASS	-	-	0.01
PASS	testdir:fixedbugs/issue17318.go	compiled				testdir	PASS	-	-	0.14
EXCLUDED	testdir:fixedbugs/issue17318.go	interpreted	compiler-diagnostic	test asserts gc optimizer output (-m/-d=); an interpreter has no optimizer to report on	testdir_test.go:153: Bash++ backend unsupported: optimizer diagnostics are a compiler artifact; the check interface has no inlining, escape-analysis or SSA meaning	testdir	FAIL	CATALOG	EXCLUDED	0
PASS	testdir:fixedbugs/issue17318.go	native				testdir	PASS	-	-	0.01
PASS	testdir:fixedbugs/issue17328.go	compiled				testdir	PASS	-	-	0.01
PASS	testdir:fixedbugs/issue17328.go	interpreted				testdir	PASS	-	-	0.01
PASS	testdir:fixedbugs/issue17328.go	native				testdir	PASS	-	-	0.01
PASS	testdir:fixedbugs/issue17381.go	compiled				testdir	PASS	-	-	0.22
EXCLUDED	testdir:fixedbugs/issue17381.go	interpreted	unsafe-reinterpretation	unsafe.Pointer memory reinterpretation: the interpreter has no native memory model	testdir_test.go:153: exit status 2	testdir	FAIL	CATALOG	EXCLUDED	0.82
PASS	testdir:fixedbugs/issue17381.go	native				testdir	PASS	-	-	0.05
PASS	testdir:fixedbugs/issue17449.go	compiled				testdir	PASS	-	-	0.06
PASS	testdir:fixedbugs/issue17449.go	interpreted				testdir	PASS	-	-	0.01
PASS	testdir:fixedbugs/issue17449.go	native				testdir	PASS	-	-	0.02
PASS	testdir:fixedbugs/issue17551.go	compiled				testdir	PASS	-	-	0.14
PASS	testdir:fixedbugs/issue17551.go	interpreted				testdir	PASS	-	-	0.05
PASS	testdir:fixedbugs/issue17551.go	native				testdir	PASS	-	-	0.01
PASS	testdir:fixedbugs/issue17588.go	compiled				testdir	PASS	-	-	0.01
PASS	testdir:fixedbugs/issue17588.go	interpreted				testdir	PASS	-	-	0.01
PASS	testdir:fixedbugs/issue17588.go	native				testdir	PASS	-	-	0.01
PASS	testdir:fixedbugs/issue17596.go	compiled				testdir	PASS	-	-	0.04
PASS	testdir:fixedbugs/issue17596.go	interpreted				testdir	PASS	-	-	0.01
PASS	testdir:fixedbugs/issue17596.go	native				testdir	PASS	-	-	0.01
PASS	testdir:fixedbugs/issue17631.go	compiled				testdir	PASS	-	-	0.05
PASS	testdir:fixedbugs/issue17631.go	interpreted				testdir	PASS	-	-	0.04
PASS	testdir:fixedbugs/issue17631.go	native				testdir	PASS	-	-	0.01
PASS	testdir:fixedbugs/issue17640.go	compiled				testdir	PASS	-	-	0.25
PASS	testdir:fixedbugs/issue17640.go	interpreted				testdir	PASS	-	-	0.81
PASS	testdir:fixedbugs/issue17640.go	native				testdir	PASS	-	-	0.07
PASS	testdir:fixedbugs/issue17645.go	compiled				testdir	PASS	-	-	0.01
PASS	testdir:fixedbugs/issue17645.go	interpreted				testdir	PASS	-	-	0.01
PASS	testdir:fixedbugs/issue17645.go	native				testdir	PASS	-	-	0.01
PASS	testdir:fixedbugs/issue17710.go	compiled				testdir	PASS	-	-	0.09
PASS	testdir:fixedbugs/issue17710.go	interpreted				testdir	PASS	-	-	0.04
PASS	testdir:fixedbugs/issue17710.go	native				testdir	PASS	-	-	0.01
PASS	testdir:fixedbugs/issue17752.go	compiled				testdir	PASS	-	-	0.14
PASS	testdir:fixedbugs/issue17752.go	interpreted				testdir	PASS	-	-	0.02
PASS	testdir:fixedbugs/issue17752.go	native				testdir	PASS	-	-	0.05
PASS	testdir:fixedbugs/issue17758.go	compiled				testdir	PASS	-	-	0.01
PASS	testdir:fixedbugs/issue17758.go	interpreted				testdir	PASS	-	-	0.01
PASS	testdir:fixedbugs/issue17758.go	native				testdir	PASS	-	-	0.01
PASS	testdir:fixedbugs/issue17918.go	compiled				testdir	PASS	-	-	0.11
PASS	testdir:fixedbugs/issue17918.go	interpreted				testdir	PASS	-	-	0.06
PASS	testdir:fixedbugs/issue17918.go	native				testdir	PASS	-	-	0.01
PASS	testdir:fixedbugs/issue18089.go	compiled				testdir	PASS	-	-	0.05
PASS	testdir:fixedbugs/issue18089.go	interpreted				testdir	PASS	-	-	0.01
PASS	testdir:fixedbugs/issue18089.go	native				testdir	PASS	-	-	0.01
PASS	testdir:fixedbugs/issue18092.go	compiled				testdir	PASS	-	-	0.01
PASS	testdir:fixedbugs/issue18092.go	interpreted				testdir	PASS	-	-	0.01
PASS	testdir:fixedbugs/issue18092.go	native				testdir	PASS	-	-	0.01
PASS	testdir:fixedbugs/issue18149.go	compiled				testdir	PASS	-	-	0.33
PASS	testdir:fixedbugs/issue18149.go	interpreted				testdir	PASS	-	-	1.06
PASS	testdir:fixedbugs/issue18149.go	native				testdir	PASS	-	-	0.07
PASS	testdir:fixedbugs/issue18231.go	compiled				testdir	PASS	-	-	0.01
PASS	testdir:fixedbugs/issue18231.go	interpreted				testdir	PASS	-	-	0.01
PASS	testdir:fixedbugs/issue18231.go	native				testdir	PASS	-	-	0.01
PASS	testdir:fixedbugs/issue18331.go	compiled				testdir	PASS	-	-	0.05
PASS	testdir:fixedbugs/issue18331.go	interpreted				testdir	PASS	-	-	0.01
PASS	testdir:fixedbugs/issue18331.go	native				testdir	PASS	-	-	0.01
PASS	testdir:fixedbugs/issue18392.go	compiled				testdir	PASS	-	-	0.01
PASS	testdir:fixedbugs/issue18392.go	interpreted				testdir	PASS	-	-	0.01
PASS	testdir:fixedbugs/issue18392.go	native				testdir	PASS	-	-	0.01
PASS	testdir:fixedbugs/issue18393.go	compiled				testdir	PASS	-	-	0.01
PASS	testdir:fixedbugs/issue18393.go	interpreted				testdir	PASS	-	-	0.01
PASS	testdir:fixedbugs/issue18393.go	native				testdir	PASS	-	-	0.01
PASS	testdir:fixedbugs/issue18410.go	compiled				testdir	PASS	-	-	0.13
PASS	testdir:fixedbugs/issue18410.go	interpreted				testdir	PASS	-	-	0.02
PASS	testdir:fixedbugs/issue18410.go	native				testdir	PASS	-	-	0.05
PASS	testdir:fixedbugs/issue18419.go	compiled				testdir	PASS	-	-	0.06
PASS	testdir:fixedbugs/issue18419.go	interpreted				testdir	PASS	-	-	0.02
PASS	testdir:fixedbugs/issue18419.go	native				testdir	PASS	-	-	0.02
PASS	testdir:fixedbugs/issue18459.go	compiled				testdir	PASS	-	-	0.04
EXCLUDED	testdir:fixedbugs/issue18459.go	interpreted	gc-only-check	errorcheck expects a gc-only diagnostic go/types cannot express	testdir_test.go:153: compilation succeeded unexpectedly	testdir	FAIL	CATALOG	EXCLUDED	0.01
PASS	testdir:fixedbugs/issue18459.go	native				testdir	PASS	-	-	0.01
PASS	testdir:fixedbugs/issue18595.go	compiled				testdir	PASS	-	-	0.14
PASS	testdir:fixedbugs/issue18595.go	interpreted				testdir	PASS	-	-	0.02
PASS	testdir:fixedbugs/issue18595.go	native				testdir	PASS	-	-	0.05
PASS	testdir:fixedbugs/issue18636.go	compiled				testdir	PASS	-	-	0.24
PASS	testdir:fixedbugs/issue18636.go	interpreted				testdir	PASS	-	-	0.82
PASS	testdir:fixedbugs/issue18636.go	native				testdir	PASS	-	-	0.07
PASS	testdir:fixedbugs/issue18640.go	compiled				testdir	PASS	-	-	0.04
PASS	testdir:fixedbugs/issue18640.go	interpreted				testdir	PASS	-	-	0.01
PASS	testdir:fixedbugs/issue18640.go	native				testdir	PASS	-	-	0.01
PASS	testdir:fixedbugs/issue18655.go	compiled				testdir	PASS	-	-	0.01
PASS	testdir:fixedbugs/issue18655.go	interpreted				testdir	PASS	-	-	0.01
PASS	testdir:fixedbugs/issue18655.go	native				testdir	PASS	-	-	0.01
PASS	testdir:fixedbugs/issue18661.go	compiled				testdir	PASS	-	-	0.26
PASS	testdir:fixedbugs/issue18661.go	interpreted				testdir	PASS	-	-	0.92
PASS	testdir:fixedbugs/issue18661.go	native				testdir	PASS	-	-	0.07
PASS	testdir:fixedbugs/issue18725.go	compiled				testdir	PASS	-	-	0.22
PASS	testdir:fixedbugs/issue18725.go	interpreted				testdir	PASS	-	-	0.8
PASS	testdir:fixedbugs/issue18725.go	native				testdir	PASS	-	-	0.06
PASS	testdir:fixedbugs/issue18747.go	compiled				testdir	PASS	-	-	0.01
PASS	testdir:fixedbugs/issue18747.go	interpreted				testdir	PASS	-	-	0.01
PASS	testdir:fixedbugs/issue18747.go	native				testdir	PASS	-	-	0.01
PASS	testdir:fixedbugs/issue18808.go	compiled				testdir	PASS	-	-	0.14
PASS	testdir:fixedbugs/issue18808.go	interpreted				testdir	PASS	-	-	0.02
PASS	testdir:fixedbugs/issue18808.go	native				testdir	PASS	-	-	0.05
PASS	testdir:fixedbugs/issue18882.go	compiled				testdir	PASS	-	-	0.05
EXCLUDED	testdir:fixedbugs/issue18882.go	interpreted	gc-only-check	errorcheck expects a gc-only diagnostic go/types cannot express	testdir_test.go:153: compilation succeeded unexpectedly	testdir	FAIL	CATALOG	EXCLUDED	0.01
PASS	testdir:fixedbugs/issue18882.go	native				testdir	PASS	-	-	0.01
PASS	testdir:fixedbugs/issue18895.go	compiled				testdir	PASS	-	-	0.1
EXCLUDED	testdir:fixedbugs/issue18895.go	interpreted	compiler-diagnostic	errorcheck row expects gc inlining/intrinsic diagnostics; an interpreter has none	testdir_test.go:1278: gc output:	testdir	FAIL	CATALOG	EXCLUDED	0.01
PASS	testdir:fixedbugs/issue18895.go	native				testdir	PASS	-	-	0.02
PASS	testdir:fixedbugs/issue18906.go	compiled				testdir	PASS	-	-	0.14
PASS	testdir:fixedbugs/issue18906.go	interpreted				testdir	PASS	-	-	0.02
PASS	testdir:fixedbugs/issue18906.go	native				testdir	PASS	-	-	0.05
PASS	testdir:fixedbugs/issue18911.go	compiled				testdir	PASS	-	-	0.17
PASS	testdir:fixedbugs/issue18911.go	interpreted				testdir	PASS	-	-	0.82
PASS	testdir:fixedbugs/issue18911.go	native				testdir	PASS	-	-	0.06
PASS	testdir:fixedbugs/issue18915.go	compiled				testdir	PASS	-	-	0.01
PASS	testdir:fixedbugs/issue18915.go	interpreted				testdir	PASS	-	-	0.01
PASS	testdir:fixedbugs/issue18915.go	native				testdir	PASS	-	-	0.01
PASS	testdir:fixedbugs/issue18994.go	compiled				testdir	PASS	-	-	0.13
PASS	testdir:fixedbugs/issue18994.go	interpreted				testdir	PASS	-	-	0.02
PASS	testdir:fixedbugs/issue18994.go	native				testdir	PASS	-	-	0.05
PASS	testdir:fixedbugs/issue19012.go	compiled				testdir	PASS	-	-	0.01
PASS	testdir:fixedbugs/issue19012.go	interpreted				testdir	PASS	-	-	0.01
PASS	testdir:fixedbugs/issue19012.go	native				testdir	PASS	-	-	0.01
PASS	testdir:fixedbugs/issue19028.go	compiled				testdir	PASS	-	-	0.23
PASS	testdir:fixedbugs/issue19028.go	interpreted				testdir	PASS	-	-	0.99
PASS	testdir:fixedbugs/issue19028.go	native				testdir	PASS	-	-	0.09
PASS	testdir:fixedbugs/issue19040.go	compiled				testdir	PASS	-	-	0.26
PASS	testdir:fixedbugs/issue19040.go	interpreted				testdir	PASS	-	-	0.87
PASS	testdir:fixedbugs/issue19040.go	native				testdir	PASS	-	-	0.07
PASS	testdir:fixedbugs/issue19056.go	compiled				testdir	PASS	-	-	0.01
PASS	testdir:fixedbugs/issue19056.go	interpreted				testdir	PASS	-	-	0.01
PASS	testdir:fixedbugs/issue19056.go	native				testdir	PASS	-	-	0.01
PASS	testdir:fixedbugs/issue19078.go	compiled				testdir	PASS	-	-	0.15
PASS	testdir:fixedbugs/issue19078.go	interpreted				testdir	PASS	-	-	9.06
PASS	testdir:fixedbugs/issue19078.go	native				testdir	PASS	-	-	0.06
PASS	testdir:fixedbugs/issue19084.go	compiled				testdir	PASS	-	-	0.04
PASS	testdir:fixedbugs/issue19084.go	interpreted				testdir	PASS	-	-	0.01
PASS	testdir:fixedbugs/issue19084.go	native				testdir	PASS	-	-	0.01
PASS	testdir:fixedbugs/issue19113.go	compiled				testdir	PASS	-	-	0.25
PASS	testdir:fixedbugs/issue19113.go	interpreted				testdir	PASS	-	-	1.61
PASS	testdir:fixedbugs/issue19113.go	native				testdir	PASS	-	-	0.07
PASS	testdir:fixedbugs/issue19137.go	compiled				testdir	PASS	-	-	0.05
PASS	testdir:fixedbugs/issue19137.go	interpreted				testdir	PASS	-	-	0.01
PASS	testdir:fixedbugs/issue19137.go	native				testdir	PASS	-	-	0.01
PASS	testdir:fixedbugs/issue19168.go	compiled				testdir	PASS	-	-	0.09
EXCLUDED	testdir:fixedbugs/issue19168.go	interpreted	compiler-diagnostic	test asserts gc optimizer output (-m/-d=); an interpreter has no optimizer to report on	testdir_test.go:153: Bash++ backend unsupported: optimizer diagnostics are a compiler artifact; the check interface has no inlining, escape-analysis or SSA meaning	testdir	FAIL	CATALOG	EXCLUDED	0
PASS	testdir:fixedbugs/issue19168.go	native				testdir	PASS	-	-	0.01
PASS	testdir:fixedbugs/issue19182.go	compiled				testdir	PASS	-	-	0.28
PASS	testdir:fixedbugs/issue19182.go	interpreted				testdir	PASS	-	-	1.14
PASS	testdir:fixedbugs/issue19182.go	native				testdir	PASS	-	-	0.08
PASS	testdir:fixedbugs/issue19201.go	compiled				testdir	PASS	-	-	0.22
PASS	testdir:fixedbugs/issue19201.go	interpreted				testdir	PASS	-	-	0.88
PASS	testdir:fixedbugs/issue19201.go	native				testdir	PASS	-	-	0.06
PASS	testdir:fixedbugs/issue19217.go	compiled				testdir	PASS	-	-	0.09
PASS	testdir:fixedbugs/issue19217.go	interpreted				testdir	PASS	-	-	0.05
PASS	testdir:fixedbugs/issue19217.go	native				testdir	PASS	-	-	0.01
PASS	testdir:fixedbugs/issue19246.go	compiled				testdir	PASS	-	-	0.24
PASS	testdir:fixedbugs/issue19246.go	interpreted				testdir	PASS	-	-	0.88
PASS	testdir:fixedbugs/issue19246.go	native				testdir	PASS	-	-	0.06
PASS	testdir:fixedbugs/issue19261.go	compiled				testdir	PASS	-	-	0.1
EXCLUDED	testdir:fixedbugs/issue19261.go	interpreted	compiler-diagnostic	errorcheck row expects gc inlining/intrinsic diagnostics; an interpreter has none	testdir_test.go:1278: gc output:	testdir	FAIL	CATALOG	EXCLUDED	0.01
PASS	testdir:fixedbugs/issue19261.go	native				testdir	PASS	-	-	0.02
PASS	testdir:fixedbugs/issue19275.go	compiled				testdir	PASS	-	-	0.24
PASS	testdir:fixedbugs/issue19275.go	interpreted				testdir	PASS	-	-	0.87
PASS	testdir:fixedbugs/issue19275.go	native				testdir	PASS	-	-	0.07
PASS	testdir:fixedbugs/issue19323.go	compiled				testdir	PASS	-	-	0.01
PASS	testdir:fixedbugs/issue19323.go	interpreted				testdir	PASS	-	-	0.01
PASS	testdir:fixedbugs/issue19323.go	native				testdir	PASS	-	-	0.01
PASS	testdir:fixedbugs/issue19359.go	compiled				testdir	PASS	-	-	0.26
PASS	testdir:fixedbugs/issue19359.go	interpreted				testdir	PASS	-	-	0.82
PASS	testdir:fixedbugs/issue19359.go	native				testdir	PASS	-	-	0.07
PASS	testdir:fixedbugs/issue19467.go	compiled				testdir	PASS	-	-	0.28
PASS	testdir:fixedbugs/issue19467.go	interpreted				testdir	PASS	-	-	1.22
PASS	testdir:fixedbugs/issue19467.go	native				testdir	PASS	-	-	0.08
PASS	testdir:fixedbugs/issue19482.go	compiled				testdir	PASS	-	-	0.01
PASS	testdir:fixedbugs/issue19482.go	interpreted				testdir	PASS	-	-	0.01
PASS	testdir:fixedbugs/issue19482.go	native				testdir	PASS	-	-	0.01
SKIP	testdir:fixedbugs/issue19507.go	compiled			testdir_test.go:531: //go:build arm	testdir	SKIP	-	-	0
SKIP	testdir:fixedbugs/issue19507.go	interpreted			testdir_test.go:531: //go:build arm	testdir	SKIP	-	-	0
SKIP	testdir:fixedbugs/issue19507.go	native			testdir_test.go:531: //go:build arm	testdir	SKIP	-	-	0
PASS	testdir:fixedbugs/issue19515.go	compiled				testdir	PASS	-	-	0.05
PASS	testdir:fixedbugs/issue19515.go	interpreted				testdir	PASS	-	-	0.01
PASS	testdir:fixedbugs/issue19515.go	native				testdir	PASS	-	-	0.01
PASS	testdir:fixedbugs/issue19548.go	compiled				testdir	PASS	-	-	0.14
PASS	testdir:fixedbugs/issue19548.go	interpreted				testdir	PASS	-	-	0.03
PASS	testdir:fixedbugs/issue19548.go	native				testdir	PASS	-	-	0.06
PASS	testdir:fixedbugs/issue19555.go	compiled				testdir	PASS	-	-	0.05
PASS	testdir:fixedbugs/issue19555.go	interpreted				testdir	PASS	-	-	0.01
PASS	testdir:fixedbugs/issue19555.go	native				testdir	PASS	-	-	0.01
PASS	testdir:fixedbugs/issue19610.go	compiled				testdir	PASS	-	-	0.01
PASS	testdir:fixedbugs/issue19610.go	interpreted				testdir	PASS	-	-	0.01
PASS	testdir:fixedbugs/issue19610.go	native				testdir	PASS	-	-	0.01
PASS	testdir:fixedbugs/issue19632.go	compiled				testdir	PASS	-	-	0.08
PASS	testdir:fixedbugs/issue19632.go	interpreted				testdir	PASS	-	-	0.05
PASS	testdir:fixedbugs/issue19632.go	native				testdir	PASS	-	-	0.01
PASS	testdir:fixedbugs/issue19658.go	compiled				testdir	PASS	-	-	2.16
PASS	testdir:fixedbugs/issue19658.go	interpreted				testdir	PASS	-	-	3.67
PASS	testdir:fixedbugs/issue19658.go	native				testdir	PASS	-	-	1.71
PASS	testdir:fixedbugs/issue19667.go	compiled				testdir	PASS	-	-	0.01
PASS	testdir:fixedbugs/issue19667.go	interpreted				testdir	PASS	-	-	0.01
PASS	testdir:fixedbugs/issue19667.go	native				testdir	PASS	-	-	0.01
PASS	testdir:fixedbugs/issue19671.go	compiled				testdir	PASS	-	-	0.05
PASS	testdir:fixedbugs/issue19671.go	interpreted				testdir	PASS	-	-	0.01
PASS	testdir:fixedbugs/issue19671.go	native				testdir	PASS	-	-	0.01
PASS	testdir:fixedbugs/issue19678.go	compiled				testdir	PASS	-	-	0.05
PASS	testdir:fixedbugs/issue19678.go	interpreted				testdir	PASS	-	-	0.01
PASS	testdir:fixedbugs/issue19678.go	native				testdir	PASS	-	-	0.01
PASS	testdir:fixedbugs/issue19679.go	compiled				testdir	PASS	-	-	0.04
PASS	testdir:fixedbugs/issue19679.go	interpreted				testdir	PASS	-	-	0.01
PASS	testdir:fixedbugs/issue19679.go	native				testdir	PASS	-	-	0.01
PASS	testdir:fixedbugs/issue19696.go	compiled				testdir	PASS	-	-	0.05
PASS	testdir:fixedbugs/issue19696.go	interpreted				testdir	PASS	-	-	0.01
PASS	testdir:fixedbugs/issue19696.go	native				testdir	PASS	-	-	0.01
PASS	testdir:fixedbugs/issue19699.go	compiled				testdir	PASS	-	-	0.08
PASS	testdir:fixedbugs/issue19699.go	interpreted				testdir	PASS	-	-	0.02
PASS	testdir:fixedbugs/issue19699.go	native				testdir	PASS	-	-	0.02
PASS	testdir:fixedbugs/issue19699b.go	compiled				testdir	PASS	-	-	0.01
PASS	testdir:fixedbugs/issue19699b.go	interpreted				testdir	PASS	-	-	0.01
PASS	testdir:fixedbugs/issue19699b.go	native				testdir	PASS	-	-	0.01
PASS	testdir:fixedbugs/issue19705.go	compiled				testdir	PASS	-	-	0.04
PASS	testdir:fixedbugs/issue19705.go	interpreted				testdir	PASS	-	-	0.01
PASS	testdir:fixedbugs/issue19705.go	native				testdir	PASS	-	-	0.01
PASS	testdir:fixedbugs/issue19710.go	compiled				testdir	PASS	-	-	0.12
PASS	testdir:fixedbugs/issue19710.go	interpreted				testdir	PASS	-	-	0.02
PASS	testdir:fixedbugs/issue19710.go	native				testdir	PASS	-	-	0.05
PASS	testdir:fixedbugs/issue19743.go	compiled				testdir	PASS	-	-	0.08
EXCLUDED	testdir:fixedbugs/issue19743.go	interpreted	compiler-diagnostic	test asserts gc optimizer output (-m/-d=); an interpreter has no optimizer to report on	testdir_test.go:153: Bash++ backend unsupported: optimizer diagnostics are a compiler artifact; the check interface has no inlining, escape-analysis or SSA meaning	testdir	FAIL	CATALOG	EXCLUDED	0
PASS	testdir:fixedbugs/issue19743.go	native				testdir	PASS	-	-	0.01
PASS	testdir:fixedbugs/issue19764.go	compiled				testdir	PASS	-	-	0.12
PASS	testdir:fixedbugs/issue19764.go	interpreted				testdir	PASS	-	-	0.03
PASS	testdir:fixedbugs/issue19764.go	native				testdir	PASS	-	-	0.06
PASS	testdir:fixedbugs/issue19783.go	compiled				testdir	PASS	-	-	0.04
PASS	testdir:fixedbugs/issue19783.go	interpreted				testdir	PASS	-	-	0.01
PASS	testdir:fixedbugs/issue19783.go	native				testdir	PASS	-	-	0.01
PASS	testdir:fixedbugs/issue19799.go	compiled				testdir	PASS	-	-	0.23
PASS	testdir:fixedbugs/issue19799.go	interpreted				testdir	PASS	-	-	1.01
PASS	testdir:fixedbugs/issue19799.go	native				testdir	PASS	-	-	0.06
PASS	testdir:fixedbugs/issue19880.go	compiled				testdir	PASS	-	-	0.01
PASS	testdir:fixedbugs/issue19880.go	interpreted				testdir	PASS	-	-	0.01
PASS	testdir:fixedbugs/issue19880.go	native				testdir	PASS	-	-	0.01
PASS	testdir:fixedbugs/issue19911.go	compiled				testdir	PASS	-	-	0.31
PASS	testdir:fixedbugs/issue19911.go	interpreted				testdir	PASS	-	-	1.03
PASS	testdir:fixedbugs/issue19911.go	native				testdir	PASS	-	-	0.07
PASS	testdir:fixedbugs/issue19947.go	compiled				testdir	PASS	-	-	0.01
PASS	testdir:fixedbugs/issue19947.go	interpreted				testdir	PASS	-	-	0.01
PASS	testdir:fixedbugs/issue19947.go	native				testdir	PASS	-	-	0.01
PASS	testdir:fixedbugs/issue19977.go	compiled				testdir	PASS	-	-	0.01
PASS	testdir:fixedbugs/issue19977.go	interpreted				testdir	PASS	-	-	0.01
PASS	testdir:fixedbugs/issue19977.go	native				testdir	PASS	-	-	0.01
PASS	testdir:fixedbugs/issue20014.go	compiled				testdir	PASS	-	-	0.31
EXCLUDED	testdir:fixedbugs/issue20014.go	interpreted	gc-only-check	tests the gc toolchain itself, not Go language behaviour: runindir with -goexperiment fieldtrack and a linker -k flag: asserts the linker's field-tracking output	testdir_test.go:153: output does not match expected in fixedbugs/issue20014.out. Instead saw	testdir	FAIL	CATALOG	EXCLUDED-NEW	1.32
PASS	testdir:fixedbugs/issue20014.go	native				testdir	PASS	-	-	0.23
PASS	testdir:fixedbugs/issue20027.go	compiled				testdir	PASS	-	-	0.05
EXCLUDED	testdir:fixedbugs/issue20027.go	interpreted	gc-only-check	errorcheck expects a gc-only diagnostic go/types cannot express	testdir_test.go:153: compilation succeeded unexpectedly	testdir	FAIL	CATALOG	EXCLUDED	0.01
PASS	testdir:fixedbugs/issue20027.go	native				testdir	PASS	-	-	0.01
PASS	testdir:fixedbugs/issue20029.go	compiled				testdir	PASS	-	-	0.22
PASS	testdir:fixedbugs/issue20029.go	interpreted				testdir	PASS	-	-	0.88
PASS	testdir:fixedbugs/issue20029.go	native				testdir	PASS	-	-	0.05
PASS	testdir:fixedbugs/issue20097.go	compiled				testdir	PASS	-	-	0.04
PASS	testdir:fixedbugs/issue20097.go	interpreted				testdir	PASS	-	-	0.01
PASS	testdir:fixedbugs/issue20097.go	native				testdir	PASS	-	-	0.01
PASS	testdir:fixedbugs/issue20145.go	compiled				testdir	PASS	-	-	0.04
PASS	testdir:fixedbugs/issue20145.go	interpreted				testdir	PASS	-	-	0.01
PASS	testdir:fixedbugs/issue20145.go	native				testdir	PASS	-	-	0.01
PASS	testdir:fixedbugs/issue20162.go	compiled				testdir	PASS	-	-	0.04
PASS	testdir:fixedbugs/issue20162.go	interpreted				testdir	PASS	-	-	0.01
PASS	testdir:fixedbugs/issue20162.go	native				testdir	PASS	-	-	0.01
PASS	testdir:fixedbugs/issue20174.go	compiled				testdir	PASS	-	-	0.04
PASS	testdir:fixedbugs/issue20174.go	interpreted				testdir	PASS	-	-	0.01
PASS	testdir:fixedbugs/issue20174.go	native				testdir	PASS	-	-	0.01
PASS	testdir:fixedbugs/issue20185.go	compiled				testdir	PASS	-	-	0.01
PASS	testdir:fixedbugs/issue20185.go	interpreted				testdir	PASS	-	-	0.01
PASS	testdir:fixedbugs/issue20185.go	native				testdir	PASS	-	-	0.01
PASS	testdir:fixedbugs/issue20227.go	compiled				testdir	PASS	-	-	0.01
PASS	testdir:fixedbugs/issue20227.go	interpreted				testdir	PASS	-	-	0.01
PASS	testdir:fixedbugs/issue20227.go	native				testdir	PASS	-	-	0.01
PASS	testdir:fixedbugs/issue20232.go	compiled				testdir	PASS	-	-	0.01
PASS	testdir:fixedbugs/issue20232.go	interpreted				testdir	PASS	-	-	0.01
PASS	testdir:fixedbugs/issue20232.go	native				testdir	PASS	-	-	0.01
PASS	testdir:fixedbugs/issue20233.go	compiled				testdir	PASS	-	-	0.01
PASS	testdir:fixedbugs/issue20233.go	interpreted				testdir	PASS	-	-	0.01
PASS	testdir:fixedbugs/issue20233.go	native				testdir	PASS	-	-	0.01
PASS	testdir:fixedbugs/issue20245.go	compiled				testdir	PASS	-	-	0.01
PASS	testdir:fixedbugs/issue20245.go	interpreted				testdir	PASS	-	-	0.01
PASS	testdir:fixedbugs/issue20245.go	native				testdir	PASS	-	-	0.01
PASS	testdir:fixedbugs/issue20250.go	compiled				testdir	PASS	-	-	0.04
EXCLUDED	testdir:fixedbugs/issue20250.go	interpreted	compiler-diagnostic	test asserts gc optimizer output (-m/-d=); an interpreter has no optimizer to report on	testdir_test.go:153: Bash++ backend unsupported: optimizer diagnostics are a compiler artifact; the check interface has no inlining, escape-analysis or SSA meaning	testdir	FAIL	CATALOG	EXCLUDED	0
PASS	testdir:fixedbugs/issue20250.go	native				testdir	PASS	-	-	0.01
PASS	testdir:fixedbugs/issue20298.go	compiled				testdir	PASS	-	-	0.36
PASS	testdir:fixedbugs/issue20298.go	interpreted				testdir	PASS	-	-	0.4
PASS	testdir:fixedbugs/issue20298.go	native				testdir	PASS	-	-	0.01
PASS	testdir:fixedbugs/issue20333.go	compiled				testdir	PASS	-	-	0.14
PASS	testdir:fixedbugs/issue20333.go	interpreted				testdir	PASS	-	-	0.07
PASS	testdir:fixedbugs/issue20333.go	native				testdir	PASS	-	-	0.01
PASS	testdir:fixedbugs/issue20335.go	compiled				testdir	PASS	-	-	0.05
PASS	testdir:fixedbugs/issue20335.go	interpreted				testdir	PASS	-	-	0.03
PASS	testdir:fixedbugs/issue20335.go	native				testdir	PASS	-	-	0.01
PASS	testdir:fixedbugs/issue20415.go	compiled				testdir	PASS	-	-	0.01
PASS	testdir:fixedbugs/issue20415.go	interpreted				testdir	PASS	-	-	0.01
PASS	testdir:fixedbugs/issue20415.go	native				testdir	PASS	-	-	0.01
PASS	testdir:fixedbugs/issue20529.go	compiled				testdir	PASS	-	-	0.08
EXCLUDED	testdir:fixedbugs/issue20529.go	interpreted	gc-only-check	errorcheck expects a gc-only diagnostic go/types cannot express	testdir_test.go:153: compilation succeeded unexpectedly	testdir	FAIL	CATALOG	EXCLUDED	0.05
PASS	testdir:fixedbugs/issue20529.go	native				testdir	PASS	-	-	0.01
PASS	testdir:fixedbugs/issue20530.go	compiled				testdir	PASS	-	-	0.14
PASS	testdir:fixedbugs/issue20530.go	interpreted				testdir	PASS	-	-	0.02
PASS	testdir:fixedbugs/issue20530.go	native				testdir	PASS	-	-	0.05
PASS	testdir:fixedbugs/issue20602.go	compiled				testdir	PASS	-	-	0.01
PASS	testdir:fixedbugs/issue20602.go	interpreted				testdir	PASS	-	-	0.01
PASS	testdir:fixedbugs/issue20602.go	native				testdir	PASS	-	-	0.01
PASS	testdir:fixedbugs/issue20682.go	compiled				testdir	PASS	-	-	0.24
PASS	testdir:fixedbugs/issue20682.go	interpreted				testdir	PASS	-	-	0.16
PASS	testdir:fixedbugs/issue20682.go	native				testdir	PASS	-	-	0.03
PASS	testdir:fixedbugs/issue20739.go	compiled				testdir	PASS	-	-	0.04
PASS	testdir:fixedbugs/issue20739.go	interpreted				testdir	PASS	-	-	0.01
PASS	testdir:fixedbugs/issue20739.go	native				testdir	PASS	-	-	0.01
PASS	testdir:fixedbugs/issue20749.go	compiled				testdir	PASS	-	-	0.01
PASS	testdir:fixedbugs/issue20749.go	interpreted				testdir	PASS	-	-	0.01
PASS	testdir:fixedbugs/issue20749.go	native				testdir	PASS	-	-	0.01
PASS	testdir:fixedbugs/issue20780.go	compiled				testdir	PASS	-	-	0.04
EXCLUDED	testdir:fixedbugs/issue20780.go	interpreted	gc-only-check	errorcheck expects a gc-only diagnostic go/types cannot express	testdir_test.go:153: compilation succeeded unexpectedly	testdir	FAIL	CATALOG	EXCLUDED	0.01
PASS	testdir:fixedbugs/issue20780.go	native				testdir	PASS	-	-	0.01
PASS	testdir:fixedbugs/issue20780b.go	compiled				testdir	PASS	-	-	1.49
PASS	testdir:fixedbugs/issue20780b.go	interpreted				testdir	PASS	-	CARRIED-376	12.76
PASS	testdir:fixedbugs/issue20780b.go	native				testdir	PASS	-	-	1.36
PASS	testdir:fixedbugs/issue20789.go	compiled				testdir	PASS	-	-	0.01
PASS	testdir:fixedbugs/issue20789.go	interpreted				testdir	PASS	-	-	0.01
PASS	testdir:fixedbugs/issue20789.go	native				testdir	PASS	-	-	0.01
PASS	testdir:fixedbugs/issue20811.go	compiled				testdir	PASS	-	-	0.12
PASS	testdir:fixedbugs/issue20811.go	interpreted				testdir	PASS	-	-	0.02
PASS	testdir:fixedbugs/issue20811.go	native				testdir	PASS	-	-	0.05
PASS	testdir:fixedbugs/issue20812.go	compiled				testdir	PASS	-	-	0.01
PASS	testdir:fixedbugs/issue20812.go	interpreted				testdir	PASS	-	-	0.01
PASS	testdir:fixedbugs/issue20812.go	native				testdir	PASS	-	-	0.01
PASS	testdir:fixedbugs/issue20813.go	compiled				testdir	PASS	-	-	0.01
PASS	testdir:fixedbugs/issue20813.go	interpreted				testdir	PASS	-	-	0.01
PASS	testdir:fixedbugs/issue20813.go	native				testdir	PASS	-	-	0.01
PASS	testdir:fixedbugs/issue20923.go	compiled				testdir	PASS	-	-	0.04
PASS	testdir:fixedbugs/issue20923.go	interpreted				testdir	PASS	-	-	0.01
PASS	testdir:fixedbugs/issue20923.go	native				testdir	PASS	-	-	0.01
PASS	testdir:fixedbugs/issue21048.go	compiled				testdir	PASS	-	-	0.14
PASS	testdir:fixedbugs/issue21048.go	interpreted				testdir	PASS	-	-	0.03
PASS	testdir:fixedbugs/issue21048.go	native				testdir	PASS	-	-	0.05
PASS	testdir:fixedbugs/issue21120.go	compiled				testdir	PASS	-	-	0.31
PASS	testdir:fixedbugs/issue21120.go	interpreted				testdir	PASS	-	-	1.34
PASS	testdir:fixedbugs/issue21120.go	native				testdir	PASS	-	-	0.1
PASS	testdir:fixedbugs/issue21221.go	compiled				testdir	PASS	-	-	0.13
PASS	testdir:fixedbugs/issue21221.go	interpreted				testdir	PASS	-	-	0.67
PASS	testdir:fixedbugs/issue21221.go	native				testdir	PASS	-	-	0.05
PASS	testdir:fixedbugs/issue21253.go	compiled				testdir	PASS	-	-	0.04
PASS	testdir:fixedbugs/issue21253.go	interpreted				testdir	PASS	-	-	0.01
PASS	testdir:fixedbugs/issue21253.go	native				testdir	PASS	-	-	0.01
PASS	testdir:fixedbugs/issue21256.go	compiled				testdir	PASS	-	-	0.01
PASS	testdir:fixedbugs/issue21256.go	interpreted				testdir	PASS	-	-	0.01
PASS	testdir:fixedbugs/issue21256.go	native				testdir	PASS	-	-	0.01
PASS	testdir:fixedbugs/issue21273.go	compiled				testdir	PASS	-	-	0.01
PASS	testdir:fixedbugs/issue21273.go	interpreted				testdir	PASS	-	-	0.01
PASS	testdir:fixedbugs/issue21273.go	native				testdir	PASS	-	-	0.01
PASS	testdir:fixedbugs/issue21317.go	compiled				testdir	PASS	-	-	0.55
PASS	testdir:fixedbugs/issue21317.go	interpreted				testdir	PASS	-	-	1.73
PASS	testdir:fixedbugs/issue21317.go	native				testdir	PASS	-	-	0.09
PASS	testdir:fixedbugs/issue21576.go	compiled				testdir	PASS	-	-	0.7
PASS	testdir:fixedbugs/issue21576.go	interpreted				testdir	PASS	-	-	2.16
PASS	testdir:fixedbugs/issue21576.go	native				testdir	PASS	-	-	0.19
PASS	testdir:fixedbugs/issue21655.go	compiled				testdir	PASS	-	-	0.04
PASS	testdir:fixedbugs/issue21655.go	interpreted				testdir	PASS	-	-	0.01
PASS	testdir:fixedbugs/issue21655.go	native				testdir	PASS	-	-	0.01
PASS	testdir:fixedbugs/issue21687.go	compiled				testdir	PASS	-	-	0.15
PASS	testdir:fixedbugs/issue21687.go	interpreted				testdir	PASS	-	-	0.02
PASS	testdir:fixedbugs/issue21687.go	native				testdir	PASS	-	-	0.05
PASS	testdir:fixedbugs/issue21709.go	compiled				testdir	PASS	-	-	0.06
EXCLUDED	testdir:fixedbugs/issue21709.go	interpreted	compiler-diagnostic	test asserts gc optimizer output (-m/-d=); an interpreter has no optimizer to report on	testdir_test.go:153: Bash++ backend unsupported: optimizer diagnostics are a compiler artifact; the check interface has no inlining, escape-analysis or SSA meaning	testdir	FAIL	CATALOG	EXCLUDED	0
PASS	testdir:fixedbugs/issue21709.go	native				testdir	PASS	-	-	0.01
PASS	testdir:fixedbugs/issue21770.go	compiled				testdir	PASS	-	-	0.01
PASS	testdir:fixedbugs/issue21770.go	interpreted				testdir	PASS	-	-	0.01
PASS	testdir:fixedbugs/issue21770.go	native				testdir	PASS	-	-	0.01
PASS	testdir:fixedbugs/issue21808.go	compiled				testdir	PASS	-	-	0.26
PASS	testdir:fixedbugs/issue21808.go	interpreted				testdir	PASS	-	-	0.86
PASS	testdir:fixedbugs/issue21808.go	native				testdir	PASS	-	-	0.07
PASS	testdir:fixedbugs/issue21879.go	compiled				testdir	PASS	-	-	0.21
PASS	testdir:fixedbugs/issue21879.go	interpreted				testdir	PASS	-	-	0.88
PASS	testdir:fixedbugs/issue21879.go	native				testdir	PASS	-	-	0.05
PASS	testdir:fixedbugs/issue21882.go	compiled				testdir	PASS	-	-	0.01
PASS	testdir:fixedbugs/issue21882.go	interpreted				testdir	PASS	-	-	0.01
PASS	testdir:fixedbugs/issue21882.go	native				testdir	PASS	-	-	0.01
PASS	testdir:fixedbugs/issue21887.go	compiled				testdir	PASS	-	-	0.21
PASS	testdir:fixedbugs/issue21887.go	interpreted				testdir	PASS	-	-	0.82
PASS	testdir:fixedbugs/issue21887.go	native				testdir	PASS	-	-	0.05
PASS	testdir:fixedbugs/issue21934.go	compiled				testdir	PASS	-	-	0.01
PASS	testdir:fixedbugs/issue21934.go	interpreted				testdir	PASS	-	-	0.01
PASS	testdir:fixedbugs/issue21934.go	native				testdir	PASS	-	-	0.01
PASS	testdir:fixedbugs/issue21963.go	compiled				testdir	PASS	-	-	0.24
PASS	testdir:fixedbugs/issue21963.go	interpreted				testdir	PASS	-	-	1.01
PASS	testdir:fixedbugs/issue21963.go	native				testdir	PASS	-	-	0.07
PASS	testdir:fixedbugs/issue21979.go	compiled				testdir	PASS	-	-	0.01
PASS	testdir:fixedbugs/issue21979.go	interpreted				testdir	PASS	-	-	0.01
PASS	testdir:fixedbugs/issue21979.go	native				testdir	PASS	-	-	0.01
PASS	testdir:fixedbugs/issue21988.go	compiled				testdir	PASS	-	-	0.01
PASS	testdir:fixedbugs/issue21988.go	interpreted				testdir	PASS	-	-	0.01
PASS	testdir:fixedbugs/issue21988.go	native				testdir	PASS	-	-	0.01
PASS	testdir:fixedbugs/issue22063.go	compiled				testdir	PASS	-	-	0.01
PASS	testdir:fixedbugs/issue22063.go	interpreted				testdir	PASS	-	-	0.01
PASS	testdir:fixedbugs/issue22063.go	native				testdir	PASS	-	-	0.01
PASS	testdir:fixedbugs/issue22076.go	compiled				testdir	PASS	-	-	0.08
PASS	testdir:fixedbugs/issue22076.go	interpreted				testdir	PASS	-	-	0.05
PASS	testdir:fixedbugs/issue22076.go	native				testdir	PASS	-	-	0.01
PASS	testdir:fixedbugs/issue22083.go	compiled				testdir	PASS	-	-	0.26
PASS	testdir:fixedbugs/issue22083.go	interpreted				testdir	PASS	-	FIXED	0.99
PASS	testdir:fixedbugs/issue22083.go	native				testdir	PASS	-	-	0.06
PASS	testdir:fixedbugs/issue22164.go	compiled				testdir	PASS	-	-	0.01
PASS	testdir:fixedbugs/issue22164.go	interpreted				testdir	PASS	-	-	0.01
PASS	testdir:fixedbugs/issue22164.go	native				testdir	PASS	-	-	0.01
PASS	testdir:fixedbugs/issue22198.go	compiled				testdir	PASS	-	-	0.04
PASS	testdir:fixedbugs/issue22198.go	interpreted				testdir	PASS	-	-	0.01
PASS	testdir:fixedbugs/issue22198.go	native				testdir	PASS	-	-	0.01
PASS	testdir:fixedbugs/issue22200.go	compiled				testdir	PASS	-	-	0.04
EXCLUDED	testdir:fixedbugs/issue22200.go	interpreted	gc-only-check	errorcheck expects a gc-only diagnostic go/types cannot express	testdir_test.go:153: compilation succeeded unexpectedly	testdir	FAIL	CATALOG	EXCLUDED	0.01
PASS	testdir:fixedbugs/issue22200.go	native				testdir	PASS	-	-	0.01
PASS	testdir:fixedbugs/issue22200b.go	compiled				testdir	PASS	-	-	0.04
EXCLUDED	testdir:fixedbugs/issue22200b.go	interpreted	gc-only-check	errorcheck expects a gc-only diagnostic go/types cannot express	testdir_test.go:153: compilation succeeded unexpectedly	testdir	FAIL	CATALOG	EXCLUDED	0.01
PASS	testdir:fixedbugs/issue22200b.go	native				testdir	PASS	-	-	0.01
PASS	testdir:fixedbugs/issue22305.go	compiled				testdir	PASS	-	-	0.05
PASS	testdir:fixedbugs/issue22305.go	interpreted				testdir	PASS	-	-	0.01
PASS	testdir:fixedbugs/issue22305.go	native				testdir	PASS	-	-	0.01
PASS	testdir:fixedbugs/issue22326.go	compiled				testdir	PASS	-	-	0.13
PASS	testdir:fixedbugs/issue22326.go	interpreted				testdir	PASS	-	-	0.02
PASS	testdir:fixedbugs/issue22326.go	native				testdir	PASS	-	-	0.05
PASS	testdir:fixedbugs/issue22327.go	compiled				testdir	PASS	-	-	0.05
PASS	testdir:fixedbugs/issue22327.go	interpreted				testdir	PASS	-	-	0.01
PASS	testdir:fixedbugs/issue22327.go	native				testdir	PASS	-	-	0.01
PASS	testdir:fixedbugs/issue22344.go	compiled				testdir	PASS	-	-	0.06
PASS	testdir:fixedbugs/issue22344.go	interpreted				testdir	PASS	-	-	0.01
PASS	testdir:fixedbugs/issue22344.go	native				testdir	PASS	-	-	0.01
PASS	testdir:fixedbugs/issue22351.go	compiled				testdir	PASS	-	-	0.01
PASS	testdir:fixedbugs/issue22351.go	interpreted				testdir	PASS	-	-	0.01
PASS	testdir:fixedbugs/issue22351.go	native				testdir	PASS	-	-	0.01
PASS	testdir:fixedbugs/issue22389.go	compiled				testdir	PASS	-	-	0.01
PASS	testdir:fixedbugs/issue22389.go	interpreted				testdir	PASS	-	-	0.01
PASS	testdir:fixedbugs/issue22389.go	native				testdir	PASS	-	-	0.01
PASS	testdir:fixedbugs/issue22429.go	compiled				testdir	PASS	-	-	0.04
PASS	testdir:fixedbugs/issue22429.go	interpreted				testdir	PASS	-	-	0.01
PASS	testdir:fixedbugs/issue22429.go	native				testdir	PASS	-	-	0.01
PASS	testdir:fixedbugs/issue22458.go	compiled				testdir	PASS	-	-	0.13
PASS	testdir:fixedbugs/issue22458.go	interpreted				testdir	PASS	-	-	0.05
PASS	testdir:fixedbugs/issue22458.go	native				testdir	PASS	-	-	0.01
PASS	testdir:fixedbugs/issue22581.go	compiled				testdir	PASS	-	-	0.01
PASS	testdir:fixedbugs/issue22581.go	interpreted				testdir	PASS	-	-	0.01
PASS	testdir:fixedbugs/issue22581.go	native				testdir	PASS	-	-	0.01
PASS	testdir:fixedbugs/issue22605.go	compiled				testdir	PASS	-	-	0.22
PASS	testdir:fixedbugs/issue22605.go	interpreted				testdir	PASS	-	-	0.83
PASS	testdir:fixedbugs/issue22605.go	native				testdir	PASS	-	-	0.06
PASS	testdir:fixedbugs/issue22660.go	compiled				testdir	PASS	-	-	0.54
PASS	testdir:fixedbugs/issue22660.go	interpreted				testdir	PASS	-	-	1.79
PASS	testdir:fixedbugs/issue22660.go	native				testdir	PASS	-	-	0.09
PASS	testdir:fixedbugs/issue22662.go	compiled				testdir	PASS	-	-	0.34
PASS	testdir:fixedbugs/issue22662.go	interpreted				testdir	PASS	-	-	1.16
PASS	testdir:fixedbugs/issue22662.go	native				testdir	PASS	-	-	0.07
PASS	testdir:fixedbugs/issue22662b.go	compiled				testdir	PASS	-	-	0.46
PASS	testdir:fixedbugs/issue22662b.go	interpreted				testdir	PASS	-	-	1.57
PASS	testdir:fixedbugs/issue22662b.go	native				testdir	PASS	-	-	0.16
PASS	testdir:fixedbugs/issue22683.go	compiled				testdir	PASS	-	-	0.25
PASS	testdir:fixedbugs/issue22683.go	interpreted				testdir	PASS	-	-	0.88
PASS	testdir:fixedbugs/issue22683.go	native				testdir	PASS	-	-	0.07
PASS	testdir:fixedbugs/issue22781.go	compiled				testdir	PASS	-	-	0.34
PASS	testdir:fixedbugs/issue22781.go	interpreted				testdir	PASS	-	-	11.29
PASS	testdir:fixedbugs/issue22781.go	native				testdir	PASS	-	-	0.17
PASS	testdir:fixedbugs/issue22794.go	compiled				testdir	PASS	-	-	0.01
PASS	testdir:fixedbugs/issue22794.go	interpreted				testdir	PASS	-	-	0.01
PASS	testdir:fixedbugs/issue22794.go	native				testdir	PASS	-	-	0.01
PASS	testdir:fixedbugs/issue22822.go	compiled				testdir	PASS	-	-	0.01
PASS	testdir:fixedbugs/issue22822.go	interpreted				testdir	PASS	-	-	0.01
PASS	testdir:fixedbugs/issue22822.go	native				testdir	PASS	-	-	0.01
PASS	testdir:fixedbugs/issue22877.go	compiled				testdir	PASS	-	-	0.13
PASS	testdir:fixedbugs/issue22877.go	interpreted				testdir	PASS	-	-	0.02
PASS	testdir:fixedbugs/issue22877.go	native				testdir	PASS	-	-	0.11
PASS	testdir:fixedbugs/issue22881.go	compiled				testdir	PASS	-	-	0.28
PASS	testdir:fixedbugs/issue22881.go	interpreted				testdir	PASS	-	-	0.85
PASS	testdir:fixedbugs/issue22881.go	native				testdir	PASS	-	-	0.08
PASS	testdir:fixedbugs/issue22904.go	compiled				testdir	PASS	-	-	0.01
PASS	testdir:fixedbugs/issue22904.go	interpreted				testdir	PASS	-	-	0.01
PASS	testdir:fixedbugs/issue22904.go	native				testdir	PASS	-	-	0.01
PASS	testdir:fixedbugs/issue22921.go	compiled				testdir	PASS	-	-	0.05
PASS	testdir:fixedbugs/issue22921.go	interpreted				testdir	PASS	-	-	0.05
PASS	testdir:fixedbugs/issue22921.go	native				testdir	PASS	-	-	0.01
PASS	testdir:fixedbugs/issue22941.go	compiled				testdir	PASS	-	-	0.16
PASS	testdir:fixedbugs/issue22941.go	interpreted				testdir	PASS	-	-	0.04
PASS	testdir:fixedbugs/issue22941.go	native				testdir	PASS	-	-	0.07
PASS	testdir:fixedbugs/issue22962.go	compiled				testdir	PASS	-	-	0.08
PASS	testdir:fixedbugs/issue22962.go	interpreted				testdir	PASS	-	-	0.02
PASS	testdir:fixedbugs/issue22962.go	native				testdir	PASS	-	-	0.02
PASS	testdir:fixedbugs/issue23017.go	compiled				testdir	PASS	-	-	0.27
PASS	testdir:fixedbugs/issue23017.go	interpreted				testdir	PASS	-	-	0.9
PASS	testdir:fixedbugs/issue23017.go	native				testdir	PASS	-	-	0.07
PASS	testdir:fixedbugs/issue23093.go	compiled				testdir	PASS	-	-	0.01
PASS	testdir:fixedbugs/issue23093.go	interpreted				testdir	PASS	-	-	0.01
PASS	testdir:fixedbugs/issue23093.go	native				testdir	PASS	-	-	0.01
PASS	testdir:fixedbugs/issue23094.go	compiled				testdir	PASS	-	-	0.01
PASS	testdir:fixedbugs/issue23094.go	interpreted				testdir	PASS	-	-	0.01
PASS	testdir:fixedbugs/issue23094.go	native				testdir	PASS	-	-	0.01
PASS	testdir:fixedbugs/issue23116.go	compiled				testdir	PASS	-	-	0.01
PASS	testdir:fixedbugs/issue23116.go	interpreted				testdir	PASS	-	-	0.01
PASS	testdir:fixedbugs/issue23116.go	native				testdir	PASS	-	-	0.01
PASS	testdir:fixedbugs/issue23179.go	compiled				testdir	PASS	-	-	0.08
PASS	testdir:fixedbugs/issue23179.go	interpreted				testdir	PASS	-	-	0.02
PASS	testdir:fixedbugs/issue23179.go	native				testdir	PASS	-	-	0.02
PASS	testdir:fixedbugs/issue23188.go	compiled				testdir	PASS	-	-	0.13
PASS	testdir:fixedbugs/issue23188.go	interpreted				testdir	PASS	-	-	0.02
PASS	testdir:fixedbugs/issue23188.go	native				testdir	PASS	-	-	0.05
PASS	testdir:fixedbugs/issue23298.go	compiled				testdir	PASS	-	-	0.04
PASS	testdir:fixedbugs/issue23298.go	interpreted				testdir	PASS	-	-	0.01
PASS	testdir:fixedbugs/issue23298.go	native				testdir	PASS	-	-	0.01
PASS	testdir:fixedbugs/issue23305.go	compiled				testdir	PASS	-	-	0.13
PASS	testdir:fixedbugs/issue23305.go	interpreted				testdir	PASS	-	-	0.02
PASS	testdir:fixedbugs/issue23305.go	native				testdir	PASS	-	-	0.05
PASS	testdir:fixedbugs/issue23311.go	compiled				testdir	PASS	-	-	0.04
PASS	testdir:fixedbugs/issue23311.go	interpreted				testdir	PASS	-	-	0.01
PASS	testdir:fixedbugs/issue23311.go	native				testdir	PASS	-	-	0.01
PASS	testdir:fixedbugs/issue23414.go	compiled				testdir	PASS	-	-	0.05
PASS	testdir:fixedbugs/issue23414.go	interpreted				testdir	PASS	-	-	0.01
PASS	testdir:fixedbugs/issue23414.go	native				testdir	PASS	-	-	0.01
PASS	testdir:fixedbugs/issue23489.go	compiled				testdir	PASS	-	-	0.13
PASS	testdir:fixedbugs/issue23489.go	interpreted				testdir	PASS	-	-	0.02
PASS	testdir:fixedbugs/issue23489.go	native				testdir	PASS	-	-	0.05
PASS	testdir:fixedbugs/issue23504.go	compiled				testdir	PASS	-	-	0.04
PASS	testdir:fixedbugs/issue23504.go	interpreted				testdir	PASS	-	-	0.01
PASS	testdir:fixedbugs/issue23504.go	native				testdir	PASS	-	-	0.01
PASS	testdir:fixedbugs/issue23521.go	compiled				testdir	PASS	-	-	0.05
EXCLUDED	testdir:fixedbugs/issue23521.go	interpreted	compiler-diagnostic	test asserts gc optimizer output (-m/-d=); an interpreter has no optimizer to report on	testdir_test.go:153: Bash++ backend unsupported: optimizer diagnostics are a compiler artifact; the check interface has no inlining, escape-analysis or SSA meaning	testdir	FAIL	CATALOG	EXCLUDED	0
PASS	testdir:fixedbugs/issue23521.go	native				testdir	PASS	-	-	0.01
PASS	testdir:fixedbugs/issue23522.go	compiled				testdir	PASS	-	-	0.18
PASS	testdir:fixedbugs/issue23522.go	interpreted				testdir	PASS	-	-	0.76
PASS	testdir:fixedbugs/issue23522.go	native				testdir	PASS	-	-	0.05
PASS	testdir:fixedbugs/issue23536.go	compiled				testdir	PASS	-	-	0.13
PASS	testdir:fixedbugs/issue23536.go	interpreted				testdir	PASS	-	-	0.02
PASS	testdir:fixedbugs/issue23536.go	native				testdir	PASS	-	-	0.06
PASS	testdir:fixedbugs/issue23545.go	compiled				testdir	PASS	-	-	0.14
PASS	testdir:fixedbugs/issue23545.go	interpreted				testdir	PASS	-	-	0.02
PASS	testdir:fixedbugs/issue23545.go	native				testdir	PASS	-	-	0.05
PASS	testdir:fixedbugs/issue23546.go	compiled				testdir	PASS	-	-	0.13
PASS	testdir:fixedbugs/issue23546.go	interpreted				testdir	PASS	-	-	0.02
PASS	testdir:fixedbugs/issue23546.go	native				testdir	PASS	-	-	0.05
PASS	testdir:fixedbugs/issue23586.go	compiled				testdir	PASS	-	-	0.06
PASS	testdir:fixedbugs/issue23586.go	interpreted				testdir	PASS	-	-	0.05
PASS	testdir:fixedbugs/issue23586.go	native				testdir	PASS	-	-	0.01
PASS	testdir:fixedbugs/issue23587.go	compiled				testdir	PASS	-	-	0.01
PASS	testdir:fixedbugs/issue23587.go	interpreted				testdir	PASS	-	-	0.01
PASS	testdir:fixedbugs/issue23587.go	native				testdir	PASS	-	-	0.01
PASS	testdir:fixedbugs/issue23609.go	compiled				testdir	PASS	-	-	0.01
PASS	testdir:fixedbugs/issue23609.go	interpreted				testdir	PASS	-	-	0.01
PASS	testdir:fixedbugs/issue23609.go	native				testdir	PASS	-	-	0.01
PASS	testdir:fixedbugs/issue23664.go	compiled				testdir	PASS	-	-	0.01
PASS	testdir:fixedbugs/issue23664.go	interpreted				testdir	PASS	-	-	0.01
PASS	testdir:fixedbugs/issue23664.go	native				testdir	PASS	-	-	0.01
PASS	testdir:fixedbugs/issue23719.go	compiled				testdir	PASS	-	-	0.14
PASS	testdir:fixedbugs/issue23719.go	interpreted				testdir	PASS	-	-	0.02
PASS	testdir:fixedbugs/issue23719.go	native				testdir	PASS	-	-	0.05
PASS	testdir:fixedbugs/issue23732.go	compiled				testdir	PASS	-	-	0.01
PASS	testdir:fixedbugs/issue23732.go	interpreted				testdir	PASS	-	-	0.01
PASS	testdir:fixedbugs/issue23732.go	native				testdir	PASS	-	-	0.01
PASS	testdir:fixedbugs/issue23734.go	compiled				testdir	PASS	-	-	0.13
PASS	testdir:fixedbugs/issue23734.go	interpreted				testdir	PASS	-	-	0.02
PASS	testdir:fixedbugs/issue23734.go	native				testdir	PASS	-	-	0.05
PASS	testdir:fixedbugs/issue23780.go	compiled				testdir	PASS	-	-	0.05
PASS	testdir:fixedbugs/issue23780.go	interpreted				testdir	PASS	-	-	0.01
PASS	testdir:fixedbugs/issue23780.go	native				testdir	PASS	-	-	0.01
PASS	testdir:fixedbugs/issue23781.go	compiled				testdir	PASS	-	-	0.05
PASS	testdir:fixedbugs/issue23781.go	interpreted				testdir	PASS	-	-	0.01
PASS	testdir:fixedbugs/issue23781.go	native				testdir	PASS	-	-	0.01
PASS	testdir:fixedbugs/issue23812.go	compiled				testdir	PASS	-	-	0.25
PASS	testdir:fixedbugs/issue23812.go	interpreted				testdir	PASS	-	-	0.83
PASS	testdir:fixedbugs/issue23812.go	native				testdir	PASS	-	-	0.06
PASS	testdir:fixedbugs/issue23814.go	compiled				testdir	PASS	-	-	0.13
PASS	testdir:fixedbugs/issue23814.go	interpreted				testdir	PASS	-	-	0.02
PASS	testdir:fixedbugs/issue23814.go	native				testdir	PASS	-	-	0.05
PASS	testdir:fixedbugs/issue23823.go	compiled				testdir	PASS	-	-	0.01
PASS	testdir:fixedbugs/issue23823.go	interpreted				testdir	PASS	-	-	0.01
PASS	testdir:fixedbugs/issue23823.go	native				testdir	PASS	-	-	0.01
PASS	testdir:fixedbugs/issue23837.go	compiled				testdir	PASS	-	-	0.15
PASS	testdir:fixedbugs/issue23837.go	interpreted				testdir	PASS	-	-	0.02
PASS	testdir:fixedbugs/issue23837.go	native				testdir	PASS	-	-	0.05
PASS	testdir:fixedbugs/issue23868.go	compiled				testdir	PASS	-	-	0.06
PASS	testdir:fixedbugs/issue23868.go	interpreted				testdir	PASS	-	-	0.01
PASS	testdir:fixedbugs/issue23868.go	native				testdir	PASS	-	-	0.01
PASS	testdir:fixedbugs/issue23870.go	compiled				testdir	PASS	-	-	0.04
PASS	testdir:fixedbugs/issue23870.go	interpreted				testdir	PASS	-	-	0.01
PASS	testdir:fixedbugs/issue23870.go	native				testdir	PASS	-	-	0.01
PASS	testdir:fixedbugs/issue23912.go	compiled				testdir	PASS	-	-	0.04
PASS	testdir:fixedbugs/issue23912.go	interpreted				testdir	PASS	-	-	0.01
PASS	testdir:fixedbugs/issue23912.go	native				testdir	PASS	-	-	0.01
PASS	testdir:fixedbugs/issue24120.go	compiled				testdir	PASS	-	-	0.05
PASS	testdir:fixedbugs/issue24120.go	interpreted				testdir	PASS	-	-	0.01
PASS	testdir:fixedbugs/issue24120.go	native				testdir	PASS	-	-	0.01
PASS	testdir:fixedbugs/issue24159.go	compiled				testdir	PASS	-	-	0.01
PASS	testdir:fixedbugs/issue24159.go	interpreted				testdir	PASS	-	-	0.01
PASS	testdir:fixedbugs/issue24159.go	native				testdir	PASS	-	-	0.01
PASS	testdir:fixedbugs/issue24173.go	compiled				testdir	PASS	-	-	0.04
PASS	testdir:fixedbugs/issue24173.go	interpreted				testdir	PASS	-	-	0.01
PASS	testdir:fixedbugs/issue24173.go	native				testdir	PASS	-	-	0.01
SKIP	testdir:fixedbugs/issue24187.go	compiled			testdir_test.go:531: //go:build amd64p32	testdir	SKIP	-	-	0
SKIP	testdir:fixedbugs/issue24187.go	interpreted			testdir_test.go:531: //go:build amd64p32	testdir	SKIP	-	-	0
SKIP	testdir:fixedbugs/issue24187.go	native			testdir_test.go:531: //go:build amd64p32	testdir	SKIP	-	-	0
PASS	testdir:fixedbugs/issue24339.go	compiled				testdir	PASS	-	-	0.01
PASS	testdir:fixedbugs/issue24339.go	interpreted				testdir	PASS	-	-	0.01
PASS	testdir:fixedbugs/issue24339.go	native				testdir	PASS	-	-	0.01
PASS	testdir:fixedbugs/issue24419.go	compiled				testdir	PASS	-	-	0.3
PASS	testdir:fixedbugs/issue24419.go	interpreted				testdir	PASS	-	-	1.23
PASS	testdir:fixedbugs/issue24419.go	native				testdir	PASS	-	-	0.06
PASS	testdir:fixedbugs/issue24449.go	compiled				testdir	PASS	-	-	0.17
PASS	testdir:fixedbugs/issue24449.go	interpreted				testdir	PASS	-	-	0.7
PASS	testdir:fixedbugs/issue24449.go	native				testdir	PASS	-	-	0.05
PASS	testdir:fixedbugs/issue24470.go	compiled				testdir	PASS	-	-	0.01
PASS	testdir:fixedbugs/issue24470.go	interpreted				testdir	PASS	-	-	0.01
PASS	testdir:fixedbugs/issue24470.go	native				testdir	PASS	-	-	0.01
PASS	testdir:fixedbugs/issue24488.go	compiled				testdir	PASS	-	-	0.31
PASS	testdir:fixedbugs/issue24488.go	interpreted				testdir	PASS	-	-	1.02
PASS	testdir:fixedbugs/issue24488.go	native				testdir	PASS	-	-	0.06
PASS	testdir:fixedbugs/issue24491a.go	compiled				testdir	PASS	-	-	0.23
EXCLUDED	testdir:fixedbugs/issue24491a.go	interpreted	gc-observation	runtime.SetFinalizer+runtime.GC on interpreter-owned values: D7's ground (165 D9)	testdir_test.go:153: exit status 2	testdir	FAIL	CATALOG	EXCLUDED	0.86
PASS	testdir:fixedbugs/issue24491a.go	native				testdir	PASS	-	-	0.06
PASS	testdir:fixedbugs/issue24491b.go	compiled				testdir	PASS	-	-	0.2
EXCLUDED	testdir:fixedbugs/issue24491b.go	interpreted	gc-observation	runtime.SetFinalizer+runtime.GC on interpreter-owned values: D7's ground (165 D9)	testdir_test.go:153: command exceeded time limit	testdir	FAIL	CATALOG	EXCLUDED	61
PASS	testdir:fixedbugs/issue24491b.go	native				testdir	PASS	-	-	0.05
PASS	testdir:fixedbugs/issue24503.go	compiled				testdir	PASS	-	-	0.12
PASS	testdir:fixedbugs/issue24503.go	interpreted				testdir	PASS	-	-	0.02
PASS	testdir:fixedbugs/issue24503.go	native				testdir	PASS	-	-	0.05
PASS	testdir:fixedbugs/issue24547.go	compiled				testdir	PASS	-	-	0.32
PASS	testdir:fixedbugs/issue24547.go	interpreted				testdir	PASS	-	-	1.1
PASS	testdir:fixedbugs/issue24547.go	native				testdir	PASS	-	-	0.09
PASS	testdir:fixedbugs/issue24651a.go	compiled				testdir	PASS	-	-	0.06
EXCLUDED	testdir:fixedbugs/issue24651a.go	interpreted	compiler-diagnostic	test asserts gc optimizer output (-m/-d=); an interpreter has no optimizer to report on	testdir_test.go:153: Bash++ backend unsupported: optimizer diagnostics are a compiler artifact; the check interface has no inlining, escape-analysis or SSA meaning	testdir	FAIL	CATALOG	EXCLUDED	0
PASS	testdir:fixedbugs/issue24651a.go	native				testdir	PASS	-	-	0.01
PASS	testdir:fixedbugs/issue24651b.go	compiled				testdir	PASS	-	-	0.06
EXCLUDED	testdir:fixedbugs/issue24651b.go	interpreted	compiler-diagnostic	test asserts gc optimizer output (-m/-d=); an interpreter has no optimizer to report on	testdir_test.go:153: Bash++ backend unsupported: optimizer diagnostics are a compiler artifact; the check interface has no inlining, escape-analysis or SSA meaning	testdir	FAIL	CATALOG	EXCLUDED	0
PASS	testdir:fixedbugs/issue24651b.go	native				testdir	PASS	-	-	0.01
PASS	testdir:fixedbugs/issue24693.go	compiled				testdir	PASS	-	-	0.17
PASS	testdir:fixedbugs/issue24693.go	interpreted				testdir	PASS	-	-	0.04
PASS	testdir:fixedbugs/issue24693.go	native				testdir	PASS	-	-	0.07
PASS	testdir:fixedbugs/issue24755.go	compiled				testdir	PASS	-	-	0.01
PASS	testdir:fixedbugs/issue24755.go	interpreted				testdir	PASS	-	-	0.01
PASS	testdir:fixedbugs/issue24755.go	native				testdir	PASS	-	-	0.01
PASS	testdir:fixedbugs/issue24760.go	compiled				testdir	PASS	-	-	0.05
PASS	testdir:fixedbugs/issue24760.go	interpreted				testdir	PASS	-	-	0.01
PASS	testdir:fixedbugs/issue24760.go	native				testdir	PASS	-	-	0.01
PASS	testdir:fixedbugs/issue24761.go	compiled				testdir	PASS	-	-	0.08
PASS	testdir:fixedbugs/issue24761.go	interpreted				testdir	PASS	-	-	0.02
PASS	testdir:fixedbugs/issue24761.go	native				testdir	PASS	-	-	0.02
PASS	testdir:fixedbugs/issue24763.go	compiled				testdir	PASS	-	-	0.13
PASS	testdir:fixedbugs/issue24763.go	interpreted				testdir	PASS	-	-	0.02
PASS	testdir:fixedbugs/issue24763.go	native				testdir	PASS	-	-	0.06
PASS	testdir:fixedbugs/issue24799.go	compiled				testdir	PASS	-	-	0.26
PASS	testdir:fixedbugs/issue24799.go	interpreted				testdir	PASS	-	-	0.87
PASS	testdir:fixedbugs/issue24799.go	native				testdir	PASS	-	-	0.07
PASS	testdir:fixedbugs/issue24801.go	compiled				testdir	PASS	-	-	0.12
PASS	testdir:fixedbugs/issue24801.go	interpreted				testdir	PASS	-	-	0.02
PASS	testdir:fixedbugs/issue24801.go	native				testdir	PASS	-	-	0.02
PASS	testdir:fixedbugs/issue24817.go	compiled				testdir	PASS	-	-	0.27
PASS	testdir:fixedbugs/issue24817.go	interpreted				testdir	PASS	-	-	0.94
PASS	testdir:fixedbugs/issue24817.go	native				testdir	PASS	-	-	0.08
PASS	testdir:fixedbugs/issue24937.go	compiled				testdir	PASS	-	-	0.13
PASS	testdir:fixedbugs/issue24937.go	interpreted				testdir	PASS	-	-	0.02
PASS	testdir:fixedbugs/issue24937.go	native				testdir	PASS	-	-	0.05
PASS	testdir:fixedbugs/issue24939.go	compiled				testdir	PASS	-	-	0.05
PASS	testdir:fixedbugs/issue24939.go	interpreted				testdir	PASS	-	-	0.01
PASS	testdir:fixedbugs/issue24939.go	native				testdir	PASS	-	-	0.01
PASS	testdir:fixedbugs/issue25006.go	compiled				testdir	PASS	-	-	0.04
PASS	testdir:fixedbugs/issue25006.go	interpreted				testdir	PASS	-	-	0.01
PASS	testdir:fixedbugs/issue25006.go	native				testdir	PASS	-	-	0.01
PASS	testdir:fixedbugs/issue25055.go	compiled				testdir	PASS	-	-	0.09
PASS	testdir:fixedbugs/issue25055.go	interpreted				testdir	PASS	-	-	0.02
PASS	testdir:fixedbugs/issue25055.go	native				testdir	PASS	-	-	0.02
PASS	testdir:fixedbugs/issue25101.go	compiled				testdir	PASS	-	-	0.04
PASS	testdir:fixedbugs/issue25101.go	interpreted				testdir	PASS	-	-	0.01
PASS	testdir:fixedbugs/issue25101.go	native				testdir	PASS	-	-	0.01
PASS	testdir:fixedbugs/issue25322.go	compiled				testdir	PASS	-	-	0.26
PASS	testdir:fixedbugs/issue25322.go	interpreted				testdir	PASS	-	-	0.89
PASS	testdir:fixedbugs/issue25322.go	native				testdir	PASS	-	-	0.07
PASS	testdir:fixedbugs/issue25507.go	compiled				testdir	PASS	-	-	0.04
EXCLUDED	testdir:fixedbugs/issue25507.go	interpreted	gc-only-check	errorcheck expects a gc-only diagnostic go/types cannot express	testdir_test.go:153: compilation succeeded unexpectedly	testdir	FAIL	CATALOG	EXCLUDED	0.01
PASS	testdir:fixedbugs/issue25507.go	native				testdir	PASS	-	-	0.01
PASS	testdir:fixedbugs/issue25516.go	compiled				testdir	PASS	-	-	0.04
PASS	testdir:fixedbugs/issue25516.go	interpreted				testdir	PASS	-	-	0.01
PASS	testdir:fixedbugs/issue25516.go	native				testdir	PASS	-	-	0.01
PASS	testdir:fixedbugs/issue25727.go	compiled				testdir	PASS	-	-	0.1
PASS	testdir:fixedbugs/issue25727.go	interpreted				testdir	PASS	-	-	0.1
PASS	testdir:fixedbugs/issue25727.go	native				testdir	PASS	-	-	0.01
PASS	testdir:fixedbugs/issue25741.go	compiled				testdir	PASS	-	-	0.05
PASS	testdir:fixedbugs/issue25741.go	interpreted				testdir	PASS	-	-	0.01
PASS	testdir:fixedbugs/issue25741.go	native				testdir	PASS	-	-	0.01
PASS	testdir:fixedbugs/issue25776.go	compiled				testdir	PASS	-	-	0.14
PASS	testdir:fixedbugs/issue25776.go	interpreted				testdir	PASS	-	-	0.02
PASS	testdir:fixedbugs/issue25776.go	native				testdir	PASS	-	-	0.06
PASS	testdir:fixedbugs/issue25897a.go	compiled				testdir	PASS	-	-	0.25
PASS	testdir:fixedbugs/issue25897a.go	interpreted				testdir	PASS	-	-	1.47
PASS	testdir:fixedbugs/issue25897a.go	native				testdir	PASS	-	-	0.07
PASS	testdir:fixedbugs/issue25897b.go	compiled				testdir	PASS	-	-	0.24
PASS	testdir:fixedbugs/issue25897b.go	interpreted				testdir	PASS	-	-	1.04
PASS	testdir:fixedbugs/issue25897b.go	native				testdir	PASS	-	-	0.08
PASS	testdir:fixedbugs/issue25958.go	compiled				testdir	PASS	-	-	0.01
PASS	testdir:fixedbugs/issue25958.go	interpreted				testdir	PASS	-	-	0.01
PASS	testdir:fixedbugs/issue25958.go	native				testdir	PASS	-	-	0.01
PASS	testdir:fixedbugs/issue25966.go	compiled				testdir	PASS	-	-	0.05
PASS	testdir:fixedbugs/issue25966.go	interpreted				testdir	PASS	-	-	0.01
PASS	testdir:fixedbugs/issue25966.go	native				testdir	PASS	-	-	0.01
PASS	testdir:fixedbugs/issue25984.go	compiled				testdir	PASS	-	-	0.09
PASS	testdir:fixedbugs/issue25984.go	interpreted				testdir	PASS	-	-	0.02
PASS	testdir:fixedbugs/issue25984.go	native				testdir	PASS	-	-	0.02
PASS	testdir:fixedbugs/issue25993.go	compiled				testdir	PASS	-	-	0.04
PASS	testdir:fixedbugs/issue25993.go	interpreted				testdir	PASS	-	-	0.01
PASS	testdir:fixedbugs/issue25993.go	native				testdir	PASS	-	-	0.01
PASS	testdir:fixedbugs/issue26024.go	compiled				testdir	PASS	-	-	0.04
PASS	testdir:fixedbugs/issue26024.go	interpreted				testdir	PASS	-	-	0.01
PASS	testdir:fixedbugs/issue26024.go	native				testdir	PASS	-	-	0.01
PASS	testdir:fixedbugs/issue26043.go	compiled				testdir	PASS	-	-	0.05
PASS	testdir:fixedbugs/issue26043.go	interpreted				testdir	PASS	-	-	0.01
PASS	testdir:fixedbugs/issue26043.go	native				testdir	PASS	-	-	0.01
PASS	testdir:fixedbugs/issue26094.go	compiled				testdir	PASS	-	-	0.24
PASS	testdir:fixedbugs/issue26094.go	interpreted				testdir	PASS	-	-	0.84
PASS	testdir:fixedbugs/issue26094.go	native				testdir	PASS	-	-	0.06
PASS	testdir:fixedbugs/issue26097.go	compiled				testdir	PASS	-	-	0.12
PASS	testdir:fixedbugs/issue26097.go	interpreted				testdir	PASS	-	-	0.02
PASS	testdir:fixedbugs/issue26097.go	native				testdir	PASS	-	-	0.05
PASS	testdir:fixedbugs/issue26105.go	compiled				testdir	PASS	-	-	0.05
PASS	testdir:fixedbugs/issue26105.go	interpreted				testdir	PASS	-	-	0.01
PASS	testdir:fixedbugs/issue26105.go	native				testdir	PASS	-	-	0.01
PASS	testdir:fixedbugs/issue26116.go	compiled				testdir	PASS	-	-	0.13
PASS	testdir:fixedbugs/issue26116.go	interpreted				testdir	PASS	-	-	0.02
PASS	testdir:fixedbugs/issue26116.go	native				testdir	PASS	-	-	0.05
PASS	testdir:fixedbugs/issue26120.go	compiled				testdir	PASS	-	-	0.04
PASS	testdir:fixedbugs/issue26120.go	interpreted				testdir	PASS	-	-	0.01
PASS	testdir:fixedbugs/issue26120.go	native				testdir	PASS	-	-	0.01
PASS	testdir:fixedbugs/issue2615.go	compiled				testdir	PASS	-	-	0.21
PASS	testdir:fixedbugs/issue2615.go	interpreted				testdir	PASS	-	-	0.22
PASS	testdir:fixedbugs/issue2615.go	native				testdir	PASS	-	-	0.08
PASS	testdir:fixedbugs/issue26153.go	compiled				testdir	PASS	-	-	0.13
PASS	testdir:fixedbugs/issue26153.go	interpreted				testdir	PASS	-	-	0.02
PASS	testdir:fixedbugs/issue26153.go	native				testdir	PASS	-	-	0.05
PASS	testdir:fixedbugs/issue26163.go	compiled				testdir	PASS	-	-	0.05
PASS	testdir:fixedbugs/issue26163.go	interpreted				testdir	PASS	-	-	0.01
PASS	testdir:fixedbugs/issue26163.go	native				testdir	PASS	-	-	0.01
PASS	testdir:fixedbugs/issue26248.go	compiled				testdir	PASS	-	-	0.13
PASS	testdir:fixedbugs/issue26248.go	interpreted				testdir	PASS	-	-	0.02
PASS	testdir:fixedbugs/issue26248.go	native				testdir	PASS	-	-	0.05
PASS	testdir:fixedbugs/issue26335.go	compiled				testdir	PASS	-	-	0.23
PASS	testdir:fixedbugs/issue26335.go	interpreted				testdir	PASS	-	-	0.88
PASS	testdir:fixedbugs/issue26335.go	native				testdir	PASS	-	-	0.07
PASS	testdir:fixedbugs/issue26340.go	compiled				testdir	PASS	-	-	0.05
PASS	testdir:fixedbugs/issue26340.go	interpreted				testdir	PASS	-	-	0.01
PASS	testdir:fixedbugs/issue26340.go	native				testdir	PASS	-	-	0.01
PASS	testdir:fixedbugs/issue26341.go	compiled				testdir	PASS	-	-	0.08
PASS	testdir:fixedbugs/issue26341.go	interpreted				testdir	PASS	-	-	0.02
PASS	testdir:fixedbugs/issue26341.go	native				testdir	PASS	-	-	0.02
PASS	testdir:fixedbugs/issue26407.go	compiled				testdir	PASS	-	-	0.14
PASS	testdir:fixedbugs/issue26407.go	interpreted				testdir	PASS	-	-	0.02
PASS	testdir:fixedbugs/issue26407.go	native				testdir	PASS	-	-	0.05
PASS	testdir:fixedbugs/issue26411.go	compiled				testdir	PASS	-	-	0.72
PASS	testdir:fixedbugs/issue26411.go	interpreted				testdir	PASS	-	-	2.15
PASS	testdir:fixedbugs/issue26411.go	native				testdir	PASS	-	-	0.12
PASS	testdir:fixedbugs/issue26416.go	compiled				testdir	PASS	-	-	0.01
PASS	testdir:fixedbugs/issue26416.go	interpreted				testdir	PASS	-	-	0.01
PASS	testdir:fixedbugs/issue26416.go	native				testdir	PASS	-	-	0.01
PASS	testdir:fixedbugs/issue26426.go	compiled				testdir	PASS	-	-	0.13
PASS	testdir:fixedbugs/issue26426.go	interpreted				testdir	PASS	-	-	0.02
PASS	testdir:fixedbugs/issue26426.go	native				testdir	PASS	-	-	0.05
PASS	testdir:fixedbugs/issue26438.go	compiled				testdir	PASS	-	-	0.13
PASS	testdir:fixedbugs/issue26438.go	interpreted				testdir	PASS	-	-	0.02
PASS	testdir:fixedbugs/issue26438.go	native				testdir	PASS	-	-	0.05
PASS	testdir:fixedbugs/issue26495.go	compiled				testdir	PASS	-	-	0.14
PASS	testdir:fixedbugs/issue26495.go	interpreted				testdir	PASS	-	-	0.02
PASS	testdir:fixedbugs/issue26495.go	native				testdir	PASS	-	-	0.06
PASS	testdir:fixedbugs/issue26616.go	compiled				testdir	PASS	-	-	0.01
PASS	testdir:fixedbugs/issue26616.go	interpreted				testdir	PASS	-	-	0.01
PASS	testdir:fixedbugs/issue26616.go	native				testdir	PASS	-	-	0.01
PASS	testdir:fixedbugs/issue26855.go	compiled				testdir	PASS	-	-	0.01
PASS	testdir:fixedbugs/issue26855.go	interpreted				testdir	PASS	-	-	0.01
PASS	testdir:fixedbugs/issue26855.go	native				testdir	PASS	-	-	0.01
PASS	testdir:fixedbugs/issue27143.go	compiled				testdir	PASS	-	-	0.05
PASS	testdir:fixedbugs/issue27143.go	interpreted				testdir	PASS	-	-	0.01
PASS	testdir:fixedbugs/issue27143.go	native				testdir	PASS	-	-	0.01
PASS	testdir:fixedbugs/issue27201.go	compiled				testdir	PASS	-	-	0.29
PASS	testdir:fixedbugs/issue27201.go	interpreted				testdir	PASS	-	-	1.07
PASS	testdir:fixedbugs/issue27201.go	native				testdir	PASS	-	-	0.06
PASS	testdir:fixedbugs/issue27232.go	compiled				testdir	PASS	-	-	0.05
PASS	testdir:fixedbugs/issue27232.go	interpreted				testdir	PASS	-	-	0.01
PASS	testdir:fixedbugs/issue27232.go	native				testdir	PASS	-	-	0.01
PASS	testdir:fixedbugs/issue27267.go	compiled				testdir	PASS	-	-	0.04
PASS	testdir:fixedbugs/issue27267.go	interpreted				testdir	PASS	-	-	0.01
PASS	testdir:fixedbugs/issue27267.go	native				testdir	PASS	-	-	0.01
PASS	testdir:fixedbugs/issue27278.go	compiled				testdir	PASS	-	-	0.14
PASS	testdir:fixedbugs/issue27278.go	interpreted				testdir	PASS	-	-	0.09
PASS	testdir:fixedbugs/issue27278.go	native				testdir	PASS	-	-	0.06
PASS	testdir:fixedbugs/issue27289.go	compiled				testdir	PASS	-	-	0.13
PASS	testdir:fixedbugs/issue27289.go	interpreted				testdir	PASS	-	-	0.02
PASS	testdir:fixedbugs/issue27289.go	native				testdir	PASS	-	-	0.05
PASS	testdir:fixedbugs/issue27356.go	compiled				testdir	PASS	-	-	0.01
PASS	testdir:fixedbugs/issue27356.go	interpreted				testdir	PASS	-	-	0.01
PASS	testdir:fixedbugs/issue27356.go	native				testdir	PASS	-	-	0.01
PASS	testdir:fixedbugs/issue27518a.go	compiled				testdir	PASS	-	-	0.21
PASS	testdir:fixedbugs/issue27518a.go	interpreted				testdir	PASS	-	-	0.89
PASS	testdir:fixedbugs/issue27518a.go	native				testdir	PASS	-	-	0.05
PASS	testdir:fixedbugs/issue27518b.go	compiled				testdir	PASS	-	-	0.22
PASS	testdir:fixedbugs/issue27518b.go	interpreted	gc-observation	runtime.SetFinalizer+runtime.GC on interpreter-owned values: D7's ground (165 D9)		testdir	PASS	-	FIXED	0.96
PASS	testdir:fixedbugs/issue27518b.go	native				testdir	PASS	-	-	0.06
PASS	testdir:fixedbugs/issue27557.go	compiled				testdir	PASS	-	-	0.06
EXCLUDED	testdir:fixedbugs/issue27557.go	interpreted	compiler-diagnostic	test asserts gc optimizer output (-m/-d=); an interpreter has no optimizer to report on	testdir_test.go:153: Bash++ backend unsupported: optimizer diagnostics are a compiler artifact; the check interface has no inlining, escape-analysis or SSA meaning	testdir	FAIL	CATALOG	EXCLUDED	0
PASS	testdir:fixedbugs/issue27557.go	native				testdir	PASS	-	-	0.01
PASS	testdir:fixedbugs/issue27595.go	compiled				testdir	PASS	-	-	0.01
PASS	testdir:fixedbugs/issue27595.go	interpreted				testdir	PASS	-	-	0.01
PASS	testdir:fixedbugs/issue27595.go	native				testdir	PASS	-	-	0.01
PASS	testdir:fixedbugs/issue27695.go	compiled				testdir	PASS	-	-	0.37
PASS	testdir:fixedbugs/issue27695.go	interpreted				testdir	PASS	-	FIXED-AFTER-BARRIER	3.16
PASS	testdir:fixedbugs/issue27695.go	native				testdir	PASS	-	-	0.1
PASS	testdir:fixedbugs/issue27695b.go	compiled				testdir	PASS	-	-	0.26
EXCLUDED	testdir:fixedbugs/issue27695b.go	interpreted	unsafe-reinterpretation	unsafe.Pointer memory reinterpretation: the interpreter has no native memory model	testdir_test.go:153: exit status 2	testdir	FAIL	CATALOG	EXCLUDED	1.01
PASS	testdir:fixedbugs/issue27695b.go	native				testdir	PASS	-	-	0.08
PASS	testdir:fixedbugs/issue27695c.go	compiled				testdir	PASS	-	-	0.34
PASS	testdir:fixedbugs/issue27695c.go	interpreted	unsafe-reinterpretation	unsafe.Pointer memory reinterpretation: the interpreter has no native memory model		testdir	PASS	-	-	1.26
PASS	testdir:fixedbugs/issue27695c.go	native				testdir	PASS	-	-	0.08
PASS	testdir:fixedbugs/issue27718.go	compiled				testdir	PASS	-	-	0.13
PASS	testdir:fixedbugs/issue27718.go	interpreted				testdir	PASS	-	-	0.02
PASS	testdir:fixedbugs/issue27718.go	native				testdir	PASS	-	-	0.05
PASS	testdir:fixedbugs/issue27732a.go	compiled				testdir	PASS	-	-	0.05
EXCLUDED	testdir:fixedbugs/issue27732a.go	interpreted	compiler-diagnostic	test asserts gc optimizer output (-m/-d=); an interpreter has no optimizer to report on	testdir_test.go:153: Bash++ backend unsupported: optimizer diagnostics are a compiler artifact; the check interface has no inlining, escape-analysis or SSA meaning	testdir	FAIL	CATALOG	EXCLUDED	0
PASS	testdir:fixedbugs/issue27732a.go	native				testdir	PASS	-	-	0.01
PASS	testdir:fixedbugs/issue27829.go	compiled				testdir	PASS	-	-	0.25
PASS	testdir:fixedbugs/issue27829.go	interpreted				testdir	PASS	-	-	0.86
PASS	testdir:fixedbugs/issue27829.go	native				testdir	PASS	-	-	0.07
PASS	testdir:fixedbugs/issue27836.go	compiled				testdir	PASS	-	-	0.16
PASS	testdir:fixedbugs/issue27836.go	interpreted				testdir	PASS	-	-	0.09
PASS	testdir:fixedbugs/issue27836.go	native				testdir	PASS	-	-	0.02
PASS	testdir:fixedbugs/issue27938.go	compiled				testdir	PASS	-	-	0.01
PASS	testdir:fixedbugs/issue27938.go	interpreted				testdir	PASS	-	-	0.01
PASS	testdir:fixedbugs/issue27938.go	native				testdir	PASS	-	-	0.01
PASS	testdir:fixedbugs/issue27961.go	compiled				testdir	PASS	-	-	0.17
PASS	testdir:fixedbugs/issue27961.go	interpreted				testdir	PASS	-	-	0.71
PASS	testdir:fixedbugs/issue27961.go	native				testdir	PASS	-	-	0.05
PASS	testdir:fixedbugs/issue28053.go	compiled				testdir	PASS	-	-	0.05
PASS	testdir:fixedbugs/issue28053.go	interpreted				testdir	PASS	-	-	0.02
PASS	testdir:fixedbugs/issue28053.go	native				testdir	PASS	-	-	0.02
PASS	testdir:fixedbugs/issue28055.go	compiled				testdir	PASS	-	-	0.04
PASS	testdir:fixedbugs/issue28055.go	interpreted				testdir	PASS	-	-	0.01
PASS	testdir:fixedbugs/issue28055.go	native				testdir	PASS	-	-	0.01
PASS	testdir:fixedbugs/issue28058.go	compiled				testdir	PASS	-	-	0.01
PASS	testdir:fixedbugs/issue28058.go	interpreted				testdir	PASS	-	-	0.01
PASS	testdir:fixedbugs/issue28058.go	native				testdir	PASS	-	-	0.01
PASS	testdir:fixedbugs/issue28078.go	compiled				testdir	PASS	-	-	0.04
PASS	testdir:fixedbugs/issue28078.go	interpreted				testdir	PASS	-	-	0.01
PASS	testdir:fixedbugs/issue28078.go	native				testdir	PASS	-	-	0.01
PASS	testdir:fixedbugs/issue28079a.go	compiled				testdir	PASS	-	-	0.04
PASS	testdir:fixedbugs/issue28079a.go	interpreted				testdir	PASS	-	-	0.01
PASS	testdir:fixedbugs/issue28079a.go	native				testdir	PASS	-	-	0.01
PASS	testdir:fixedbugs/issue28079b.go	compiled				testdir	PASS	-	-	0.01
PASS	testdir:fixedbugs/issue28079b.go	interpreted				testdir	PASS	-	-	0.01
PASS	testdir:fixedbugs/issue28079b.go	native				testdir	PASS	-	-	0.01
PASS	testdir:fixedbugs/issue28079c.go	compiled				testdir	PASS	-	-	0.01
PASS	testdir:fixedbugs/issue28079c.go	interpreted				testdir	PASS	-	-	0.01
PASS	testdir:fixedbugs/issue28079c.go	native				testdir	PASS	-	-	0.01
PASS	testdir:fixedbugs/issue28085.go	compiled				testdir	PASS	-	-	0.01
PASS	testdir:fixedbugs/issue28085.go	interpreted				testdir	PASS	-	-	0.01
PASS	testdir:fixedbugs/issue28085.go	native				testdir	PASS	-	-	0.01
PASS	testdir:fixedbugs/issue28268.go	compiled				testdir	PASS	-	-	0.01
PASS	testdir:fixedbugs/issue28268.go	interpreted				testdir	PASS	-	-	0.01
PASS	testdir:fixedbugs/issue28268.go	native				testdir	PASS	-	-	0.01
PASS	testdir:fixedbugs/issue28390.go	compiled				testdir	PASS	-	-	0.27
PASS	testdir:fixedbugs/issue28390.go	interpreted				testdir	PASS	-	-	0.89
PASS	testdir:fixedbugs/issue28390.go	native				testdir	PASS	-	-	0.07
PASS	testdir:fixedbugs/issue28430.go	compiled				testdir	PASS	-	-	0.05
PASS	testdir:fixedbugs/issue28430.go	interpreted				testdir	PASS	-	-	0.01
PASS	testdir:fixedbugs/issue28430.go	native				testdir	PASS	-	-	0.01
PASS	testdir:fixedbugs/issue28445.go	compiled				testdir	PASS	-	-	0.05
PASS	testdir:fixedbugs/issue28445.go	interpreted				testdir	PASS	-	-	0.01
PASS	testdir:fixedbugs/issue28445.go	native				testdir	PASS	-	-	0.01
PASS	testdir:fixedbugs/issue28450.go	compiled				testdir	PASS	-	-	0.01
PASS	testdir:fixedbugs/issue28450.go	interpreted				testdir	PASS	-	-	0.01
PASS	testdir:fixedbugs/issue28450.go	native				testdir	PASS	-	-	0.01
PASS	testdir:fixedbugs/issue28601.go	compiled				testdir	PASS	-	-	0.05
PASS	testdir:fixedbugs/issue28601.go	interpreted				testdir	PASS	-	-	0.01
PASS	testdir:fixedbugs/issue28601.go	native				testdir	PASS	-	-	0.01
PASS	testdir:fixedbugs/issue28616.go	compiled				testdir	PASS	-	-	0.05
PASS	testdir:fixedbugs/issue28616.go	interpreted				testdir	PASS	-	-	0.01
PASS	testdir:fixedbugs/issue28616.go	native				testdir	PASS	-	-	0.01
PASS	testdir:fixedbugs/issue28688.go	compiled				testdir	PASS	-	-	0.29
PASS	testdir:fixedbugs/issue28688.go	interpreted				testdir	PASS	-	-	0.88
PASS	testdir:fixedbugs/issue28688.go	native				testdir	PASS	-	-	0.11
PASS	testdir:fixedbugs/issue28748.go	compiled				testdir	PASS	-	-	0.39
PASS	testdir:fixedbugs/issue28748.go	interpreted				testdir	PASS	-	-	1.22
PASS	testdir:fixedbugs/issue28748.go	native				testdir	PASS	-	-	0.08
PASS	testdir:fixedbugs/issue28797.go	compiled				testdir	PASS	-	-	0.28
PASS	testdir:fixedbugs/issue28797.go	interpreted				testdir	PASS	-	-	0.87
PASS	testdir:fixedbugs/issue28797.go	native				testdir	PASS	-	-	0.07
PASS	testdir:fixedbugs/issue28926.go	compiled				testdir	PASS	-	-	0.01
PASS	testdir:fixedbugs/issue28926.go	interpreted				testdir	PASS	-	-	0.01
PASS	testdir:fixedbugs/issue28926.go	native				testdir	PASS	-	-	0.01
PASS	testdir:fixedbugs/issue29013a.go	compiled				testdir	PASS	-	-	0.15
PASS	testdir:fixedbugs/issue29013a.go	interpreted				testdir	PASS	-	-	0.02
PASS	testdir:fixedbugs/issue29013a.go	native				testdir	PASS	-	-	0.05
PASS	testdir:fixedbugs/issue29013b.go	compiled				testdir	PASS	-	-	0.15
PASS	testdir:fixedbugs/issue29013b.go	interpreted				testdir	PASS	-	-	0.02
PASS	testdir:fixedbugs/issue29013b.go	native				testdir	PASS	-	-	0.05
PASS	testdir:fixedbugs/issue29190.go	compiled				testdir	PASS	-	-	0.23
PASS	testdir:fixedbugs/issue29190.go	interpreted				testdir	PASS	-	-	0.84
PASS	testdir:fixedbugs/issue29190.go	native				testdir	PASS	-	-	0.06
PASS	testdir:fixedbugs/issue29215.go	compiled				testdir	PASS	-	-	0.04
PASS	testdir:fixedbugs/issue29215.go	interpreted				testdir	PASS	-	-	0.01
PASS	testdir:fixedbugs/issue29215.go	native				testdir	PASS	-	-	0.01
PASS	testdir:fixedbugs/issue29218.go	compiled				testdir	PASS	-	-	0.04
PASS	testdir:fixedbugs/issue29218.go	interpreted				testdir	PASS	-	-	0.01
PASS	testdir:fixedbugs/issue29218.go	native				testdir	PASS	-	-	0.01
PASS	testdir:fixedbugs/issue29220.go	compiled				testdir	PASS	-	-	0.06
PASS	testdir:fixedbugs/issue29220.go	interpreted				testdir	PASS	-	-	0.01
PASS	testdir:fixedbugs/issue29220.go	native				testdir	PASS	-	-	0.01
PASS	testdir:fixedbugs/issue29264.go	compiled				testdir	PASS	-	-	0.37
PASS	testdir:fixedbugs/issue29264.go	interpreted				testdir	PASS	-	-	1.03
PASS	testdir:fixedbugs/issue29264.go	native				testdir	PASS	-	-	0.1
PASS	testdir:fixedbugs/issue29304.go	compiled				testdir	PASS	-	-	0.21
PASS	testdir:fixedbugs/issue29304.go	interpreted				testdir	PASS	-	-	0.81
PASS	testdir:fixedbugs/issue29304.go	native				testdir	PASS	-	-	0.05
PASS	testdir:fixedbugs/issue29312.go	compiled				testdir	PASS	-	-	0.45
PASS	testdir:fixedbugs/issue29312.go	interpreted				testdir	PASS	-	-	1.19
PASS	testdir:fixedbugs/issue29312.go	native				testdir	PASS	-	-	0.24
PASS	testdir:fixedbugs/issue29329.go	compiled				testdir	PASS	-	-	1.35
PASS	testdir:fixedbugs/issue29329.go	interpreted				testdir	PASS	-	-	0.98
PASS	testdir:fixedbugs/issue29329.go	native				testdir	PASS	-	-	1.17
PASS	testdir:fixedbugs/issue29350.go	compiled				testdir	PASS	-	-	0.05
PASS	testdir:fixedbugs/issue29350.go	interpreted				testdir	PASS	-	-	0.01
PASS	testdir:fixedbugs/issue29350.go	native				testdir	PASS	-	-	0.01
PASS	testdir:fixedbugs/issue29362.go	compiled				testdir	PASS	-	-	0.16
PASS	testdir:fixedbugs/issue29362.go	interpreted	unsafe-reinterpretation	unsafe.Pointer memory reinterpretation: the interpreter has no native memory model		testdir	PASS	-	-	1.93
PASS	testdir:fixedbugs/issue29362.go	native				testdir	PASS	-	-	0.05
PASS	testdir:fixedbugs/issue29362b.go	compiled				testdir	PASS	-	-	0.16
PASS	testdir:fixedbugs/issue29362b.go	interpreted	unsafe-reinterpretation	unsafe.Pointer memory reinterpretation: the interpreter has no native memory model		testdir	PASS	-	-	1.93
PASS	testdir:fixedbugs/issue29362b.go	native				testdir	PASS	-	-	0.05
PASS	testdir:fixedbugs/issue29389.go	compiled				testdir	PASS	-	-	0.14
PASS	testdir:fixedbugs/issue29389.go	interpreted				testdir	PASS	-	-	0.06
PASS	testdir:fixedbugs/issue29389.go	native				testdir	PASS	-	-	0.01
PASS	testdir:fixedbugs/issue29402.go	compiled				testdir	PASS	-	-	0.14
PASS	testdir:fixedbugs/issue29402.go	interpreted				testdir	PASS	-	-	0.02
PASS	testdir:fixedbugs/issue29402.go	native				testdir	PASS	-	-	0.05
PASS	testdir:fixedbugs/issue29504.go	compiled				testdir	PASS	-	-	0.41
PASS	testdir:fixedbugs/issue29504.go	interpreted				testdir	PASS	-	-	1.26
PASS	testdir:fixedbugs/issue29504.go	native				testdir	PASS	-	-	0.07
PASS	testdir:fixedbugs/issue29562.go	compiled				testdir	PASS	-	-	0.05
PASS	testdir:fixedbugs/issue29562.go	interpreted				testdir	PASS	-	-	0.01
PASS	testdir:fixedbugs/issue29562.go	native				testdir	PASS	-	-	0.01
PASS	testdir:fixedbugs/issue29610.go	compiled				testdir	PASS	-	-	0.21
PASS	testdir:fixedbugs/issue29610.go	interpreted				testdir	PASS	-	-	0.04
PASS	testdir:fixedbugs/issue29610.go	native				testdir	PASS	-	-	0.07
PASS	testdir:fixedbugs/issue29612.go	compiled				testdir	PASS	-	-	0.39
PASS	testdir:fixedbugs/issue29612.go	interpreted				testdir	PASS	-	-	0.97
PASS	testdir:fixedbugs/issue29612.go	native				testdir	PASS	-	-	0.11
PASS	testdir:fixedbugs/issue29735.go	compiled				testdir	PASS	-	-	0.25
PASS	testdir:fixedbugs/issue29735.go	interpreted				testdir	PASS	-	-	0.83
PASS	testdir:fixedbugs/issue29735.go	native				testdir	PASS	-	-	0.05
PASS	testdir:fixedbugs/issue29855.go	compiled				testdir	PASS	-	-	0.01
PASS	testdir:fixedbugs/issue29855.go	interpreted				testdir	PASS	-	-	0.01
PASS	testdir:fixedbugs/issue29855.go	native				testdir	PASS	-	-	0.01
PASS	testdir:fixedbugs/issue29870.go	compiled				testdir	PASS	-	-	0.09
PASS	testdir:fixedbugs/issue29870.go	interpreted				testdir	PASS	-	-	0.06
PASS	testdir:fixedbugs/issue29870.go	native				testdir	PASS	-	-	0.01
PASS	testdir:fixedbugs/issue29870b.go	compiled				testdir	PASS	-	-	0.01
PASS	testdir:fixedbugs/issue29870b.go	interpreted				testdir	PASS	-	-	0.01
PASS	testdir:fixedbugs/issue29870b.go	native				testdir	PASS	-	-	0.01
PASS	testdir:fixedbugs/issue29919.go	compiled				testdir	PASS	-	-	0.37
PASS	testdir:fixedbugs/issue29919.go	interpreted				testdir	PASS	-	-	1.25
PASS	testdir:fixedbugs/issue29919.go	native				testdir	PASS	-	-	0.09
PASS	testdir:fixedbugs/issue29943.go	compiled				testdir	PASS	-	-	0.16
PASS	testdir:fixedbugs/issue29943.go	interpreted				testdir	PASS	-	-	0.02
PASS	testdir:fixedbugs/issue29943.go	native				testdir	PASS	-	-	0.05
PASS	testdir:fixedbugs/issue30041.go	compiled				testdir	PASS	-	-	0.29
PASS	testdir:fixedbugs/issue30041.go	interpreted	unsafe-reinterpretation	unsafe.Pointer memory reinterpretation: the interpreter has no native memory model		testdir	PASS	-	-	2.01
PASS	testdir:fixedbugs/issue30041.go	native				testdir	PASS	-	-	0.07
PASS	testdir:fixedbugs/issue30061.go	compiled				testdir	PASS	-	-	0.04
PASS	testdir:fixedbugs/issue30061.go	interpreted				testdir	PASS	-	-	0.01
PASS	testdir:fixedbugs/issue30061.go	native				testdir	PASS	-	-	0.01
PASS	testdir:fixedbugs/issue30085.go	compiled				testdir	PASS	-	-	0.01
PASS	testdir:fixedbugs/issue30085.go	interpreted				testdir	PASS	-	-	0.01
PASS	testdir:fixedbugs/issue30085.go	native				testdir	PASS	-	-	0.01
PASS	testdir:fixedbugs/issue30087.go	compiled				testdir	PASS	-	-	0.01
PASS	testdir:fixedbugs/issue30087.go	interpreted				testdir	PASS	-	-	0.01
PASS	testdir:fixedbugs/issue30087.go	native				testdir	PASS	-	-	0.01
PASS	testdir:fixedbugs/issue30116.go	compiled				testdir	PASS	-	-	0.45
PASS	testdir:fixedbugs/issue30116.go	interpreted				testdir	PASS	-	-	1.5
PASS	testdir:fixedbugs/issue30116.go	native				testdir	PASS	-	-	0.08
PASS	testdir:fixedbugs/issue30116u.go	compiled				testdir	PASS	-	-	0.45
PASS	testdir:fixedbugs/issue30116u.go	interpreted				testdir	PASS	-	-	1.73
PASS	testdir:fixedbugs/issue30116u.go	native				testdir	PASS	-	-	0.08
PASS	testdir:fixedbugs/issue30243.go	compiled				testdir	PASS	-	-	0.28
PASS	testdir:fixedbugs/issue30243.go	interpreted				testdir	PASS	-	-	0.99
PASS	testdir:fixedbugs/issue30243.go	native				testdir	PASS	-	-	0.06
PASS	testdir:fixedbugs/issue30430.go	compiled				testdir	PASS	-	-	0.05
PASS	testdir:fixedbugs/issue30430.go	interpreted				testdir	PASS	-	-	0.02
PASS	testdir:fixedbugs/issue30430.go	native				testdir	PASS	-	-	0.01
PASS	testdir:fixedbugs/issue30476.go	compiled				testdir	PASS	-	-	0.25
PASS	testdir:fixedbugs/issue30476.go	interpreted	gc-observation	runtime.SetFinalizer+runtime.GC on interpreter-owned values: D7's ground (165 D9)		testdir	PASS	-	-	1.04
PASS	testdir:fixedbugs/issue30476.go	native				testdir	PASS	-	-	0.05
PASS	testdir:fixedbugs/issue30566a.go	compiled				testdir	PASS	-	-	0.32
PASS	testdir:fixedbugs/issue30566a.go	interpreted				testdir	PASS	-	-	1
PASS	testdir:fixedbugs/issue30566a.go	native				testdir	PASS	-	-	0.07
PASS	testdir:fixedbugs/issue30566b.go	compiled				testdir	PASS	-	-	0.41
PASS	testdir:fixedbugs/issue30566b.go	interpreted				testdir	PASS	-	-	1.26
PASS	testdir:fixedbugs/issue30566b.go	native				testdir	PASS	-	-	0.07
PASS	testdir:fixedbugs/issue30606.go	compiled				testdir	PASS	-	-	0.25
PASS	testdir:fixedbugs/issue30606.go	interpreted				testdir	PASS	-	-	0.97
PASS	testdir:fixedbugs/issue30606.go	native				testdir	PASS	-	-	0.07
PASS	testdir:fixedbugs/issue30606b.go	compiled				testdir	PASS	-	-	0.27
PASS	testdir:fixedbugs/issue30606b.go	interpreted				testdir	PASS	-	-	0.98
PASS	testdir:fixedbugs/issue30606b.go	native				testdir	PASS	-	-	0.07
PASS	testdir:fixedbugs/issue30659.go	compiled				testdir	PASS	-	-	0.09
PASS	testdir:fixedbugs/issue30659.go	interpreted				testdir	PASS	-	-	0.03
PASS	testdir:fixedbugs/issue30659.go	native				testdir	PASS	-	-	0.02
PASS	testdir:fixedbugs/issue30679.go	compiled				testdir	PASS	-	-	0.06
PASS	testdir:fixedbugs/issue30679.go	interpreted				testdir	PASS	-	-	0.01
PASS	testdir:fixedbugs/issue30679.go	native				testdir	PASS	-	-	0.01
PASS	testdir:fixedbugs/issue30709.go	compiled				testdir	PASS	-	-	0.14
PASS	testdir:fixedbugs/issue30709.go	interpreted				testdir	PASS	-	-	0.71
PASS	testdir:fixedbugs/issue30709.go	native				testdir	PASS	-	-	0.05
PASS	testdir:fixedbugs/issue30722.go	compiled				testdir	PASS	-	-	0.01
PASS	testdir:fixedbugs/issue30722.go	interpreted				testdir	PASS	-	-	0.01
PASS	testdir:fixedbugs/issue30722.go	native				testdir	PASS	-	-	0.01
PASS	testdir:fixedbugs/issue30862.go	compiled				testdir	PASS	-	-	0.4
PASS	testdir:fixedbugs/issue30862.go	interpreted				testdir	PASS	-	-	4.67
PASS	testdir:fixedbugs/issue30862.go	native				testdir	PASS	-	-	1.61
PASS	testdir:fixedbugs/issue30898.go	compiled				testdir	PASS	-	-	0.05
EXCLUDED	testdir:fixedbugs/issue30898.go	interpreted	compiler-diagnostic	test asserts gc optimizer output (-m/-d=); an interpreter has no optimizer to report on	testdir_test.go:153: Bash++ backend unsupported: optimizer diagnostics are a compiler artifact; the check interface has no inlining, escape-analysis or SSA meaning	testdir	FAIL	CATALOG	EXCLUDED	0
PASS	testdir:fixedbugs/issue30898.go	native				testdir	PASS	-	-	0.01
PASS	testdir:fixedbugs/issue30907.go	compiled				testdir	PASS	-	-	0.1
PASS	testdir:fixedbugs/issue30907.go	interpreted				testdir	PASS	-	-	0.03
PASS	testdir:fixedbugs/issue30907.go	native				testdir	PASS	-	-	0.02
PASS	testdir:fixedbugs/issue30908.go	compiled				testdir	PASS	-	-	0.61
PASS	testdir:fixedbugs/issue30908.go	interpreted				testdir	PASS	-	-	2.01
PASS	testdir:fixedbugs/issue30908.go	native				testdir	PASS	-	-	0.12
PASS	testdir:fixedbugs/issue30956.go	compiled				testdir	PASS	-	-	0.27
PASS	testdir:fixedbugs/issue30956.go	interpreted				testdir	PASS	-	-	1.11
PASS	testdir:fixedbugs/issue30956.go	native				testdir	PASS	-	-	0.06
PASS	testdir:fixedbugs/issue30977.go	compiled				testdir	PASS	-	-	0.24
PASS	testdir:fixedbugs/issue30977.go	interpreted				testdir	PASS	-	-	1.03
PASS	testdir:fixedbugs/issue30977.go	native				testdir	PASS	-	-	0.06
PASS	testdir:fixedbugs/issue31010.go	compiled				testdir	PASS	-	-	0.06
PASS	testdir:fixedbugs/issue31010.go	interpreted				testdir	PASS	-	-	0.01
PASS	testdir:fixedbugs/issue31010.go	native				testdir	PASS	-	-	0.01
PASS	testdir:fixedbugs/issue31053.go	compiled				testdir	PASS	-	-	0.07
PASS	testdir:fixedbugs/issue31053.go	interpreted				testdir	PASS	-	-	0.03
PASS	testdir:fixedbugs/issue31053.go	native				testdir	PASS	-	-	0.02
PASS	testdir:fixedbugs/issue31060.go	compiled				testdir	PASS	-	-	0.01
PASS	testdir:fixedbugs/issue31060.go	interpreted				testdir	PASS	-	-	0.01
PASS	testdir:fixedbugs/issue31060.go	native				testdir	PASS	-	-	0.01
PASS	testdir:fixedbugs/issue31252.go	compiled				testdir	PASS	-	-	0.44
PASS	testdir:fixedbugs/issue31252.go	interpreted				testdir	PASS	-	-	0.32
PASS	testdir:fixedbugs/issue31252.go	native				testdir	PASS	-	-	0.05
PASS	testdir:fixedbugs/issue31412a.go	compiled				testdir	PASS	-	-	0.06
PASS	testdir:fixedbugs/issue31412a.go	interpreted				testdir	PASS	-	-	0.02
PASS	testdir:fixedbugs/issue31412a.go	native				testdir	PASS	-	-	0.01
PASS	testdir:fixedbugs/issue31412b.go	compiled				testdir	PASS	-	-	0.01
PASS	testdir:fixedbugs/issue31412b.go	interpreted				testdir	PASS	-	-	0.01
PASS	testdir:fixedbugs/issue31412b.go	native				testdir	PASS	-	-	0.01
PASS	testdir:fixedbugs/issue31419.go	compiled				testdir	PASS	-	-	0.17
PASS	testdir:fixedbugs/issue31419.go	interpreted				testdir	PASS	-	-	0.93
PASS	testdir:fixedbugs/issue31419.go	native				testdir	PASS	-	-	0.06
PASS	testdir:fixedbugs/issue31546.go	compiled				testdir	PASS	-	-	0.27
PASS	testdir:fixedbugs/issue31546.go	interpreted				testdir	PASS	-	-	1.02
PASS	testdir:fixedbugs/issue31546.go	native				testdir	PASS	-	-	0.07
PASS	testdir:fixedbugs/issue31573.go	compiled				testdir	PASS	-	-	0.05
EXCLUDED	testdir:fixedbugs/issue31573.go	interpreted	compiler-diagnostic	test asserts gc optimizer output (-m/-d=); an interpreter has no optimizer to report on	testdir_test.go:153: Bash++ backend unsupported: optimizer diagnostics are a compiler artifact; the check interface has no inlining, escape-analysis or SSA meaning	testdir	FAIL	CATALOG	EXCLUDED	0
PASS	testdir:fixedbugs/issue31573.go	native				testdir	PASS	-	-	0.02
PASS	testdir:fixedbugs/issue31636.go	compiled				testdir	PASS	-	-	0.24
PASS	testdir:fixedbugs/issue31636.go	interpreted				testdir	PASS	-	-	0.06
PASS	testdir:fixedbugs/issue31636.go	native				testdir	PASS	-	-	0.09
PASS	testdir:fixedbugs/issue31637.go	compiled				testdir	PASS	-	-	0.1
PASS	testdir:fixedbugs/issue31637.go	interpreted				testdir	PASS	-	-	0.03
PASS	testdir:fixedbugs/issue31637.go	native				testdir	PASS	-	-	0.02
PASS	testdir:fixedbugs/issue31747.go	compiled				testdir	PASS	-	-	0.01
PASS	testdir:fixedbugs/issue31747.go	interpreted				testdir	PASS	-	-	0.01
PASS	testdir:fixedbugs/issue31747.go	native				testdir	PASS	-	-	0.01
PASS	testdir:fixedbugs/issue31777.go	compiled				testdir	PASS	-	-	0.06
PASS	testdir:fixedbugs/issue31777.go	interpreted				testdir	PASS	-	-	0.01
PASS	testdir:fixedbugs/issue31777.go	native				testdir	PASS	-	-	0.01
PASS	testdir:fixedbugs/issue31782.go	compiled				testdir	PASS	-	-	0.17
PASS	testdir:fixedbugs/issue31782.go	interpreted				testdir	PASS	-	-	0.02
PASS	testdir:fixedbugs/issue31782.go	native				testdir	PASS	-	-	0.06
PASS	testdir:fixedbugs/issue31915.go	compiled				testdir	PASS	-	-	0.07
PASS	testdir:fixedbugs/issue31915.go	interpreted				testdir	PASS	-	-	0.01
PASS	testdir:fixedbugs/issue31915.go	native				testdir	PASS	-	-	0.01
PASS	testdir:fixedbugs/issue31959.go	compiled				testdir	PASS	-	-	0.21
PASS	testdir:fixedbugs/issue31959.go	interpreted				testdir	PASS	-	-	1.08
PASS	testdir:fixedbugs/issue31959.go	native				testdir	PASS	-	-	0.07
PASS	testdir:fixedbugs/issue31987.go	compiled				testdir	PASS	-	-	0.29
PASS	testdir:fixedbugs/issue31987.go	interpreted				testdir	PASS	-	-	1.02
PASS	testdir:fixedbugs/issue31987.go	native				testdir	PASS	-	-	0.06
PASS	testdir:fixedbugs/issue32133.go	compiled				testdir	PASS	-	-	0.02
PASS	testdir:fixedbugs/issue32133.go	interpreted				testdir	PASS	-	-	0.01
PASS	testdir:fixedbugs/issue32133.go	native				testdir	PASS	-	-	0.01
PASS	testdir:fixedbugs/issue32175.go	compiled				testdir	PASS	-	-	0.16
PASS	testdir:fixedbugs/issue32175.go	interpreted				testdir	PASS	-	-	0.03
PASS	testdir:fixedbugs/issue32175.go	native				testdir	PASS	-	-	0.05
PASS	testdir:fixedbugs/issue32187.go	compiled				testdir	PASS	-	-	0.42
PASS	testdir:fixedbugs/issue32187.go	interpreted				testdir	PASS	-	-	1.24
PASS	testdir:fixedbugs/issue32187.go	native				testdir	PASS	-	-	0.07
PASS	testdir:fixedbugs/issue32288.go	compiled				testdir	PASS	-	-	0.16
PASS	testdir:fixedbugs/issue32288.go	interpreted				testdir	PASS	-	-	0.03
PASS	testdir:fixedbugs/issue32288.go	native				testdir	PASS	-	-	0.05
PASS	testdir:fixedbugs/issue32347.go	compiled				testdir	PASS	-	-	0.05
PASS	testdir:fixedbugs/issue32347.go	interpreted				testdir	PASS	-	-	0.01
PASS	testdir:fixedbugs/issue32347.go	native				testdir	PASS	-	-	0.01
PASS	testdir:fixedbugs/issue32454.go	compiled				testdir	PASS	-	-	0.05
PASS	testdir:fixedbugs/issue32454.go	interpreted				testdir	PASS	-	-	0.01
PASS	testdir:fixedbugs/issue32454.go	native				testdir	PASS	-	-	0.01
PASS	testdir:fixedbugs/issue32477.go	compiled				testdir	PASS	-	-	0.26
EXCLUDED	testdir:fixedbugs/issue32477.go	interpreted	gc-observation	runtime.SetFinalizer+runtime.GC on interpreter-owned values: D7's ground (165 D9)	testdir_test.go:153: exit status 2	testdir	FAIL	CATALOG	EXCLUDED	0.94
PASS	testdir:fixedbugs/issue32477.go	native				testdir	PASS	-	-	0.07
PASS	testdir:fixedbugs/issue32560.go	compiled				testdir	PASS	-	-	0.17
PASS	testdir:fixedbugs/issue32560.go	interpreted				testdir	PASS	-	-	0.02
PASS	testdir:fixedbugs/issue32560.go	native				testdir	PASS	-	-	0.05
PASS	testdir:fixedbugs/issue32595.go	compiled				testdir	PASS	-	-	0.3
PASS	testdir:fixedbugs/issue32595.go	interpreted				testdir	PASS	-	-	1.04
PASS	testdir:fixedbugs/issue32595.go	native				testdir	PASS	-	-	0.08
PASS	testdir:fixedbugs/issue32680.go	compiled				testdir	PASS	-	-	0.17
PASS	testdir:fixedbugs/issue32680.go	interpreted				testdir	PASS	-	-	0.03
PASS	testdir:fixedbugs/issue32680.go	native				testdir	PASS	-	-	0.08
PASS	testdir:fixedbugs/issue32680b.go	compiled				testdir	PASS	-	-	0.05
PASS	testdir:fixedbugs/issue32680b.go	interpreted				testdir	PASS	-	-	0.02
PASS	testdir:fixedbugs/issue32680b.go	native				testdir	PASS	-	-	0.01
PASS	testdir:fixedbugs/issue32723.go	compiled				testdir	PASS	-	-	0.01
PASS	testdir:fixedbugs/issue32723.go	interpreted				testdir	PASS	-	-	0.02
PASS	testdir:fixedbugs/issue32723.go	native				testdir	PASS	-	-	0.01
PASS	testdir:fixedbugs/issue32778.go	compiled				testdir	PASS	-	-	0.21
PASS	testdir:fixedbugs/issue32778.go	interpreted				testdir	PASS	-	-	0.13
PASS	testdir:fixedbugs/issue32778.go	native				testdir	PASS	-	-	0.02
PASS	testdir:fixedbugs/issue32901.go	compiled				testdir	PASS	-	-	0.3
PASS	testdir:fixedbugs/issue32901.go	interpreted				testdir	PASS	-	-	1.05
PASS	testdir:fixedbugs/issue32901.go	native				testdir	PASS	-	-	0.1
PASS	testdir:fixedbugs/issue32922.go	compiled				testdir	PASS	-	-	0.11
PASS	testdir:fixedbugs/issue32922.go	interpreted				testdir	PASS	-	-	0.02
PASS	testdir:fixedbugs/issue32922.go	native				testdir	PASS	-	-	0.02
PASS	testdir:fixedbugs/issue32959.go	compiled				testdir	PASS	-	-	0.05
PASS	testdir:fixedbugs/issue32959.go	interpreted				testdir	PASS	-	-	0.01
PASS	testdir:fixedbugs/issue32959.go	native				testdir	PASS	-	-	0.01
PASS	testdir:fixedbugs/issue33013.go	compiled				testdir	PASS	-	-	0.21
PASS	testdir:fixedbugs/issue33013.go	interpreted				testdir	PASS	-	-	0.05
PASS	testdir:fixedbugs/issue33013.go	native				testdir	PASS	-	-	0.04
PASS	testdir:fixedbugs/issue33020.go	compiled				testdir	PASS	-	-	0.12
PASS	testdir:fixedbugs/issue33020.go	interpreted				testdir	PASS	-	-	0.03
PASS	testdir:fixedbugs/issue33020.go	native				testdir	PASS	-	-	0.02
PASS	testdir:fixedbugs/issue33020a.go	compiled				testdir	PASS	-	-	0.11
PASS	testdir:fixedbugs/issue33020a.go	interpreted				testdir	PASS	-	-	0.03
PASS	testdir:fixedbugs/issue33020a.go	native				testdir	PASS	-	-	0.02
PASS	testdir:fixedbugs/issue33062.go	compiled				testdir	PASS	-	-	0.15
PASS	testdir:fixedbugs/issue33062.go	interpreted				testdir	PASS	-	-	0.02
PASS	testdir:fixedbugs/issue33062.go	native				testdir	PASS	-	-	0.04
PASS	testdir:fixedbugs/issue33158.go	compiled				testdir	PASS	-	-	0.1
PASS	testdir:fixedbugs/issue33158.go	interpreted				testdir	PASS	-	-	0.03
PASS	testdir:fixedbugs/issue33158.go	native				testdir	PASS	-	-	0.02
PASS	testdir:fixedbugs/issue33219.go	compiled				testdir	PASS	-	-	0.15
PASS	testdir:fixedbugs/issue33219.go	interpreted				testdir	PASS	-	-	0.05
PASS	testdir:fixedbugs/issue33219.go	native				testdir	PASS	-	-	0.03
SKIP	testdir:fixedbugs/issue33275.go	compiled			testdir_test.go:565: skip	testdir	SKIP	-	-	0
SKIP	testdir:fixedbugs/issue33275.go	interpreted			testdir_test.go:565: skip	testdir	SKIP	-	-	0
SKIP	testdir:fixedbugs/issue33275.go	native			testdir_test.go:565: skip	testdir	SKIP	-	-	0
PASS	testdir:fixedbugs/issue33275_run.go	compiled				testdir	PASS	-	-	0.43
PASS	testdir:fixedbugs/issue33275_run.go	interpreted				testdir	PASS	-	-	1.3
PASS	testdir:fixedbugs/issue33275_run.go	native				testdir	PASS	-	-	0.25
PASS	testdir:fixedbugs/issue33308.go	compiled				testdir	PASS	-	-	0.01
PASS	testdir:fixedbugs/issue33308.go	interpreted				testdir	PASS	-	-	0.01
PASS	testdir:fixedbugs/issue33308.go	native				testdir	PASS	-	-	0.01
PASS	testdir:fixedbugs/issue33355.go	compiled				testdir	PASS	-	-	0.18
PASS	testdir:fixedbugs/issue33355.go	interpreted				testdir	PASS	-	-	0.06
PASS	testdir:fixedbugs/issue33355.go	native				testdir	PASS	-	-	0.05
PASS	testdir:fixedbugs/issue33386.go	compiled				testdir	PASS	-	-	0.01
PASS	testdir:fixedbugs/issue33386.go	interpreted				testdir	PASS	-	-	0.01
PASS	testdir:fixedbugs/issue33386.go	native				testdir	PASS	-	-	0.01
PASS	testdir:fixedbugs/issue33438.go	compiled				testdir	PASS	-	-	0.04
PASS	testdir:fixedbugs/issue33438.go	interpreted				testdir	PASS	-	-	0.01
PASS	testdir:fixedbugs/issue33438.go	native				testdir	PASS	-	-	0.01
PASS	testdir:fixedbugs/issue33460.go	compiled				testdir	PASS	-	-	0.01
PASS	testdir:fixedbugs/issue33460.go	interpreted				testdir	PASS	-	-	0.01
PASS	testdir:fixedbugs/issue33460.go	native				testdir	PASS	-	-	0.01
PASS	testdir:fixedbugs/issue33555.go	compiled				testdir	PASS	-	-	0.75
PASS	testdir:fixedbugs/issue33555.go	interpreted				testdir	PASS	-	-	2.5
PASS	testdir:fixedbugs/issue33555.go	native				testdir	PASS	-	-	0.19
PASS	testdir:fixedbugs/issue33724.go	compiled				testdir	PASS	-	-	0.41
PASS	testdir:fixedbugs/issue33724.go	interpreted				testdir	PASS	-	FIXED	1.45
PASS	testdir:fixedbugs/issue33724.go	native				testdir	PASS	-	-	0.06
PASS	testdir:fixedbugs/issue33739.go	compiled				testdir	PASS	-	-	0.14
PASS	testdir:fixedbugs/issue33739.go	interpreted				testdir	PASS	-	-	0.04
PASS	testdir:fixedbugs/issue33739.go	native				testdir	PASS	-	-	0.06
PASS	testdir:fixedbugs/issue33866.go	compiled				testdir	PASS	-	-	0.09
PASS	testdir:fixedbugs/issue33866.go	interpreted				testdir	PASS	-	-	0.03
PASS	testdir:fixedbugs/issue33866.go	native				testdir	PASS	-	-	0.02
PASS	testdir:fixedbugs/issue33903.go	compiled				testdir	PASS	-	-	0.05
PASS	testdir:fixedbugs/issue33903.go	interpreted				testdir	PASS	-	-	0.01
PASS	testdir:fixedbugs/issue33903.go	native				testdir	PASS	-	-	0.01
PASS	testdir:fixedbugs/issue34123.go	compiled				testdir	PASS	-	-	0.32
PASS	testdir:fixedbugs/issue34123.go	interpreted				testdir	PASS	-	-	1.16
PASS	testdir:fixedbugs/issue34123.go	native				testdir	PASS	-	-	0.07
PASS	testdir:fixedbugs/issue34329.go	compiled				testdir	PASS	-	-	0.01
PASS	testdir:fixedbugs/issue34329.go	interpreted				testdir	PASS	-	-	0.01
PASS	testdir:fixedbugs/issue34329.go	native				testdir	PASS	-	-	0.01
PASS	testdir:fixedbugs/issue34395.go	compiled				testdir	PASS	-	-	0.38
PASS	testdir:fixedbugs/issue34395.go	interpreted				testdir	PASS	-	-	1.49
PASS	testdir:fixedbugs/issue34395.go	native				testdir	PASS	-	-	0.18
PASS	testdir:fixedbugs/issue34503.go	compiled				testdir	PASS	-	-	0.09
PASS	testdir:fixedbugs/issue34503.go	interpreted				testdir	PASS	-	-	0.03
PASS	testdir:fixedbugs/issue34503.go	native				testdir	PASS	-	-	0.02
PASS	testdir:fixedbugs/issue34520.go	compiled				testdir	PASS	-	-	0.04
PASS	testdir:fixedbugs/issue34520.go	interpreted				testdir	PASS	-	-	0.01
PASS	testdir:fixedbugs/issue34520.go	native				testdir	PASS	-	-	0.01
PASS	testdir:fixedbugs/issue34577.go	compiled				testdir	PASS	-	-	0.11
PASS	testdir:fixedbugs/issue34577.go	interpreted				testdir	PASS	-	-	0.03
PASS	testdir:fixedbugs/issue34577.go	native				testdir	PASS	-	-	0.02
PASS	testdir:fixedbugs/issue34723.go	compiled				testdir	PASS	-	-	0.06
EXCLUDED	testdir:fixedbugs/issue34723.go	interpreted	compiler-diagnostic	test asserts gc optimizer output (-m/-d=); an interpreter has no optimizer to report on	testdir_test.go:153: Bash++ backend unsupported: optimizer diagnostics are a compiler artifact; the check interface has no inlining, escape-analysis or SSA meaning	testdir	FAIL	CATALOG	EXCLUDED	0
PASS	testdir:fixedbugs/issue34723.go	native				testdir	PASS	-	-	0.01
PASS	testdir:fixedbugs/issue34966.go	compiled				testdir	PASS	-	-	0.06
PASS	testdir:fixedbugs/issue34966.go	interpreted				testdir	PASS	-	-	0.02
PASS	testdir:fixedbugs/issue34966.go	native				testdir	PASS	-	-	0.01
PASS	testdir:fixedbugs/issue34968.go	compiled	cgo	import \C\" / //go:build cgo: the pure-Go product declares cgo out of scope"		testdir	PASS	-	-	0.56
PASS	testdir:fixedbugs/issue34968.go	interpreted	cgo	import \C\" / //go:build cgo: the pure-Go product declares cgo out of scope"		testdir	PASS	-	-	1.25
PASS	testdir:fixedbugs/issue34968.go	native				testdir	PASS	-	-	0.73
PASS	testdir:fixedbugs/issue35027.go	compiled				testdir	PASS	-	-	0.27
EXCLUDED	testdir:fixedbugs/issue35027.go	interpreted	unsafe-reinterpretation	unsafe.Pointer memory reinterpretation: the interpreter has no native memory model	testdir_test.go:153: exit status 2	testdir	FAIL	CATALOG	EXCLUDED	0.97
PASS	testdir:fixedbugs/issue35027.go	native				testdir	PASS	-	-	0.08
PASS	testdir:fixedbugs/issue35073a.go	compiled				testdir	PASS	-	-	0.29
PASS	testdir:fixedbugs/issue35073a.go	interpreted				testdir	PASS	-	-	0.97
PASS	testdir:fixedbugs/issue35073a.go	native				testdir	PASS	-	-	0.1
PASS	testdir:fixedbugs/issue35073b.go	compiled				testdir	PASS	-	-	0.18
EXCLUDED	testdir:fixedbugs/issue35073b.go	interpreted	compiler-diagnostic	test asserts gc optimizer output (-m/-d=); an interpreter has no optimizer to report on	testdir_test.go:153: Bash++ backend unsupported: optimizer diagnostics are a compiler artifact; the check interface has no inlining, escape-analysis or SSA meaning	testdir	FAIL	CATALOG	EXCLUDED	0
PASS	testdir:fixedbugs/issue35073b.go	native				testdir	PASS	-	-	0.04
PASS	testdir:fixedbugs/issue35157.go	compiled				testdir	PASS	-	-	0.05
PASS	testdir:fixedbugs/issue35157.go	interpreted				testdir	PASS	-	-	0.01
PASS	testdir:fixedbugs/issue35157.go	native				testdir	PASS	-	-	0.01
PASS	testdir:fixedbugs/issue35291.go	compiled				testdir	PASS	-	-	0.01
PASS	testdir:fixedbugs/issue35291.go	interpreted				testdir	PASS	-	-	0.01
PASS	testdir:fixedbugs/issue35291.go	native				testdir	PASS	-	-	0.01
PASS	testdir:fixedbugs/issue35518.go	compiled				testdir	PASS	-	-	0.05
EXCLUDED	testdir:fixedbugs/issue35518.go	interpreted	compiler-diagnostic	test asserts gc optimizer output (-m/-d=); an interpreter has no optimizer to report on	testdir_test.go:153: Bash++ backend unsupported: optimizer diagnostics are a compiler artifact; the check interface has no inlining, escape-analysis or SSA meaning	testdir	FAIL	CATALOG	EXCLUDED	0
PASS	testdir:fixedbugs/issue35518.go	native				testdir	PASS	-	-	0.01
PASS	testdir:fixedbugs/issue3552.go	compiled				testdir	PASS	-	-	0.09
PASS	testdir:fixedbugs/issue3552.go	interpreted				testdir	PASS	-	-	0.03
PASS	testdir:fixedbugs/issue3552.go	native				testdir	PASS	-	-	0.02
PASS	testdir:fixedbugs/issue35576.go	compiled				testdir	PASS	-	-	0.13
PASS	testdir:fixedbugs/issue35576.go	interpreted				testdir	PASS	-	-	0.03
PASS	testdir:fixedbugs/issue35576.go	native				testdir	PASS	-	-	0.05
PASS	testdir:fixedbugs/issue35586.go	compiled				testdir	PASS	-	-	0.09
PASS	testdir:fixedbugs/issue35586.go	interpreted				testdir	PASS	-	-	0.03
PASS	testdir:fixedbugs/issue35586.go	native				testdir	PASS	-	-	0.02
PASS	testdir:fixedbugs/issue35652.go	compiled				testdir	PASS	-	-	0.05
PASS	testdir:fixedbugs/issue35652.go	interpreted				testdir	PASS	-	-	0.01
PASS	testdir:fixedbugs/issue35652.go	native				testdir	PASS	-	-	0.01
PASS	testdir:fixedbugs/issue35739.go	compiled				testdir	PASS	-	-	0.1
PASS	testdir:fixedbugs/issue35739.go	interpreted				testdir	PASS	-	-	0.02
PASS	testdir:fixedbugs/issue35739.go	native				testdir	PASS	-	-	0.02
PASS	testdir:fixedbugs/issue36085.go	compiled				testdir	PASS	-	-	0.1
PASS	testdir:fixedbugs/issue36085.go	interpreted				testdir	PASS	-	-	0.02
PASS	testdir:fixedbugs/issue36085.go	native				testdir	PASS	-	-	0.02
PASS	testdir:fixedbugs/issue36259.go	compiled				testdir	PASS	-	-	0.05
PASS	testdir:fixedbugs/issue36259.go	interpreted				testdir	PASS	-	-	0.01
PASS	testdir:fixedbugs/issue36259.go	native				testdir	PASS	-	-	0.01
PASS	testdir:fixedbugs/issue36437.go	compiled				testdir	PASS	-	-	0.56
PASS	testdir:fixedbugs/issue36437.go	interpreted				testdir	PASS	-	-	1.92
PASS	testdir:fixedbugs/issue36437.go	native				testdir	PASS	-	-	0.11
PASS	testdir:fixedbugs/issue36516.go	compiled				testdir	PASS	-	-	2.02
EXCLUDED	testdir:fixedbugs/issue36516.go	interpreted	gc-observation	testing.AllocsPerRun retained callback (165 D9)	testdir_test.go:153: exit status 2	testdir	FAIL	CATALOG	EXCLUDED	1.38
PASS	testdir:fixedbugs/issue36516.go	native				testdir	PASS	-	-	6.71
PASS	testdir:fixedbugs/issue36705.go	compiled	cgo	import \C\" / //go:build cgo: the pure-Go product declares cgo out of scope"		testdir	PASS	-	-	1.48
EXCLUDED	testdir:fixedbugs/issue36705.go	interpreted	cgo	import \C\" / //go:build cgo: the pure-Go product declares cgo out of scope"	testdir_test.go:153: exit status 1	testdir	FAIL	CATALOG	EXCLUDED	0.44
PASS	testdir:fixedbugs/issue36705.go	native				testdir	PASS	-	-	0.39
PASS	testdir:fixedbugs/issue36723.go	compiled				testdir	PASS	-	-	0.05
PASS	testdir:fixedbugs/issue36723.go	interpreted				testdir	PASS	-	-	0.01
PASS	testdir:fixedbugs/issue36723.go	native				testdir	PASS	-	-	0.01
PASS	testdir:fixedbugs/issue3705.go	compiled				testdir	PASS	-	-	0.01
PASS	testdir:fixedbugs/issue3705.go	interpreted				testdir	PASS	-	-	0.01
PASS	testdir:fixedbugs/issue3705.go	native				testdir	PASS	-	-	0.01
PASS	testdir:fixedbugs/issue37246.go	compiled				testdir	PASS	-	-	0.05
PASS	testdir:fixedbugs/issue37246.go	interpreted				testdir	PASS	-	-	0.01
PASS	testdir:fixedbugs/issue37246.go	native				testdir	PASS	-	-	0.01
PASS	testdir:fixedbugs/issue37513.go	compiled				testdir	PASS	-	-	0.31
EXCLUDED	testdir:fixedbugs/issue37513.go	interpreted	assembly-input	tests the gc toolchain itself, not Go language behaviour: a buildrundir test with an amd64 assembly source that raises SIGILL deliberately	testdir_test.go:153: Bash++ backend unsupported generate phase: compile input "/SRV is not a Go source file	testdir	FAIL	CATALOG	EXCLUDED-NEW	0
PASS	testdir:fixedbugs/issue37513.go	native				testdir	PASS	-	-	0.13
PASS	testdir:fixedbugs/issue37716.go	compiled				testdir	PASS	-	-	0.24
PASS	testdir:fixedbugs/issue37716.go	interpreted				testdir	PASS	-	-	0.97
PASS	testdir:fixedbugs/issue37716.go	native				testdir	PASS	-	-	0.06
PASS	testdir:fixedbugs/issue37753.go	compiled				testdir	PASS	-	-	0.14
PASS	testdir:fixedbugs/issue37753.go	interpreted				testdir	PASS	-	-	0.03
PASS	testdir:fixedbugs/issue37753.go	native				testdir	PASS	-	-	0.04
PASS	testdir:fixedbugs/issue3783.go	compiled				testdir	PASS	-	-	0.01
PASS	testdir:fixedbugs/issue3783.go	interpreted				testdir	PASS	-	-	0.02
PASS	testdir:fixedbugs/issue3783.go	native				testdir	PASS	-	-	0.01
PASS	testdir:fixedbugs/issue37837.go	compiled				testdir	PASS	-	-	0.23
EXCLUDED	testdir:fixedbugs/issue37837.go	interpreted	compiler-diagnostic	errorcheck row expects gc inlining/intrinsic diagnostics; an interpreter has none	testdir_test.go:1278: gc output:	testdir	FAIL	CATALOG	EXCLUDED	0.01
PASS	testdir:fixedbugs/issue37837.go	native				testdir	PASS	-	-	0.08
PASS	testdir:fixedbugs/issue37975.go	compiled				testdir	PASS	-	-	0.23
PASS	testdir:fixedbugs/issue37975.go	interpreted				testdir	PASS	-	-	0.93
PASS	testdir:fixedbugs/issue37975.go	native				testdir	PASS	-	-	0.05
SKIP	testdir:fixedbugs/issue38093.go	compiled			testdir_test.go:531: //go:build js	testdir	SKIP	-	-	0
SKIP	testdir:fixedbugs/issue38093.go	interpreted			testdir_test.go:531: //go:build js	testdir	SKIP	-	-	0
SKIP	testdir:fixedbugs/issue38093.go	native			testdir_test.go:531: //go:build js	testdir	SKIP	-	-	0
PASS	testdir:fixedbugs/issue38117.go	compiled				testdir	PASS	-	-	0.02
PASS	testdir:fixedbugs/issue38117.go	interpreted				testdir	PASS	-	-	0.01
PASS	testdir:fixedbugs/issue38117.go	native				testdir	PASS	-	-	0.01
PASS	testdir:fixedbugs/issue38125.go	compiled				testdir	PASS	-	-	0.05
PASS	testdir:fixedbugs/issue38125.go	interpreted				testdir	PASS	-	-	0.01
PASS	testdir:fixedbugs/issue38125.go	native				testdir	PASS	-	-	0.01
PASS	testdir:fixedbugs/issue38356.go	compiled				testdir	PASS	-	-	0.04
PASS	testdir:fixedbugs/issue38356.go	interpreted				testdir	PASS	-	-	0.01
PASS	testdir:fixedbugs/issue38356.go	native				testdir	PASS	-	-	0.01
PASS	testdir:fixedbugs/issue38359.go	compiled				testdir	PASS	-	-	0.04
PASS	testdir:fixedbugs/issue38359.go	interpreted				testdir	PASS	-	-	0.01
PASS	testdir:fixedbugs/issue38359.go	native				testdir	PASS	-	-	0.01
PASS	testdir:fixedbugs/issue38496.go	compiled				testdir	PASS	-	-	0.13
PASS	testdir:fixedbugs/issue38496.go	interpreted				testdir	PASS	-	-	0.03
PASS	testdir:fixedbugs/issue38496.go	native				testdir	PASS	-	-	0.05
PASS	testdir:fixedbugs/issue38690.go	compiled				testdir	PASS	-	-	0.07
PASS	testdir:fixedbugs/issue38690.go	interpreted				testdir	PASS	-	-	0.01
PASS	testdir:fixedbugs/issue38690.go	native				testdir	PASS	-	-	0.01
PASS	testdir:fixedbugs/issue38698.go	compiled				testdir	PASS	-	-	0.04
PASS	testdir:fixedbugs/issue38698.go	interpreted				testdir	PASS	-	-	0.02
PASS	testdir:fixedbugs/issue38698.go	native				testdir	PASS	-	-	0.01
PASS	testdir:fixedbugs/issue38745.go	compiled				testdir	PASS	-	-	0.02
PASS	testdir:fixedbugs/issue38745.go	interpreted				testdir	PASS	-	-	0.01
PASS	testdir:fixedbugs/issue38745.go	native				testdir	PASS	-	-	0.01
PASS	testdir:fixedbugs/issue38746.go	compiled				testdir	PASS	-	-	0.06
PASS	testdir:fixedbugs/issue38746.go	interpreted				testdir	PASS	-	-	0.01
PASS	testdir:fixedbugs/issue38746.go	native				testdir	PASS	-	-	0.01
PASS	testdir:fixedbugs/issue38905.go	compiled				testdir	PASS	-	-	0.04
PASS	testdir:fixedbugs/issue38905.go	interpreted				testdir	PASS	-	-	0.01
PASS	testdir:fixedbugs/issue38905.go	native				testdir	PASS	-	-	0.01
PASS	testdir:fixedbugs/issue38916.go	compiled				testdir	PASS	-	-	0.04
PASS	testdir:fixedbugs/issue38916.go	interpreted				testdir	PASS	-	-	0.01
PASS	testdir:fixedbugs/issue38916.go	native				testdir	PASS	-	-	0.01
PASS	testdir:fixedbugs/issue3925.go	compiled				testdir	PASS	-	-	0.01
PASS	testdir:fixedbugs/issue3925.go	interpreted				testdir	PASS	-	-	0.01
PASS	testdir:fixedbugs/issue3925.go	native				testdir	PASS	-	-	0.01
PASS	testdir:fixedbugs/issue39292.go	compiled				testdir	PASS	-	-	0.06
EXCLUDED	testdir:fixedbugs/issue39292.go	interpreted	compiler-diagnostic	test asserts gc optimizer output (-m/-d=); an interpreter has no optimizer to report on	testdir_test.go:153: Bash++ backend unsupported: optimizer diagnostics are a compiler artifact; the check interface has no inlining, escape-analysis or SSA meaning	testdir	FAIL	CATALOG	EXCLUDED	0
PASS	testdir:fixedbugs/issue39292.go	native				testdir	PASS	-	-	0.01
PASS	testdir:fixedbugs/issue39459.go	compiled				testdir	PASS	-	-	0.05
PASS	testdir:fixedbugs/issue39459.go	interpreted				testdir	PASS	-	-	0.01
PASS	testdir:fixedbugs/issue39459.go	native				testdir	PASS	-	-	0.01
PASS	testdir:fixedbugs/issue39472.go	compiled				testdir	PASS	-	-	0.05
PASS	testdir:fixedbugs/issue39472.go	interpreted				testdir	PASS	-	-	0.01
PASS	testdir:fixedbugs/issue39472.go	native				testdir	PASS	-	-	0.01
PASS	testdir:fixedbugs/issue39505.go	compiled				testdir	PASS	-	-	0.05
PASS	testdir:fixedbugs/issue39505.go	interpreted				testdir	PASS	-	-	0.01
PASS	testdir:fixedbugs/issue39505.go	native				testdir	PASS	-	-	0.01
PASS	testdir:fixedbugs/issue39505b.go	compiled				testdir	PASS	-	-	0.15
PASS	testdir:fixedbugs/issue39505b.go	interpreted				testdir	PASS	-	-	0.02
PASS	testdir:fixedbugs/issue39505b.go	native				testdir	PASS	-	-	0.05
PASS	testdir:fixedbugs/issue39541.go	compiled				testdir	PASS	-	-	0.3
PASS	testdir:fixedbugs/issue39541.go	interpreted				testdir	PASS	-	CARRIED-376	45.55
PASS	testdir:fixedbugs/issue39541.go	native				testdir	PASS	-	-	0.11
PASS	testdir:fixedbugs/issue39651.go	compiled				testdir	PASS	-	-	0.15
PASS	testdir:fixedbugs/issue39651.go	interpreted				testdir	PASS	-	-	0.02
PASS	testdir:fixedbugs/issue39651.go	native				testdir	PASS	-	-	0.05
PASS	testdir:fixedbugs/issue40152.go	compiled				testdir	PASS	-	-	0.15
PASS	testdir:fixedbugs/issue40152.go	interpreted				testdir	PASS	-	-	0.02
PASS	testdir:fixedbugs/issue40152.go	native				testdir	PASS	-	-	0.05
PASS	testdir:fixedbugs/issue40252.go	compiled				testdir	PASS	-	-	0.14
PASS	testdir:fixedbugs/issue40252.go	interpreted				testdir	PASS	-	-	0.03
PASS	testdir:fixedbugs/issue40252.go	native				testdir	PASS	-	-	0.06
PASS	testdir:fixedbugs/issue40367.go	compiled				testdir	PASS	-	-	0.15
PASS	testdir:fixedbugs/issue40367.go	interpreted				testdir	PASS	-	-	0.02
PASS	testdir:fixedbugs/issue40367.go	native				testdir	PASS	-	-	0.04
PASS	testdir:fixedbugs/issue40629.go	compiled				testdir	PASS	-	-	0.28
PASS	testdir:fixedbugs/issue40629.go	interpreted				testdir	PASS	-	-	0.82
PASS	testdir:fixedbugs/issue40629.go	native				testdir	PASS	-	-	0.07
PASS	testdir:fixedbugs/issue4066.go	compiled				testdir	PASS	-	-	0.14
PASS	testdir:fixedbugs/issue4066.go	interpreted				testdir	PASS	-	-	0.02
PASS	testdir:fixedbugs/issue4066.go	native				testdir	PASS	-	-	0.05
PASS	testdir:fixedbugs/issue40746.go	compiled				testdir	PASS	-	-	0.05
PASS	testdir:fixedbugs/issue40746.go	interpreted				testdir	PASS	-	-	0.01
PASS	testdir:fixedbugs/issue40746.go	native				testdir	PASS	-	-	0.01
PASS	testdir:fixedbugs/issue4085a.go	compiled				testdir	PASS	-	-	0.01
PASS	testdir:fixedbugs/issue4085a.go	interpreted				testdir	PASS	-	-	0.01
PASS	testdir:fixedbugs/issue4085a.go	native				testdir	PASS	-	-	0.01
PASS	testdir:fixedbugs/issue4085b.go	compiled				testdir	PASS	-	-	0.23
PASS	testdir:fixedbugs/issue4085b.go	interpreted				testdir	PASS	-	-	0.83
PASS	testdir:fixedbugs/issue4085b.go	native				testdir	PASS	-	-	0.06
PASS	testdir:fixedbugs/issue40917.go	compiled				testdir	PASS	-	-	0.14
EXCLUDED	testdir:fixedbugs/issue40917.go	interpreted	unsafe-reinterpretation	unsafe.Pointer memory reinterpretation: the interpreter has no native memory model	testdir_test.go:153: exit status 2	testdir	FAIL	CATALOG	EXCLUDED	0.65
PASS	testdir:fixedbugs/issue40917.go	native				testdir	PASS	-	-	0.08
PASS	testdir:fixedbugs/issue40954.go	compiled				testdir	PASS	-	-	0.23
EXCLUDED	testdir:fixedbugs/issue40954.go	interpreted	cgo	import "C" / //go:build cgo: the pure-Go product declares cgo out of scope	testdir_test.go:153: exit status 1	testdir	FAIL	CATALOG	EXCLUDED	0.17
PASS	testdir:fixedbugs/issue40954.go	native				testdir	PASS	-	-	0.06
PASS	testdir:fixedbugs/issue4097.go	compiled				testdir	PASS	-	-	0.01
PASS	testdir:fixedbugs/issue4097.go	interpreted				testdir	PASS	-	-	0.01
PASS	testdir:fixedbugs/issue4097.go	native				testdir	PASS	-	-	0.01
PASS	testdir:fixedbugs/issue4099.go	compiled				testdir	PASS	-	-	0.04
EXCLUDED	testdir:fixedbugs/issue4099.go	interpreted	compiler-diagnostic	test asserts gc optimizer output (-m/-d=); an interpreter has no optimizer to report on	testdir_test.go:153: Bash++ backend unsupported: optimizer diagnostics are a compiler artifact; the check interface has no inlining, escape-analysis or SSA meaning	testdir	FAIL	CATALOG	EXCLUDED	0
PASS	testdir:fixedbugs/issue4099.go	native				testdir	PASS	-	-	0.01
PASS	testdir:fixedbugs/issue41239.go	compiled				testdir	PASS	-	-	0.27
PASS	testdir:fixedbugs/issue41239.go	interpreted				testdir	PASS	-	-	0.85
PASS	testdir:fixedbugs/issue41239.go	native				testdir	PASS	-	-	0.07
PASS	testdir:fixedbugs/issue41247.go	compiled				testdir	PASS	-	-	0.01
PASS	testdir:fixedbugs/issue41247.go	interpreted				testdir	PASS	-	-	0.01
PASS	testdir:fixedbugs/issue41247.go	native				testdir	PASS	-	-	0.01
PASS	testdir:fixedbugs/issue41440.go	compiled				testdir	PASS	-	-	0.01
PASS	testdir:fixedbugs/issue41440.go	interpreted				testdir	PASS	-	-	0.01
PASS	testdir:fixedbugs/issue41440.go	native				testdir	PASS	-	-	0.01
PASS	testdir:fixedbugs/issue41500.go	compiled				testdir	PASS	-	-	0.01
PASS	testdir:fixedbugs/issue41500.go	interpreted				testdir	PASS	-	-	0.01
PASS	testdir:fixedbugs/issue41500.go	native				testdir	PASS	-	-	0.01
PASS	testdir:fixedbugs/issue41575.go	compiled				testdir	PASS	-	-	0.01
PASS	testdir:fixedbugs/issue41575.go	interpreted				testdir	PASS	-	-	0.01
PASS	testdir:fixedbugs/issue41575.go	native				testdir	PASS	-	-	0.01
PASS	testdir:fixedbugs/issue4162.go	compiled				testdir	PASS	-	-	0.05
PASS	testdir:fixedbugs/issue4162.go	interpreted				testdir	PASS	-	-	0.01
PASS	testdir:fixedbugs/issue4162.go	native				testdir	PASS	-	-	0.01
PASS	testdir:fixedbugs/issue41635.go	compiled				testdir	PASS	-	-	0.05
EXCLUDED	testdir:fixedbugs/issue41635.go	interpreted	compiler-diagnostic	test asserts gc optimizer output (-m/-d=); an interpreter has no optimizer to report on	testdir_test.go:153: Bash++ backend unsupported: optimizer diagnostics are a compiler artifact; the check interface has no inlining, escape-analysis or SSA meaning	testdir	FAIL	CATALOG	EXCLUDED	0
PASS	testdir:fixedbugs/issue41635.go	native				testdir	PASS	-	-	0.01
PASS	testdir:fixedbugs/issue4167.go	compiled				testdir	PASS	-	-	0.14
PASS	testdir:fixedbugs/issue4167.go	interpreted				testdir	PASS	-	-	0.02
PASS	testdir:fixedbugs/issue4167.go	native				testdir	PASS	-	-	0.05
PASS	testdir:fixedbugs/issue41680.go	compiled				testdir	PASS	-	-	0.05
PASS	testdir:fixedbugs/issue41680.go	interpreted				testdir	PASS	-	-	0.01
PASS	testdir:fixedbugs/issue41680.go	native				testdir	PASS	-	-	0.01
PASS	testdir:fixedbugs/issue41736.go	compiled				testdir	PASS	-	-	0.06
PASS	testdir:fixedbugs/issue41736.go	interpreted				testdir	PASS	-	-	0.01
PASS	testdir:fixedbugs/issue41736.go	native				testdir	PASS	-	-	0.02
PASS	testdir:fixedbugs/issue41780.go	compiled				testdir	PASS	-	-	0.16
PASS	testdir:fixedbugs/issue41780.go	interpreted				testdir	PASS	-	-	0.02
PASS	testdir:fixedbugs/issue41780.go	native				testdir	PASS	-	-	0.05
PASS	testdir:fixedbugs/issue41872.go	compiled				testdir	PASS	-	-	0.15
PASS	testdir:fixedbugs/issue41872.go	interpreted				testdir	PASS	-	-	0.02
PASS	testdir:fixedbugs/issue41872.go	native				testdir	PASS	-	-	0.05
PASS	testdir:fixedbugs/issue42032.go	compiled				testdir	PASS	-	-	0.24
EXCLUDED	testdir:fixedbugs/issue42032.go	interpreted	cgo	import "C" / //go:build cgo: the pure-Go product declares cgo out of scope	testdir_test.go:153: exit status 1	testdir	FAIL	CATALOG	EXCLUDED	0.16
PASS	testdir:fixedbugs/issue42032.go	native				testdir	PASS	-	-	0.06
PASS	testdir:fixedbugs/issue42058a.go	compiled				testdir	PASS	-	-	0.05
EXCLUDED	testdir:fixedbugs/issue42058a.go	interpreted	gc-only-check	errorcheck expects a gc-only diagnostic go/types cannot express	testdir_test.go:153: compilation succeeded unexpectedly	testdir	FAIL	CATALOG	EXCLUDED	0.01
PASS	testdir:fixedbugs/issue42058a.go	native				testdir	PASS	-	-	0.01
PASS	testdir:fixedbugs/issue42058b.go	compiled				testdir	PASS	-	-	0.05
EXCLUDED	testdir:fixedbugs/issue42058b.go	interpreted	gc-only-check	errorcheck expects a gc-only diagnostic go/types cannot express	testdir_test.go:153: compilation succeeded unexpectedly	testdir	FAIL	CATALOG	EXCLUDED	0.01
PASS	testdir:fixedbugs/issue42058b.go	native				testdir	PASS	-	-	0.01
PASS	testdir:fixedbugs/issue42075.go	compiled				testdir	PASS	-	-	0.01
PASS	testdir:fixedbugs/issue42075.go	interpreted				testdir	PASS	-	-	0.01
PASS	testdir:fixedbugs/issue42075.go	native				testdir	PASS	-	-	0.01
PASS	testdir:fixedbugs/issue42076.go	compiled				testdir	PASS	-	-	0.33
EXCLUDED	testdir:fixedbugs/issue42076.go	interpreted	cgo	import "C" / //go:build cgo: the pure-Go product declares cgo out of scope	testdir_test.go:153: exit status 1	testdir	FAIL	CATALOG	EXCLUDED	0.92
PASS	testdir:fixedbugs/issue42076.go	native				testdir	PASS	-	-	0.06
PASS	testdir:fixedbugs/issue4215.go	compiled				testdir	PASS	-	-	0.01
PASS	testdir:fixedbugs/issue4215.go	interpreted				testdir	PASS	-	-	0.01
PASS	testdir:fixedbugs/issue4215.go	native				testdir	PASS	-	-	0.01
PASS	testdir:fixedbugs/issue42284.go	compiled				testdir	PASS	-	-	0.1
EXCLUDED	testdir:fixedbugs/issue42284.go	interpreted	compiler-diagnostic	errorcheck row expects gc inlining/intrinsic diagnostics; an interpreter has none	testdir_test.go:1278: gc output:	testdir	FAIL	CATALOG	EXCLUDED	0.01
PASS	testdir:fixedbugs/issue42284.go	native				testdir	PASS	-	-	0.02
PASS	testdir:fixedbugs/issue4232.go	compiled				testdir	PASS	-	-	0.01
PASS	testdir:fixedbugs/issue4232.go	interpreted				testdir	PASS	-	-	0.01
PASS	testdir:fixedbugs/issue4232.go	native				testdir	PASS	-	-	0.01
PASS	testdir:fixedbugs/issue42401.go	compiled				testdir	PASS	-	-	0.15
PASS	testdir:fixedbugs/issue42401.go	interpreted				testdir	PASS	-	-	0.64
PASS	testdir:fixedbugs/issue42401.go	native				testdir	PASS	-	-	0.05
PASS	testdir:fixedbugs/issue4251.go	compiled				testdir	PASS	-	-	0.01
PASS	testdir:fixedbugs/issue4251.go	interpreted				testdir	PASS	-	-	0.01
PASS	testdir:fixedbugs/issue4251.go	native				testdir	PASS	-	-	0.01
PASS	testdir:fixedbugs/issue4252.go	compiled				testdir	PASS	-	-	0.14
PASS	testdir:fixedbugs/issue4252.go	interpreted				testdir	PASS	-	-	0.03
PASS	testdir:fixedbugs/issue4252.go	native				testdir	PASS	-	-	0.06
PASS	testdir:fixedbugs/issue42568.go	compiled				testdir	PASS	-	-	0.05
PASS	testdir:fixedbugs/issue42568.go	interpreted				testdir	PASS	-	-	0.01
PASS	testdir:fixedbugs/issue42568.go	native				testdir	PASS	-	-	0.01
PASS	testdir:fixedbugs/issue42587.go	compiled				testdir	PASS	-	-	0.04
PASS	testdir:fixedbugs/issue42587.go	interpreted				testdir	PASS	-	-	0.01
PASS	testdir:fixedbugs/issue42587.go	native				testdir	PASS	-	-	0.01
PASS	testdir:fixedbugs/issue4264.go	compiled				testdir	PASS	-	-	0.01
PASS	testdir:fixedbugs/issue4264.go	interpreted				testdir	PASS	-	-	0.01
PASS	testdir:fixedbugs/issue4264.go	native				testdir	PASS	-	-	0.01
PASS	testdir:fixedbugs/issue42686.go	compiled				testdir	PASS	-	-	0.04
PASS	testdir:fixedbugs/issue42686.go	interpreted				testdir	PASS	-	-	0.01
PASS	testdir:fixedbugs/issue42686.go	native				testdir	PASS	-	-	0.01
PASS	testdir:fixedbugs/issue42703.go	compiled				testdir	PASS	-	-	0.16
PASS	testdir:fixedbugs/issue42703.go	interpreted				testdir	PASS	-	-	0.02
PASS	testdir:fixedbugs/issue42703.go	native				testdir	PASS	-	-	0.05
PASS	testdir:fixedbugs/issue42727.go	compiled				testdir	PASS	-	-	0.05
PASS	testdir:fixedbugs/issue42727.go	interpreted				testdir	PASS	-	-	0.01
PASS	testdir:fixedbugs/issue42727.go	native				testdir	PASS	-	-	0.01
PASS	testdir:fixedbugs/issue42753.go	compiled				testdir	PASS	-	-	0.04
PASS	testdir:fixedbugs/issue42753.go	interpreted				testdir	PASS	-	-	0.01
PASS	testdir:fixedbugs/issue42753.go	native				testdir	PASS	-	-	0.01
PASS	testdir:fixedbugs/issue42784.go	compiled				testdir	PASS	-	-	0.05
PASS	testdir:fixedbugs/issue42784.go	interpreted				testdir	PASS	-	-	0.01
PASS	testdir:fixedbugs/issue42784.go	native				testdir	PASS	-	-	0.01
PASS	testdir:fixedbugs/issue42790.go	compiled				testdir	PASS	-	-	0.04
PASS	testdir:fixedbugs/issue42790.go	interpreted				testdir	PASS	-	-	0.01
PASS	testdir:fixedbugs/issue42790.go	native				testdir	PASS	-	-	0.01
PASS	testdir:fixedbugs/issue4283.go	compiled				testdir	PASS	-	-	0.01
PASS	testdir:fixedbugs/issue4283.go	interpreted				testdir	PASS	-	-	0.01
PASS	testdir:fixedbugs/issue4283.go	native				testdir	PASS	-	-	0.01
PASS	testdir:fixedbugs/issue42876.go	compiled				testdir	PASS	-	-	0.15
PASS	testdir:fixedbugs/issue42876.go	interpreted				testdir	PASS	-	-	0.02
PASS	testdir:fixedbugs/issue42876.go	native				testdir	PASS	-	-	0.04
PASS	testdir:fixedbugs/issue42944.go	compiled				testdir	PASS	-	-	0.04
EXCLUDED	testdir:fixedbugs/issue42944.go	interpreted	compiler-diagnostic	test asserts gc optimizer output (-m/-d=); an interpreter has no optimizer to report on	testdir_test.go:153: Bash++ backend unsupported: optimizer diagnostics are a compiler artifact; the check interface has no inlining, escape-analysis or SSA meaning	testdir	FAIL	CATALOG	EXCLUDED	0
PASS	testdir:fixedbugs/issue42944.go	native				testdir	PASS	-	-	0.01
PASS	testdir:fixedbugs/issue43099.go	compiled				testdir	PASS	-	-	0.05
PASS	testdir:fixedbugs/issue43099.go	interpreted				testdir	PASS	-	-	0.01
PASS	testdir:fixedbugs/issue43099.go	native				testdir	PASS	-	-	0.01
PASS	testdir:fixedbugs/issue43111.go	compiled				testdir	PASS	-	-	0.16
PASS	testdir:fixedbugs/issue43111.go	interpreted				testdir	PASS	-	-	0.02
PASS	testdir:fixedbugs/issue43111.go	native				testdir	PASS	-	-	0.05
PASS	testdir:fixedbugs/issue43112.go	compiled				testdir	PASS	-	-	0.05
PASS	testdir:fixedbugs/issue43112.go	interpreted				testdir	PASS	-	-	0.01
PASS	testdir:fixedbugs/issue43112.go	native				testdir	PASS	-	-	0.01
PASS	testdir:fixedbugs/issue4313.go	compiled				testdir	PASS	-	-	0.14
PASS	testdir:fixedbugs/issue4313.go	interpreted				testdir	PASS	-	-	0.02
PASS	testdir:fixedbugs/issue4313.go	native				testdir	PASS	-	-	0.05
PASS	testdir:fixedbugs/issue4316.go	compiled				testdir	PASS	-	-	0.14
PASS	testdir:fixedbugs/issue4316.go	interpreted				testdir	PASS	-	-	0.15
PASS	testdir:fixedbugs/issue4316.go	native				testdir	PASS	-	-	0.05
PASS	testdir:fixedbugs/issue43164.go	compiled				testdir	PASS	-	-	0.14
PASS	testdir:fixedbugs/issue43164.go	interpreted				testdir	PASS	-	-	0.08
PASS	testdir:fixedbugs/issue43164.go	native				testdir	PASS	-	-	0.01
PASS	testdir:fixedbugs/issue43167.go	compiled				testdir	PASS	-	-	0.06
PASS	testdir:fixedbugs/issue43167.go	interpreted				testdir	PASS	-	-	0.04
PASS	testdir:fixedbugs/issue43167.go	native				testdir	PASS	-	-	0.01
PASS	testdir:fixedbugs/issue4323.go	compiled				testdir	PASS	-	-	0.07
PASS	testdir:fixedbugs/issue4323.go	interpreted				testdir	PASS	-	-	0.01
PASS	testdir:fixedbugs/issue4323.go	native				testdir	PASS	-	-	0.01
PASS	testdir:fixedbugs/issue4326.go	compiled				testdir	PASS	-	-	0.23
PASS	testdir:fixedbugs/issue4326.go	interpreted				testdir	PASS	-	-	0.04
PASS	testdir:fixedbugs/issue4326.go	native				testdir	PASS	-	-	0.05
PASS	testdir:fixedbugs/issue43292.go	compiled				testdir	PASS	-	-	0.15
PASS	testdir:fixedbugs/issue43292.go	interpreted				testdir	PASS	-	-	0.02
PASS	testdir:fixedbugs/issue43292.go	native				testdir	PASS	-	-	0.05
PASS	testdir:fixedbugs/issue43384.go	compiled				testdir	PASS	-	-	0.01
PASS	testdir:fixedbugs/issue43384.go	interpreted				testdir	PASS	-	-	0.01
PASS	testdir:fixedbugs/issue43384.go	native				testdir	PASS	-	-	0.01
PASS	testdir:fixedbugs/issue43428.go	compiled				testdir	PASS	-	-	0.05
PASS	testdir:fixedbugs/issue43428.go	interpreted				testdir	PASS	-	-	0.04
PASS	testdir:fixedbugs/issue43428.go	native				testdir	PASS	-	-	0.01
PASS	testdir:fixedbugs/issue43444.go	compiled				testdir	PASS	-	-	0.15
PASS	testdir:fixedbugs/issue43444.go	interpreted				testdir	PASS	-	-	0.02
PASS	testdir:fixedbugs/issue43444.go	native				testdir	PASS	-	-	0.04
PASS	testdir:fixedbugs/issue43479.go	compiled				testdir	PASS	-	-	0.12
PASS	testdir:fixedbugs/issue43479.go	interpreted				testdir	PASS	-	-	0.02
PASS	testdir:fixedbugs/issue43479.go	native				testdir	PASS	-	-	0.02
SKIP	testdir:fixedbugs/issue4348.go	compiled			testdir_test.go:565: skip	testdir	SKIP	-	-	0
SKIP	testdir:fixedbugs/issue4348.go	interpreted			testdir_test.go:565: skip	testdir	SKIP	-	-	0
SKIP	testdir:fixedbugs/issue4348.go	native			testdir_test.go:565: skip	testdir	SKIP	-	-	0
PASS	testdir:fixedbugs/issue43480.go	compiled				testdir	PASS	-	-	0.14
PASS	testdir:fixedbugs/issue43480.go	interpreted				testdir	PASS	-	-	0.02
PASS	testdir:fixedbugs/issue43480.go	native				testdir	PASS	-	-	0.05
PASS	testdir:fixedbugs/issue4353.go	compiled				testdir	PASS	-	-	0.14
PASS	testdir:fixedbugs/issue4353.go	interpreted				testdir	PASS	-	-	0.02
PASS	testdir:fixedbugs/issue4353.go	native				testdir	PASS	-	-	0.04
PASS	testdir:fixedbugs/issue43551.go	compiled				testdir	PASS	-	-	0.09
PASS	testdir:fixedbugs/issue43551.go	interpreted				testdir	PASS	-	-	0.02
PASS	testdir:fixedbugs/issue43551.go	native				testdir	PASS	-	-	0.02
PASS	testdir:fixedbugs/issue43570.go	compiled				testdir	PASS	-	-	0.28
PASS	testdir:fixedbugs/issue43570.go	interpreted				testdir	PASS	-	-	2.18
PASS	testdir:fixedbugs/issue43570.go	native				testdir	PASS	-	-	0.07
PASS	testdir:fixedbugs/issue4359.go	compiled				testdir	PASS	-	-	0.01
PASS	testdir:fixedbugs/issue4359.go	interpreted				testdir	PASS	-	-	0.01
PASS	testdir:fixedbugs/issue4359.go	native				testdir	PASS	-	-	0.01
PASS	testdir:fixedbugs/issue43619.go	compiled				testdir	PASS	-	-	0.27
PASS	testdir:fixedbugs/issue43619.go	interpreted				testdir	PASS	-	-	0.87
PASS	testdir:fixedbugs/issue43619.go	native				testdir	PASS	-	-	0.06
PASS	testdir:fixedbugs/issue43633.go	compiled				testdir	PASS	-	-	0.14
PASS	testdir:fixedbugs/issue43633.go	interpreted				testdir	PASS	-	-	0.03
PASS	testdir:fixedbugs/issue43633.go	native				testdir	PASS	-	-	0.05
PASS	testdir:fixedbugs/issue4365.go	compiled				testdir	PASS	-	-	0.01
PASS	testdir:fixedbugs/issue4365.go	interpreted				testdir	PASS	-	-	0.01
PASS	testdir:fixedbugs/issue4365.go	native				testdir	PASS	-	-	0.01
PASS	testdir:fixedbugs/issue43677.go	compiled				testdir	PASS	-	-	0.06
PASS	testdir:fixedbugs/issue43677.go	interpreted				testdir	PASS	-	-	0.01
PASS	testdir:fixedbugs/issue43677.go	native				testdir	PASS	-	-	0.01
PASS	testdir:fixedbugs/issue4370.go	compiled				testdir	PASS	-	-	0.13
PASS	testdir:fixedbugs/issue4370.go	interpreted				testdir	PASS	-	-	0.03
PASS	testdir:fixedbugs/issue4370.go	native				testdir	PASS	-	-	0.03
PASS	testdir:fixedbugs/issue43701.go	compiled				testdir	PASS	-	-	0.04
PASS	testdir:fixedbugs/issue43701.go	interpreted				testdir	PASS	-	-	0.01
PASS	testdir:fixedbugs/issue43701.go	native				testdir	PASS	-	-	0.01
PASS	testdir:fixedbugs/issue43762.go	compiled				testdir	PASS	-	-	0.01
PASS	testdir:fixedbugs/issue43762.go	interpreted				testdir	PASS	-	-	0.01
PASS	testdir:fixedbugs/issue43762.go	native				testdir	PASS	-	-	0.01
PASS	testdir:fixedbugs/issue43835.go	compiled				testdir	PASS	-	-	0.14
PASS	testdir:fixedbugs/issue43835.go	interpreted				testdir	PASS	-	-	0.02
PASS	testdir:fixedbugs/issue43835.go	native				testdir	PASS	-	-	0.05
PASS	testdir:fixedbugs/issue43908.go	compiled				testdir	PASS	-	-	0.27
PASS	testdir:fixedbugs/issue43908.go	interpreted				testdir	PASS	-	-	0.82
PASS	testdir:fixedbugs/issue43908.go	native				testdir	PASS	-	-	0.06
PASS	testdir:fixedbugs/issue43942.go	compiled				testdir	PASS	-	-	0.28
PASS	testdir:fixedbugs/issue43942.go	interpreted				testdir	PASS	-	-	0.83
PASS	testdir:fixedbugs/issue43942.go	native				testdir	PASS	-	-	0.07
PASS	testdir:fixedbugs/issue43962.go	compiled				testdir	PASS	-	-	0.06
PASS	testdir:fixedbugs/issue43962.go	interpreted				testdir	PASS	-	-	0.02
PASS	testdir:fixedbugs/issue43962.go	native				testdir	PASS	-	-	0.02
PASS	testdir:fixedbugs/issue4396a.go	compiled				testdir	PASS	-	-	0.14
PASS	testdir:fixedbugs/issue4396a.go	interpreted				testdir	PASS	-	-	0.02
PASS	testdir:fixedbugs/issue4396a.go	native				testdir	PASS	-	-	0.04
PASS	testdir:fixedbugs/issue4396b.go	compiled				testdir	PASS	-	-	0.15
PASS	testdir:fixedbugs/issue4396b.go	interpreted				testdir	PASS	-	-	0.02
PASS	testdir:fixedbugs/issue4396b.go	native				testdir	PASS	-	-	0.05
PASS	testdir:fixedbugs/issue4399.go	compiled				testdir	PASS	-	-	0.05
PASS	testdir:fixedbugs/issue4399.go	interpreted				testdir	PASS	-	-	0.01
PASS	testdir:fixedbugs/issue4399.go	native				testdir	PASS	-	-	0.01
PASS	testdir:fixedbugs/issue4405.go	compiled				testdir	PASS	-	-	0.01
PASS	testdir:fixedbugs/issue4405.go	interpreted				testdir	PASS	-	-	0.01
PASS	testdir:fixedbugs/issue4405.go	native				testdir	PASS	-	-	0.01
PASS	testdir:fixedbugs/issue44266.go	compiled				testdir	PASS	-	-	0.05
PASS	testdir:fixedbugs/issue44266.go	interpreted				testdir	PASS	-	-	0.05
PASS	testdir:fixedbugs/issue44266.go	native				testdir	PASS	-	-	0.01
PASS	testdir:fixedbugs/issue4429.go	compiled				testdir	PASS	-	-	0.01
PASS	testdir:fixedbugs/issue4429.go	interpreted				testdir	PASS	-	-	0.01
PASS	testdir:fixedbugs/issue4429.go	native				testdir	PASS	-	-	0.01
PASS	testdir:fixedbugs/issue44325.go	compiled				testdir	PASS	-	-	0.1
PASS	testdir:fixedbugs/issue44325.go	interpreted				testdir	PASS	-	-	0.02
PASS	testdir:fixedbugs/issue44325.go	native				testdir	PASS	-	-	0.02
PASS	testdir:fixedbugs/issue44330.go	compiled				testdir	PASS	-	-	0.14
PASS	testdir:fixedbugs/issue44330.go	interpreted				testdir	PASS	-	-	0.03
PASS	testdir:fixedbugs/issue44330.go	native				testdir	PASS	-	-	0.06
PASS	testdir:fixedbugs/issue44335.go	compiled				testdir	PASS	-	-	0.1
PASS	testdir:fixedbugs/issue44335.go	interpreted				testdir	PASS	-	-	0.02
PASS	testdir:fixedbugs/issue44335.go	native				testdir	PASS	-	-	0.02
PASS	testdir:fixedbugs/issue44344.go	compiled				testdir	PASS	-	-	0.05
PASS	testdir:fixedbugs/issue44344.go	interpreted				testdir	PASS	-	-	0.01
PASS	testdir:fixedbugs/issue44344.go	native				testdir	PASS	-	-	0.01
PASS	testdir:fixedbugs/issue44355.go	compiled				testdir	PASS	-	-	0.09
PASS	testdir:fixedbugs/issue44355.go	interpreted				testdir	PASS	-	-	0.02
PASS	testdir:fixedbugs/issue44355.go	native				testdir	PASS	-	-	0.02
PASS	testdir:fixedbugs/issue44370.go	compiled				testdir	PASS	-	-	0.09
PASS	testdir:fixedbugs/issue44370.go	interpreted				testdir	PASS	-	-	0.02
PASS	testdir:fixedbugs/issue44370.go	native				testdir	PASS	-	-	0.02
PASS	testdir:fixedbugs/issue44378.go	compiled				testdir	PASS	-	-	0.06
PASS	testdir:fixedbugs/issue44378.go	interpreted				testdir	PASS	-	-	0.01
PASS	testdir:fixedbugs/issue44378.go	native				testdir	PASS	-	-	0.01
PASS	testdir:fixedbugs/issue44383.go	compiled				testdir	PASS	-	-	0.05
PASS	testdir:fixedbugs/issue44383.go	interpreted				testdir	PASS	-	-	0.01
PASS	testdir:fixedbugs/issue44383.go	native				testdir	PASS	-	-	0.01
PASS	testdir:fixedbugs/issue44432.go	compiled				testdir	PASS	-	-	0.01
PASS	testdir:fixedbugs/issue44432.go	interpreted				testdir	PASS	-	-	0.01
PASS	testdir:fixedbugs/issue44432.go	native				testdir	PASS	-	-	0.01
PASS	testdir:fixedbugs/issue44465.go	compiled				testdir	PASS	-	-	0.06
PASS	testdir:fixedbugs/issue44465.go	interpreted				testdir	PASS	-	-	0.01
PASS	testdir:fixedbugs/issue44465.go	native				testdir	PASS	-	-	0.01
PASS	testdir:fixedbugs/issue4448.go	compiled				testdir	PASS	-	-	0.15
PASS	testdir:fixedbugs/issue4448.go	interpreted				testdir	PASS	-	-	0.02
PASS	testdir:fixedbugs/issue4448.go	native				testdir	PASS	-	-	0.05
PASS	testdir:fixedbugs/issue4452.go	compiled				testdir	PASS	-	-	0.01
PASS	testdir:fixedbugs/issue4452.go	interpreted				testdir	PASS	-	-	0.01
PASS	testdir:fixedbugs/issue4452.go	native				testdir	PASS	-	-	0.01
PASS	testdir:fixedbugs/issue4458.go	compiled				testdir	PASS	-	-	0.01
PASS	testdir:fixedbugs/issue4458.go	interpreted				testdir	PASS	-	-	0.01
PASS	testdir:fixedbugs/issue4458.go	native				testdir	PASS	-	-	0.01
PASS	testdir:fixedbugs/issue4463.go	compiled				testdir	PASS	-	-	0.02
PASS	testdir:fixedbugs/issue4463.go	interpreted				testdir	PASS	-	-	0.01
PASS	testdir:fixedbugs/issue4463.go	native				testdir	PASS	-	-	0.01
PASS	testdir:fixedbugs/issue4468.go	compiled				testdir	PASS	-	-	0.01
PASS	testdir:fixedbugs/issue4468.go	interpreted				testdir	PASS	-	-	0.01
PASS	testdir:fixedbugs/issue4468.go	native				testdir	PASS	-	-	0.01
PASS	testdir:fixedbugs/issue4470.go	compiled				testdir	PASS	-	-	0.01
PASS	testdir:fixedbugs/issue4470.go	interpreted				testdir	PASS	-	-	0.01
PASS	testdir:fixedbugs/issue4470.go	native				testdir	PASS	-	-	0.01
PASS	testdir:fixedbugs/issue44732.go	compiled				testdir	PASS	-	-	0.26
PASS	testdir:fixedbugs/issue44732.go	interpreted				testdir	PASS	-	-	0.06
PASS	testdir:fixedbugs/issue44732.go	native				testdir	PASS	-	-	0.08
PASS	testdir:fixedbugs/issue44739.go	compiled				testdir	PASS	-	-	0.16
PASS	testdir:fixedbugs/issue44739.go	interpreted				testdir	PASS	-	-	0.05
PASS	testdir:fixedbugs/issue44739.go	native				testdir	PASS	-	-	0.01
PASS	testdir:fixedbugs/issue44823.go	compiled				testdir	PASS	-	-	0.24
PASS	testdir:fixedbugs/issue44823.go	interpreted				testdir	PASS	-	-	0.78
PASS	testdir:fixedbugs/issue44823.go	native				testdir	PASS	-	-	0.06
PASS	testdir:fixedbugs/issue44830.go	compiled				testdir	PASS	-	-	0.24
PASS	testdir:fixedbugs/issue44830.go	interpreted				testdir	PASS	-	-	0.79
PASS	testdir:fixedbugs/issue44830.go	native				testdir	PASS	-	-	0.06
PASS	testdir:fixedbugs/issue4495.go	compiled				testdir	PASS	-	-	0.15
PASS	testdir:fixedbugs/issue4495.go	interpreted				testdir	PASS	-	-	0.02
PASS	testdir:fixedbugs/issue4495.go	native				testdir	PASS	-	-	0.05
PASS	testdir:fixedbugs/issue45045.go	compiled				testdir	PASS	-	-	0.23
EXCLUDED	testdir:fixedbugs/issue45045.go	interpreted	gc-observation	runtime.SetFinalizer+runtime.GC on interpreter-owned values: D7's ground (165 D9)	testdir_test.go:153: exit status 1	testdir	FAIL	CATALOG	EXCLUDED	0.9
PASS	testdir:fixedbugs/issue45045.go	native				testdir	PASS	-	-	0.05
PASS	testdir:fixedbugs/issue4510.go	compiled				testdir	PASS	-	-	0.06
PASS	testdir:fixedbugs/issue4510.go	interpreted				testdir	PASS	-	-	0.05
PASS	testdir:fixedbugs/issue4510.go	native				testdir	PASS	-	-	0.01
PASS	testdir:fixedbugs/issue45175.go	compiled				testdir	PASS	-	-	0.13
PASS	testdir:fixedbugs/issue45175.go	interpreted				testdir	PASS	-	-	0.02
PASS	testdir:fixedbugs/issue45175.go	native				testdir	PASS	-	-	0.05
PASS	testdir:fixedbugs/issue4517a.go	compiled				testdir	PASS	-	-	0.01
PASS	testdir:fixedbugs/issue4517a.go	interpreted				testdir	PASS	-	-	0.01
PASS	testdir:fixedbugs/issue4517a.go	native				testdir	PASS	-	-	0.01
PASS	testdir:fixedbugs/issue4517b.go	compiled				testdir	PASS	-	-	0.01
PASS	testdir:fixedbugs/issue4517b.go	interpreted				testdir	PASS	-	-	0.01
PASS	testdir:fixedbugs/issue4517b.go	native				testdir	PASS	-	-	0.01
PASS	testdir:fixedbugs/issue4517c.go	compiled				testdir	PASS	-	-	0.01
PASS	testdir:fixedbugs/issue4517c.go	interpreted				testdir	PASS	-	-	0.01
PASS	testdir:fixedbugs/issue4517c.go	native				testdir	PASS	-	-	0.01
PASS	testdir:fixedbugs/issue4517d.go	compiled				testdir	PASS	-	-	0.06
PASS	testdir:fixedbugs/issue4517d.go	interpreted				testdir	PASS	-	-	0.05
PASS	testdir:fixedbugs/issue4517d.go	native				testdir	PASS	-	-	0.01
PASS	testdir:fixedbugs/issue4518.go	compiled				testdir	PASS	-	-	0.14
PASS	testdir:fixedbugs/issue4518.go	interpreted				testdir	PASS	-	-	0.02
PASS	testdir:fixedbugs/issue4518.go	native				testdir	PASS	-	-	0.05
PASS	testdir:fixedbugs/issue45242.go	compiled				testdir	PASS	-	-	0.28
PASS	testdir:fixedbugs/issue45242.go	interpreted				testdir	PASS	-	-	0.8
PASS	testdir:fixedbugs/issue45242.go	native				testdir	PASS	-	-	0.07
PASS	testdir:fixedbugs/issue45258.go	compiled				testdir	PASS	-	-	0.05
PASS	testdir:fixedbugs/issue45258.go	interpreted				testdir	PASS	-	-	0.01
PASS	testdir:fixedbugs/issue45258.go	native				testdir	PASS	-	-	0.01
PASS	testdir:fixedbugs/issue4529.go	compiled				testdir	PASS	-	-	0.05
PASS	testdir:fixedbugs/issue4529.go	interpreted				testdir	PASS	-	-	0.01
PASS	testdir:fixedbugs/issue4529.go	native				testdir	PASS	-	-	0.01
PASS	testdir:fixedbugs/issue45323.go	compiled				testdir	PASS	-	-	0.04
PASS	testdir:fixedbugs/issue45323.go	interpreted				testdir	PASS	-	-	0.01
PASS	testdir:fixedbugs/issue45323.go	native				testdir	PASS	-	-	0.01
PASS	testdir:fixedbugs/issue45344.go	compiled				testdir	PASS	-	-	0.04
PASS	testdir:fixedbugs/issue45344.go	interpreted				testdir	PASS	-	-	0.01
PASS	testdir:fixedbugs/issue45344.go	native				testdir	PASS	-	-	0.01
PASS	testdir:fixedbugs/issue45359.go	compiled				testdir	PASS	-	-	0.04
PASS	testdir:fixedbugs/issue45359.go	interpreted				testdir	PASS	-	-	0.01
PASS	testdir:fixedbugs/issue45359.go	native				testdir	PASS	-	-	0.01
PASS	testdir:fixedbugs/issue4545.go	compiled				testdir	PASS	-	-	0.06
PASS	testdir:fixedbugs/issue4545.go	interpreted				testdir	PASS	-	-	0.05
PASS	testdir:fixedbugs/issue4545.go	native				testdir	PASS	-	-	0.01
PASS	testdir:fixedbugs/issue45503.go	compiled				testdir	PASS	-	-	0.08
PASS	testdir:fixedbugs/issue45503.go	interpreted				testdir	PASS	-	-	0.02
PASS	testdir:fixedbugs/issue45503.go	native				testdir	PASS	-	-	0.02
PASS	testdir:fixedbugs/issue45606.go	compiled				testdir	PASS	-	-	0.04
PASS	testdir:fixedbugs/issue45606.go	interpreted				testdir	PASS	-	-	0.01
PASS	testdir:fixedbugs/issue45606.go	native				testdir	PASS	-	-	0.01
PASS	testdir:fixedbugs/issue4562.go	compiled				testdir	PASS	-	-	0.35
PASS	testdir:fixedbugs/issue4562.go	interpreted				testdir	PASS	-	-	1.08
PASS	testdir:fixedbugs/issue4562.go	native				testdir	PASS	-	-	0.07
PASS	testdir:fixedbugs/issue45665.go	compiled				testdir	PASS	-	-	0.05
PASS	testdir:fixedbugs/issue45665.go	interpreted				testdir	PASS	-	-	0.01
PASS	testdir:fixedbugs/issue45665.go	native				testdir	PASS	-	-	0.01
PASS	testdir:fixedbugs/issue45693.go	compiled				testdir	PASS	-	-	0.04
PASS	testdir:fixedbugs/issue45693.go	interpreted				testdir	PASS	-	-	0.01
PASS	testdir:fixedbugs/issue45693.go	native				testdir	PASS	-	-	0.01
PASS	testdir:fixedbugs/issue45706.go	compiled				testdir	PASS	-	-	0.05
PASS	testdir:fixedbugs/issue45706.go	interpreted				testdir	PASS	-	-	0.01
PASS	testdir:fixedbugs/issue45706.go	native				testdir	PASS	-	-	0.01
PASS	testdir:fixedbugs/issue45743.go	compiled				testdir	PASS	-	-	0.05
PASS	testdir:fixedbugs/issue45743.go	interpreted				testdir	PASS	-	-	0.01
PASS	testdir:fixedbugs/issue45743.go	native				testdir	PASS	-	-	0.01
PASS	testdir:fixedbugs/issue45804.go	compiled				testdir	PASS	-	-	0.01
PASS	testdir:fixedbugs/issue45804.go	interpreted				testdir	PASS	-	-	0.01
PASS	testdir:fixedbugs/issue45804.go	native				testdir	PASS	-	-	0.01
PASS	testdir:fixedbugs/issue4585.go	compiled				testdir	PASS	-	-	0.17
EXCLUDED	testdir:fixedbugs/issue4585.go	interpreted	unsafe-reinterpretation	unsafe.Pointer memory reinterpretation: the interpreter has no native memory model	testdir_test.go:153: exit status 1	testdir	FAIL	CATALOG	EXCLUDED	0.76
PASS	testdir:fixedbugs/issue4585.go	native				testdir	PASS	-	-	0.05
PASS	testdir:fixedbugs/issue45851.go	compiled				testdir	PASS	-	-	0.3
PASS	testdir:fixedbugs/issue45851.go	interpreted				testdir	PASS	-	-	0.82
PASS	testdir:fixedbugs/issue45851.go	native				testdir	PASS	-	-	0.07
PASS	testdir:fixedbugs/issue4590.go	compiled				testdir	PASS	-	-	0.19
PASS	testdir:fixedbugs/issue4590.go	interpreted				testdir	PASS	-	-	0.04
PASS	testdir:fixedbugs/issue4590.go	native				testdir	PASS	-	-	0.07
PASS	testdir:fixedbugs/issue45913.go	compiled				testdir	PASS	-	-	0.06
PASS	testdir:fixedbugs/issue45913.go	interpreted				testdir	PASS	-	-	0.05
PASS	testdir:fixedbugs/issue45913.go	native				testdir	PASS	-	-	0.01
PASS	testdir:fixedbugs/issue45947.go	compiled				testdir	PASS	-	-	0.04
PASS	testdir:fixedbugs/issue45947.go	interpreted				testdir	PASS	-	-	0.01
PASS	testdir:fixedbugs/issue45947.go	native				testdir	PASS	-	-	0.01
PASS	testdir:fixedbugs/issue45948.go	compiled				testdir	PASS	-	-	0.04
PASS	testdir:fixedbugs/issue45948.go	interpreted				testdir	PASS	-	-	0.01
PASS	testdir:fixedbugs/issue45948.go	native				testdir	PASS	-	-	0.01
PASS	testdir:fixedbugs/issue4610.go	compiled				testdir	PASS	-	-	0.01
PASS	testdir:fixedbugs/issue4610.go	interpreted				testdir	PASS	-	-	0.01
PASS	testdir:fixedbugs/issue4610.go	native				testdir	PASS	-	-	0.01
PASS	testdir:fixedbugs/issue4614.go	compiled				testdir	PASS	-	-	0.06
PASS	testdir:fixedbugs/issue4614.go	interpreted				testdir	PASS	-	-	0.01
PASS	testdir:fixedbugs/issue4614.go	native				testdir	PASS	-	-	0.01
PASS	testdir:fixedbugs/issue4618.go	compiled				testdir	PASS	-	-	0.4
EXCLUDED	testdir:fixedbugs/issue4618.go	interpreted	gc-observation	testing.AllocsPerRun retained callback (165 D9)	testdir_test.go:153: exit status 1	testdir	FAIL	CATALOG	EXCLUDED	1.38
PASS	testdir:fixedbugs/issue4618.go	native				testdir	PASS	-	-	0.08
PASS	testdir:fixedbugs/issue4620.go	compiled				testdir	PASS	-	-	0.28
PASS	testdir:fixedbugs/issue4620.go	interpreted				testdir	PASS	-	-	0.86
PASS	testdir:fixedbugs/issue4620.go	native				testdir	PASS	-	-	0.07
PASS	testdir:fixedbugs/issue46234.go	compiled				testdir	PASS	-	-	0.65
PASS	testdir:fixedbugs/issue46234.go	interpreted				testdir	PASS	-	-	1.86
PASS	testdir:fixedbugs/issue46234.go	native				testdir	PASS	-	-	0.21
PASS	testdir:fixedbugs/issue46304.go	compiled				testdir	PASS	-	-	0.15
PASS	testdir:fixedbugs/issue46304.go	interpreted				testdir	PASS	-	-	0.02
PASS	testdir:fixedbugs/issue46304.go	native				testdir	PASS	-	-	0.05
PASS	testdir:fixedbugs/issue46386.go	compiled				testdir	PASS	-	-	0.05
PASS	testdir:fixedbugs/issue46386.go	interpreted				testdir	PASS	-	-	0.01
PASS	testdir:fixedbugs/issue46386.go	native				testdir	PASS	-	-	0.01
PASS	testdir:fixedbugs/issue46525.go	compiled				testdir	PASS	-	-	0.01
PASS	testdir:fixedbugs/issue46525.go	interpreted				testdir	PASS	-	-	0.01
PASS	testdir:fixedbugs/issue46525.go	native				testdir	PASS	-	-	0.01
PASS	testdir:fixedbugs/issue4654.go	compiled				testdir	PASS	-	-	0.01
PASS	testdir:fixedbugs/issue4654.go	interpreted				testdir	PASS	-	-	0.01
PASS	testdir:fixedbugs/issue4654.go	native				testdir	PASS	-	-	0.01
PASS	testdir:fixedbugs/issue46556.go	compiled				testdir	PASS	-	-	0.04
PASS	testdir:fixedbugs/issue46556.go	interpreted				testdir	PASS	-	-	0.01
PASS	testdir:fixedbugs/issue46556.go	native				testdir	PASS	-	-	0.01
PASS	testdir:fixedbugs/issue4663.go	compiled				testdir	PASS	-	-	0.01
PASS	testdir:fixedbugs/issue4663.go	interpreted				testdir	PASS	-	-	0.01
PASS	testdir:fixedbugs/issue4663.go	native				testdir	PASS	-	-	0.01
PASS	testdir:fixedbugs/issue46653.go	compiled				testdir	PASS	-	-	0.23
PASS	testdir:fixedbugs/issue46653.go	interpreted				testdir	PASS	-	-	0.07
PASS	testdir:fixedbugs/issue46653.go	native				testdir	PASS	-	-	0.09
PASS	testdir:fixedbugs/issue4667.go	compiled				testdir	PASS	-	-	0.39
EXCLUDED	testdir:fixedbugs/issue4667.go	interpreted	gc-observation	testing.AllocsPerRun retained callback (165 D9)	testdir_test.go:153: exit status 1	testdir	FAIL	CATALOG	EXCLUDED	1.28
PASS	testdir:fixedbugs/issue4667.go	native				testdir	PASS	-	-	0.08
PASS	testdir:fixedbugs/issue46720.go	compiled				testdir	PASS	-	-	0.04
PASS	testdir:fixedbugs/issue46720.go	interpreted				testdir	PASS	-	-	0.01
PASS	testdir:fixedbugs/issue46720.go	native				testdir	PASS	-	-	0.01
PASS	testdir:fixedbugs/issue46725.go	compiled				testdir	PASS	-	-	0.22
PASS	testdir:fixedbugs/issue46725.go	interpreted				testdir	PASS	-	-	0.9
PASS	testdir:fixedbugs/issue46725.go	native				testdir	PASS	-	-	0.05
PASS	testdir:fixedbugs/issue46749.go	compiled				testdir	PASS	-	-	0.01
PASS	testdir:fixedbugs/issue46749.go	interpreted				testdir	PASS	-	-	0.01
PASS	testdir:fixedbugs/issue46749.go	native				testdir	PASS	-	-	0.01
PASS	testdir:fixedbugs/issue46903.go	compiled				testdir	PASS	-	-	0.24
EXCLUDED	testdir:fixedbugs/issue46903.go	interpreted	cgo	import "C" / //go:build cgo: the pure-Go product declares cgo out of scope	testdir_test.go:153: exit status 1	testdir	FAIL	CATALOG	EXCLUDED	0.18
PASS	testdir:fixedbugs/issue46903.go	native				testdir	PASS	-	-	0.06
PASS	testdir:fixedbugs/issue46907.go	compiled				testdir	PASS	-	-	0.04
PASS	testdir:fixedbugs/issue46907.go	interpreted				testdir	PASS	-	-	0.01
PASS	testdir:fixedbugs/issue46907.go	native				testdir	PASS	-	-	0.01
PASS	testdir:fixedbugs/issue46938.go	compiled				testdir	PASS	-	-	0.22
EXCLUDED	testdir:fixedbugs/issue46938.go	interpreted	unsafe-reinterpretation	unsafe.Pointer memory reinterpretation: the interpreter has no native memory model	testdir_test.go:153: exit status 2	testdir	FAIL	CATALOG	EXCLUDED	0.88
PASS	testdir:fixedbugs/issue46938.go	native				testdir	PASS	-	-	0.08
PASS	testdir:fixedbugs/issue46957.go	compiled				testdir	PASS	-	-	0.01
PASS	testdir:fixedbugs/issue46957.go	interpreted				testdir	PASS	-	-	0.01
PASS	testdir:fixedbugs/issue46957.go	native				testdir	PASS	-	-	0.01
PASS	testdir:fixedbugs/issue47068.go	compiled				testdir	PASS	-	-	0.27
PASS	testdir:fixedbugs/issue47068.go	interpreted				testdir	PASS	-	-	0.95
PASS	testdir:fixedbugs/issue47068.go	native				testdir	PASS	-	-	0.08
PASS	testdir:fixedbugs/issue47087.go	compiled				testdir	PASS	-	-	0.18
PASS	testdir:fixedbugs/issue47087.go	interpreted				testdir	PASS	-	-	0.05
PASS	testdir:fixedbugs/issue47087.go	native				testdir	PASS	-	-	0.07
PASS	testdir:fixedbugs/issue47131.go	compiled				testdir	PASS	-	-	0.09
PASS	testdir:fixedbugs/issue47131.go	interpreted				testdir	PASS	-	-	0.02
PASS	testdir:fixedbugs/issue47131.go	native				testdir	PASS	-	-	0.02
PASS	testdir:fixedbugs/issue47185.go	compiled				testdir	PASS	-	-	0.55
PASS	testdir:fixedbugs/issue47185.go	interpreted				testdir	PASS	-	-	1.54
PASS	testdir:fixedbugs/issue47185.go	native				testdir	PASS	-	-	0.38
PASS	testdir:fixedbugs/issue47201.go	compiled				testdir	PASS	-	-	0.06
PASS	testdir:fixedbugs/issue47201.go	interpreted				testdir	PASS	-	-	0.06
PASS	testdir:fixedbugs/issue47201.go	native				testdir	PASS	-	-	0.01
PASS	testdir:fixedbugs/issue47227.go	compiled	cgo	import \C\" / //go:build cgo: the pure-Go product declares cgo out of scope"		testdir	PASS	-	-	0.41
EXCLUDED	testdir:fixedbugs/issue47227.go	interpreted	cgo	import \C\" / //go:build cgo: the pure-Go product declares cgo out of scope"	testdir_test.go:153: exit status 1	testdir	FAIL	CATALOG	EXCLUDED	0.05
PASS	testdir:fixedbugs/issue47227.go	native				testdir	PASS	-	-	0.3
PASS	testdir:fixedbugs/issue47317.go	compiled				testdir	PASS	-	-	0.15
PASS	testdir:fixedbugs/issue47317.go	interpreted				testdir	PASS	-	-	0.03
PASS	testdir:fixedbugs/issue47317.go	native				testdir	PASS	-	-	0.32
PASS	testdir:fixedbugs/issue4734.go	compiled				testdir	PASS	-	-	0.04
PASS	testdir:fixedbugs/issue4734.go	interpreted				testdir	PASS	-	-	0.01
PASS	testdir:fixedbugs/issue4734.go	native				testdir	PASS	-	-	0.01
PASS	testdir:fixedbugs/issue4748.go	compiled				testdir	PASS	-	-	0.13
PASS	testdir:fixedbugs/issue4748.go	interpreted				testdir	PASS	-	-	0.02
PASS	testdir:fixedbugs/issue4748.go	native				testdir	PASS	-	-	0.04
PASS	testdir:fixedbugs/issue4752.go	compiled				testdir	PASS	-	-	0.14
PASS	testdir:fixedbugs/issue4752.go	interpreted				testdir	PASS	-	-	0.02
PASS	testdir:fixedbugs/issue4752.go	native				testdir	PASS	-	-	0.05
PASS	testdir:fixedbugs/issue47712.go	compiled				testdir	PASS	-	-	0.05
PASS	testdir:fixedbugs/issue47712.go	interpreted				testdir	PASS	-	-	0.01
PASS	testdir:fixedbugs/issue47712.go	native				testdir	PASS	-	-	0.01
PASS	testdir:fixedbugs/issue4776.go	compiled				testdir	PASS	-	-	0.01
PASS	testdir:fixedbugs/issue4776.go	interpreted				testdir	PASS	-	-	0.01
PASS	testdir:fixedbugs/issue4776.go	native				testdir	PASS	-	-	0.01
PASS	testdir:fixedbugs/issue47771.go	compiled				testdir	PASS	-	-	0.14
PASS	testdir:fixedbugs/issue47771.go	interpreted				testdir	PASS	-	-	0.03
PASS	testdir:fixedbugs/issue47771.go	native				testdir	PASS	-	-	0.05
PASS	testdir:fixedbugs/issue4785.go	compiled				testdir	PASS	-	-	0.14
PASS	testdir:fixedbugs/issue4785.go	interpreted				testdir	PASS	-	-	0.02
PASS	testdir:fixedbugs/issue4785.go	native				testdir	PASS	-	-	0.04
PASS	testdir:fixedbugs/issue47928.go	compiled				testdir	PASS	-	-	0.14
PASS	testdir:fixedbugs/issue47928.go	interpreted				testdir	PASS	-	-	0.02
PASS	testdir:fixedbugs/issue47928.go	native				testdir	PASS	-	-	0.08
PASS	testdir:fixedbugs/issue48026.go	compiled				testdir	PASS	-	-	0.07
PASS	testdir:fixedbugs/issue48026.go	interpreted				testdir	PASS	-	-	0.01
PASS	testdir:fixedbugs/issue48026.go	native				testdir	PASS	-	-	0.01
PASS	testdir:fixedbugs/issue48033.go	compiled				testdir	PASS	-	-	0.22
PASS	testdir:fixedbugs/issue48033.go	interpreted				testdir	PASS	-	-	0.1
PASS	testdir:fixedbugs/issue48033.go	native				testdir	PASS	-	-	0.01
PASS	testdir:fixedbugs/issue48088.go	compiled				testdir	PASS	-	-	0.12
PASS	testdir:fixedbugs/issue48088.go	interpreted				testdir	PASS	-	-	0.02
PASS	testdir:fixedbugs/issue48088.go	native				testdir	PASS	-	-	0.02
PASS	testdir:fixedbugs/issue48092.go	compiled				testdir	PASS	-	-	0.05
PASS	testdir:fixedbugs/issue48092.go	interpreted				testdir	PASS	-	-	0.01
PASS	testdir:fixedbugs/issue48092.go	native				testdir	PASS	-	-	0.01
PASS	testdir:fixedbugs/issue48097.go	compiled				testdir	PASS	-	-	0.05
EXCLUDED	testdir:fixedbugs/issue48097.go	interpreted	gc-only-check	errorcheck expects a gc-only diagnostic go/types cannot express	testdir_test.go:153: compilation succeeded unexpectedly	testdir	FAIL	CATALOG	EXCLUDED	0.01
PASS	testdir:fixedbugs/issue48097.go	native				testdir	PASS	-	-	0.01
PASS	testdir:fixedbugs/issue4813.go	compiled				testdir	PASS	-	-	0.01
PASS	testdir:fixedbugs/issue4813.go	interpreted				testdir	PASS	-	-	0.01
PASS	testdir:fixedbugs/issue4813.go	native				testdir	PASS	-	-	0.01
PASS	testdir:fixedbugs/issue48230.go	compiled				testdir	PASS	-	-	0.01
PASS	testdir:fixedbugs/issue48230.go	interpreted				testdir	PASS	-	-	0.01
PASS	testdir:fixedbugs/issue48230.go	native				testdir	PASS	-	-	0.01
PASS	testdir:fixedbugs/issue48289.go	compiled				testdir	PASS	-	-	0.27
PASS	testdir:fixedbugs/issue48289.go	interpreted				testdir	PASS	-	-	0.92
PASS	testdir:fixedbugs/issue48289.go	native				testdir	PASS	-	-	0.07
PASS	testdir:fixedbugs/issue48301.go	compiled				testdir	PASS	-	-	0.01
PASS	testdir:fixedbugs/issue48301.go	interpreted				testdir	PASS	-	-	0.01
PASS	testdir:fixedbugs/issue48301.go	native				testdir	PASS	-	-	0.01
PASS	testdir:fixedbugs/issue48357.go	compiled				testdir	PASS	-	-	0.25
PASS	testdir:fixedbugs/issue48357.go	interpreted				testdir	PASS	-	-	0.84
PASS	testdir:fixedbugs/issue48357.go	native				testdir	PASS	-	-	0.06
PASS	testdir:fixedbugs/issue48459.go	compiled				testdir	PASS	-	-	0.05
PASS	testdir:fixedbugs/issue48459.go	interpreted				testdir	PASS	-	-	0.01
PASS	testdir:fixedbugs/issue48459.go	native				testdir	PASS	-	-	0.01
PASS	testdir:fixedbugs/issue4847.go	compiled				testdir	PASS	-	-	0.01
PASS	testdir:fixedbugs/issue4847.go	interpreted				testdir	PASS	-	-	0.01
PASS	testdir:fixedbugs/issue4847.go	native				testdir	PASS	-	-	0.01
PASS	testdir:fixedbugs/issue48471.go	compiled				testdir	PASS	-	-	0.01
PASS	testdir:fixedbugs/issue48471.go	interpreted				testdir	PASS	-	-	0.01
PASS	testdir:fixedbugs/issue48471.go	native				testdir	PASS	-	-	0.01
PASS	testdir:fixedbugs/issue48473.go	compiled				testdir	PASS	-	-	0.26
PASS	testdir:fixedbugs/issue48473.go	interpreted				testdir	PASS	-	-	0.93
PASS	testdir:fixedbugs/issue48473.go	native				testdir	PASS	-	-	0.05
PASS	testdir:fixedbugs/issue48476.go	compiled				testdir	PASS	-	-	0.25
PASS	testdir:fixedbugs/issue48476.go	interpreted				testdir	PASS	-	-	0.94
PASS	testdir:fixedbugs/issue48476.go	native				testdir	PASS	-	-	0.06
PASS	testdir:fixedbugs/issue48536.go	compiled				testdir	PASS	-	-	0.15
PASS	testdir:fixedbugs/issue48536.go	interpreted	unsafe-reinterpretation	unsafe.Pointer memory reinterpretation: the interpreter has no native memory model		testdir	PASS	-	-	0.71
PASS	testdir:fixedbugs/issue48536.go	native				testdir	PASS	-	-	0.04
PASS	testdir:fixedbugs/issue48558.go	compiled				testdir	PASS	-	-	0.01
PASS	testdir:fixedbugs/issue48558.go	interpreted				testdir	PASS	-	-	0.01
PASS	testdir:fixedbugs/issue48558.go	native				testdir	PASS	-	-	0.01
PASS	testdir:fixedbugs/issue48784.go	compiled				testdir	PASS	-	-	0.01
PASS	testdir:fixedbugs/issue48784.go	interpreted				testdir	PASS	-	-	0.01
PASS	testdir:fixedbugs/issue48784.go	native				testdir	PASS	-	-	0.01
PASS	testdir:fixedbugs/issue4879.go	compiled				testdir	PASS	-	-	0.09
PASS	testdir:fixedbugs/issue4879.go	interpreted				testdir	PASS	-	-	0.02
PASS	testdir:fixedbugs/issue4879.go	native				testdir	PASS	-	-	0.02
PASS	testdir:fixedbugs/issue48834.go	compiled				testdir	PASS	-	-	0.01
PASS	testdir:fixedbugs/issue48834.go	interpreted				testdir	PASS	-	-	0.01
PASS	testdir:fixedbugs/issue48834.go	native				testdir	PASS	-	-	0.01
PASS	testdir:fixedbugs/issue48835.go	compiled				testdir	PASS	-	-	0.01
PASS	testdir:fixedbugs/issue48835.go	interpreted				testdir	PASS	-	-	0.01
PASS	testdir:fixedbugs/issue48835.go	native				testdir	PASS	-	-	0.01
PASS	testdir:fixedbugs/issue48898.go	compiled				testdir	PASS	-	-	0.14
PASS	testdir:fixedbugs/issue48898.go	interpreted				testdir	PASS	-	-	0.02
PASS	testdir:fixedbugs/issue48898.go	native				testdir	PASS	-	-	0.05
PASS	testdir:fixedbugs/issue48916.go	compiled				testdir	PASS	-	-	0.04
PASS	testdir:fixedbugs/issue48916.go	interpreted				testdir	PASS	-	-	0.01
PASS	testdir:fixedbugs/issue48916.go	native				testdir	PASS	-	-	0.01
PASS	testdir:fixedbugs/issue49003.go	compiled				testdir	PASS	-	-	0.01
PASS	testdir:fixedbugs/issue49003.go	interpreted				testdir	PASS	-	-	0.01
PASS	testdir:fixedbugs/issue49003.go	native				testdir	PASS	-	-	0.01
PASS	testdir:fixedbugs/issue49005a.go	compiled				testdir	PASS	-	-	0.01
PASS	testdir:fixedbugs/issue49005a.go	interpreted				testdir	PASS	-	-	0.01
PASS	testdir:fixedbugs/issue49005a.go	native				testdir	PASS	-	-	0.01
PASS	testdir:fixedbugs/issue49005b.go	compiled				testdir	PASS	-	-	0.01
PASS	testdir:fixedbugs/issue49005b.go	interpreted				testdir	PASS	-	-	0.01
PASS	testdir:fixedbugs/issue49005b.go	native				testdir	PASS	-	-	0.01
PASS	testdir:fixedbugs/issue49016.go	compiled				testdir	PASS	-	-	0.36
PASS	testdir:fixedbugs/issue49016.go	interpreted				testdir	PASS	-	-	0.07
PASS	testdir:fixedbugs/issue49016.go	native				testdir	PASS	-	-	0.07
PASS	testdir:fixedbugs/issue49029.go	compiled				testdir	PASS	-	-	0.07
PASS	testdir:fixedbugs/issue49029.go	interpreted				testdir	PASS	-	-	0.01
PASS	testdir:fixedbugs/issue49029.go	native				testdir	PASS	-	-	0.01
PASS	testdir:fixedbugs/issue49094.go	compiled				testdir	PASS	-	-	0.14
PASS	testdir:fixedbugs/issue49094.go	interpreted				testdir	PASS	-	-	0.03
PASS	testdir:fixedbugs/issue49094.go	native				testdir	PASS	-	-	0.03
PASS	testdir:fixedbugs/issue4909a.go	compiled				testdir	PASS	-	-	0.01
PASS	testdir:fixedbugs/issue4909a.go	interpreted				testdir	PASS	-	-	0.01
PASS	testdir:fixedbugs/issue4909a.go	native				testdir	PASS	-	-	0.01
PASS	testdir:fixedbugs/issue4909b.go	compiled				testdir	PASS	-	-	0.38
PASS	testdir:fixedbugs/issue4909b.go	interpreted				testdir	PASS	-	-	1.4
PASS	testdir:fixedbugs/issue4909b.go	native				testdir	PASS	-	-	0.17
PASS	testdir:fixedbugs/issue49100.go	compiled				testdir	PASS	-	-	0.14
PASS	testdir:fixedbugs/issue49100.go	interpreted				testdir	PASS	-	-	0.02
PASS	testdir:fixedbugs/issue49100.go	native				testdir	PASS	-	-	0.05
PASS	testdir:fixedbugs/issue49100b.go	compiled				testdir	PASS	-	-	0.14
PASS	testdir:fixedbugs/issue49100b.go	interpreted				testdir	PASS	-	-	0.02
PASS	testdir:fixedbugs/issue49100b.go	native				testdir	PASS	-	-	0.05
PASS	testdir:fixedbugs/issue49110.go	compiled				testdir	PASS	-	-	0.23
PASS	testdir:fixedbugs/issue49110.go	interpreted				testdir	PASS	-	-	0.87
PASS	testdir:fixedbugs/issue49110.go	native				testdir	PASS	-	-	0.07
PASS	testdir:fixedbugs/issue49122.go	compiled				testdir	PASS	-	-	0.06
PASS	testdir:fixedbugs/issue49122.go	interpreted				testdir	PASS	-	-	0.01
PASS	testdir:fixedbugs/issue49122.go	native				testdir	PASS	-	-	0.01
PASS	testdir:fixedbugs/issue49143.go	compiled				testdir	PASS	-	-	0.36
PASS	testdir:fixedbugs/issue49143.go	interpreted				testdir	PASS	-	-	0.19
PASS	testdir:fixedbugs/issue49143.go	native				testdir	PASS	-	-	0.04
PASS	testdir:fixedbugs/issue49145.go	compiled				testdir	PASS	-	-	0.15
PASS	testdir:fixedbugs/issue49145.go	interpreted				testdir	PASS	-	-	0.02
PASS	testdir:fixedbugs/issue49145.go	native				testdir	PASS	-	-	0.05
PASS	testdir:fixedbugs/issue49240.go	compiled				testdir	PASS	-	-	0.06
PASS	testdir:fixedbugs/issue49240.go	interpreted				testdir	PASS	-	-	0.01
PASS	testdir:fixedbugs/issue49240.go	native				testdir	PASS	-	-	0.01
PASS	testdir:fixedbugs/issue49249.go	compiled				testdir	PASS	-	-	0.05
PASS	testdir:fixedbugs/issue49249.go	interpreted				testdir	PASS	-	-	0.01
PASS	testdir:fixedbugs/issue49249.go	native				testdir	PASS	-	-	0.01
PASS	testdir:fixedbugs/issue49282.go	compiled				testdir	PASS	-	-	0.05
PASS	testdir:fixedbugs/issue49282.go	interpreted				testdir	PASS	-	-	0.01
PASS	testdir:fixedbugs/issue49282.go	native				testdir	PASS	-	-	0.01
PASS	testdir:fixedbugs/issue4932.go	compiled				testdir	PASS	-	-	0.14
PASS	testdir:fixedbugs/issue4932.go	interpreted				testdir	PASS	-	-	0.03
PASS	testdir:fixedbugs/issue4932.go	native				testdir	PASS	-	-	0.03
PASS	testdir:fixedbugs/issue49368.go	compiled				testdir	PASS	-	-	0.01
PASS	testdir:fixedbugs/issue49368.go	interpreted				testdir	PASS	-	-	0.01
PASS	testdir:fixedbugs/issue49368.go	native				testdir	PASS	-	-	0.01
PASS	testdir:fixedbugs/issue49378.go	compiled				testdir	PASS	-	-	0.08
PASS	testdir:fixedbugs/issue49378.go	interpreted				testdir	PASS	-	-	0.01
PASS	testdir:fixedbugs/issue49378.go	native				testdir	PASS	-	-	0.01
PASS	testdir:fixedbugs/issue49512.go	compiled				testdir	PASS	-	-	0.16
PASS	testdir:fixedbugs/issue49512.go	interpreted				testdir	PASS	-	-	0.02
PASS	testdir:fixedbugs/issue49512.go	native				testdir	PASS	-	-	0.05
PASS	testdir:fixedbugs/issue49592.go	compiled				testdir	PASS	-	-	0.05
PASS	testdir:fixedbugs/issue49592.go	interpreted				testdir	PASS	-	-	0.01
PASS	testdir:fixedbugs/issue49592.go	native				testdir	PASS	-	-	0.01
PASS	testdir:fixedbugs/issue49611.go	compiled				testdir	PASS	-	-	0.04
PASS	testdir:fixedbugs/issue49611.go	interpreted				testdir	PASS	-	-	0.01
PASS	testdir:fixedbugs/issue49611.go	native				testdir	PASS	-	-	0.01
PASS	testdir:fixedbugs/issue49619.go	compiled				testdir	PASS	-	-	0.13
PASS	testdir:fixedbugs/issue49619.go	interpreted				testdir	PASS	-	-	0.01
PASS	testdir:fixedbugs/issue49619.go	native				testdir	PASS	-	-	0.1
PASS	testdir:fixedbugs/issue4964.go	compiled				testdir	PASS	-	-	0.16
PASS	testdir:fixedbugs/issue4964.go	interpreted				testdir	PASS	-	-	0.04
PASS	testdir:fixedbugs/issue4964.go	native				testdir	PASS	-	-	0.06
PASS	testdir:fixedbugs/issue49665.go	compiled				testdir	PASS	-	-	0.3
PASS	testdir:fixedbugs/issue49665.go	interpreted				testdir	PASS	-	-	0.9
PASS	testdir:fixedbugs/issue49665.go	native				testdir	PASS	-	-	0.07
PASS	testdir:fixedbugs/issue49767.go	compiled				testdir	PASS	-	-	0.06
EXCLUDED	testdir:fixedbugs/issue49767.go	interpreted	gc-only-check	errorcheck expects a gc-only diagnostic go/types cannot express	testdir_test.go:153: compilation succeeded unexpectedly	testdir	FAIL	CATALOG	EXCLUDED	0.01
PASS	testdir:fixedbugs/issue49767.go	native				testdir	PASS	-	-	0.01
PASS	testdir:fixedbugs/issue49814.go	compiled				testdir	PASS	-	-	0.06
EXCLUDED	testdir:fixedbugs/issue49814.go	interpreted	gc-only-check	errorcheck expects a gc-only diagnostic go/types cannot express	testdir_test.go:153: compilation succeeded unexpectedly	testdir	FAIL	CATALOG	EXCLUDED	0.01
PASS	testdir:fixedbugs/issue49814.go	native				testdir	PASS	-	-	0.01
PASS	testdir:fixedbugs/issue5002.go	compiled				testdir	PASS	-	-	0.13
PASS	testdir:fixedbugs/issue5002.go	interpreted				testdir	PASS	-	-	0.01
PASS	testdir:fixedbugs/issue5002.go	native				testdir	PASS	-	-	0.09
PASS	testdir:fixedbugs/issue50169.go	compiled				testdir	PASS	-	-	0.07
PASS	testdir:fixedbugs/issue50169.go	interpreted				testdir	PASS	-	-	0.01
PASS	testdir:fixedbugs/issue50169.go	native				testdir	PASS	-	-	0.01
PASS	testdir:fixedbugs/issue50190.go	compiled				testdir	PASS	-	-	0.14
PASS	testdir:fixedbugs/issue50190.go	interpreted				testdir	PASS	-	-	0.02
PASS	testdir:fixedbugs/issue50190.go	native				testdir	PASS	-	-	0.05
PASS	testdir:fixedbugs/issue50372.go	compiled				testdir	PASS	-	-	0.01
PASS	testdir:fixedbugs/issue50372.go	interpreted				testdir	PASS	-	-	0.01
PASS	testdir:fixedbugs/issue50372.go	native				testdir	PASS	-	-	0.01
PASS	testdir:fixedbugs/issue50439.go	compiled				testdir	PASS	-	-	0.04
PASS	testdir:fixedbugs/issue50439.go	interpreted				testdir	PASS	-	-	0.01
PASS	testdir:fixedbugs/issue50439.go	native				testdir	PASS	-	-	0.01
PASS	testdir:fixedbugs/issue5056.go	compiled				testdir	PASS	-	-	0.14
PASS	testdir:fixedbugs/issue5056.go	interpreted				testdir	PASS	-	-	0.02
PASS	testdir:fixedbugs/issue5056.go	native				testdir	PASS	-	-	0.05
PASS	testdir:fixedbugs/issue50671.go	compiled				testdir	PASS	-	-	0.13
PASS	testdir:fixedbugs/issue50671.go	interpreted				testdir	PASS	-	-	0.02
PASS	testdir:fixedbugs/issue50671.go	native				testdir	PASS	-	-	0.05
PASS	testdir:fixedbugs/issue50672.go	compiled				testdir	PASS	-	-	0.14
PASS	testdir:fixedbugs/issue50672.go	interpreted				testdir	PASS	-	-	0.05
PASS	testdir:fixedbugs/issue50672.go	native				testdir	PASS	-	-	0.05
PASS	testdir:fixedbugs/issue50788.go	compiled				testdir	PASS	-	-	0.06
PASS	testdir:fixedbugs/issue50788.go	interpreted				testdir	PASS	-	-	0.02
PASS	testdir:fixedbugs/issue50788.go	native				testdir	PASS	-	-	0.02
PASS	testdir:fixedbugs/issue50854.go	compiled				testdir	PASS	-	-	0.14
PASS	testdir:fixedbugs/issue50854.go	interpreted				testdir	PASS	-	-	0.02
PASS	testdir:fixedbugs/issue50854.go	native				testdir	PASS	-	-	0.05
PASS	testdir:fixedbugs/issue5089.go	compiled				testdir	PASS	-	-	0.05
PASS	testdir:fixedbugs/issue5089.go	interpreted				testdir	PASS	-	-	0.05
PASS	testdir:fixedbugs/issue5089.go	native				testdir	PASS	-	-	0.01
PASS	testdir:fixedbugs/issue5105.go	compiled				testdir	PASS	-	-	0.17
PASS	testdir:fixedbugs/issue5105.go	interpreted				testdir	PASS	-	-	0.03
PASS	testdir:fixedbugs/issue5105.go	native				testdir	PASS	-	-	0.06
PASS	testdir:fixedbugs/issue51101.go	compiled				testdir	PASS	-	-	0.15
PASS	testdir:fixedbugs/issue51101.go	interpreted				testdir	PASS	-	-	0.03
PASS	testdir:fixedbugs/issue51101.go	native				testdir	PASS	-	-	0.04
PASS	testdir:fixedbugs/issue5125.go	compiled				testdir	PASS	-	-	0.09
PASS	testdir:fixedbugs/issue5125.go	interpreted				testdir	PASS	-	-	0.02
PASS	testdir:fixedbugs/issue5125.go	native				testdir	PASS	-	-	0.02
PASS	testdir:fixedbugs/issue51291.go	compiled				testdir	PASS	-	-	0.1
PASS	testdir:fixedbugs/issue51291.go	interpreted				testdir	PASS	-	-	0.02
PASS	testdir:fixedbugs/issue51291.go	native				testdir	PASS	-	-	0.02
PASS	testdir:fixedbugs/issue51401.go	compiled				testdir	PASS	-	-	0.22
PASS	testdir:fixedbugs/issue51401.go	interpreted				testdir	PASS	-	-	0.89
PASS	testdir:fixedbugs/issue51401.go	native				testdir	PASS	-	-	0.05
PASS	testdir:fixedbugs/issue51437.go	compiled				testdir	PASS	-	-	0.05
PASS	testdir:fixedbugs/issue51437.go	interpreted				testdir	PASS	-	-	0.01
PASS	testdir:fixedbugs/issue51437.go	native				testdir	PASS	-	-	0.01
PASS	testdir:fixedbugs/issue51475.go	compiled				testdir	PASS	-	-	0.04
PASS	testdir:fixedbugs/issue51475.go	interpreted				testdir	PASS	-	-	0.01
PASS	testdir:fixedbugs/issue51475.go	native				testdir	PASS	-	-	0.01
PASS	testdir:fixedbugs/issue51531.go	compiled				testdir	PASS	-	-	0.01
PASS	testdir:fixedbugs/issue51531.go	interpreted				testdir	PASS	-	-	0.01
PASS	testdir:fixedbugs/issue51531.go	native				testdir	PASS	-	-	0.01
PASS	testdir:fixedbugs/issue5162.go	compiled				testdir	PASS	-	-	2.03
PASS	testdir:fixedbugs/issue5162.go	interpreted				testdir	PASS	-	-	2.53
PASS	testdir:fixedbugs/issue5162.go	native				testdir	PASS	-	-	0.89
PASS	testdir:fixedbugs/issue5172.go	compiled				testdir	PASS	-	-	0.01
PASS	testdir:fixedbugs/issue5172.go	interpreted				testdir	PASS	-	-	0.01
PASS	testdir:fixedbugs/issue5172.go	native				testdir	PASS	-	-	0.01
PASS	testdir:fixedbugs/issue51733.go	compiled				testdir	PASS	-	-	0.36
EXCLUDED	testdir:fixedbugs/issue51733.go	interpreted	cgo	import "C" / //go:build cgo: the pure-Go product declares cgo out of scope	testdir_test.go:153: exit status 1	testdir	FAIL	CATALOG	EXCLUDED	1.05
PASS	testdir:fixedbugs/issue51733.go	native				testdir	PASS	-	-	0.07
PASS	testdir:fixedbugs/issue51839.go	compiled				testdir	PASS	-	-	0.05
PASS	testdir:fixedbugs/issue51839.go	interpreted				testdir	PASS	-	-	0.01
PASS	testdir:fixedbugs/issue51839.go	native				testdir	PASS	-	-	0.01
PASS	testdir:fixedbugs/issue51913.go	compiled				testdir	PASS	-	-	0.14
PASS	testdir:fixedbugs/issue51913.go	interpreted				testdir	PASS	-	-	0.02
PASS	testdir:fixedbugs/issue51913.go	native				testdir	PASS	-	-	0.05
PASS	testdir:fixedbugs/issue52020.go	compiled				testdir	PASS	-	-	0.05
PASS	testdir:fixedbugs/issue52020.go	interpreted				testdir	PASS	-	-	0.01
PASS	testdir:fixedbugs/issue52020.go	native				testdir	PASS	-	-	0.01
PASS	testdir:fixedbugs/issue52072.go	compiled				testdir	PASS	-	-	0.13
PASS	testdir:fixedbugs/issue52072.go	interpreted				testdir	PASS	-	-	0.02
PASS	testdir:fixedbugs/issue52072.go	native				testdir	PASS	-	-	0.04
PASS	testdir:fixedbugs/issue52127.go	compiled				testdir	PASS	-	-	0.48
PASS	testdir:fixedbugs/issue52127.go	interpreted				testdir	PASS	-	-	1.65
PASS	testdir:fixedbugs/issue52127.go	native				testdir	PASS	-	-	0.11
PASS	testdir:fixedbugs/issue52128.go	compiled				testdir	PASS	-	-	0.14
PASS	testdir:fixedbugs/issue52128.go	interpreted				testdir	PASS	-	-	0.03
PASS	testdir:fixedbugs/issue52128.go	native				testdir	PASS	-	-	0.03
PASS	testdir:fixedbugs/issue52193.go	compiled				testdir	PASS	-	-	0.07
EXCLUDED	testdir:fixedbugs/issue52193.go	interpreted	compiler-diagnostic	test asserts gc optimizer output (-m/-d=); an interpreter has no optimizer to report on	testdir_test.go:153: Bash++ backend unsupported: optimizer diagnostics are a compiler artifact; the check interface has no inlining, escape-analysis or SSA meaning	testdir	FAIL	CATALOG	EXCLUDED	0
PASS	testdir:fixedbugs/issue52193.go	native				testdir	PASS	-	-	0.01
PASS	testdir:fixedbugs/issue52278.go	compiled				testdir	PASS	-	-	0.05
PASS	testdir:fixedbugs/issue52278.go	interpreted				testdir	PASS	-	-	0.01
PASS	testdir:fixedbugs/issue52278.go	native				testdir	PASS	-	-	0.01
PASS	testdir:fixedbugs/issue52279.go	compiled				testdir	PASS	-	-	0.12
PASS	testdir:fixedbugs/issue52279.go	interpreted				testdir	PASS	-	-	0.03
PASS	testdir:fixedbugs/issue52279.go	native				testdir	PASS	-	-	0.06
PASS	testdir:fixedbugs/issue5231.go	compiled				testdir	PASS	-	-	0.06
PASS	testdir:fixedbugs/issue5231.go	interpreted				testdir	PASS	-	-	0.01
PASS	testdir:fixedbugs/issue5231.go	native				testdir	PASS	-	-	0.01
PASS	testdir:fixedbugs/issue52438.go	compiled				testdir	PASS	-	-	0.15
PASS	testdir:fixedbugs/issue52438.go	interpreted				testdir	PASS	-	-	0.02
PASS	testdir:fixedbugs/issue52438.go	native				testdir	PASS	-	-	0.05
PASS	testdir:fixedbugs/issue5244.go	compiled				testdir	PASS	-	-	0.15
PASS	testdir:fixedbugs/issue5244.go	interpreted				testdir	PASS	-	-	0.02
PASS	testdir:fixedbugs/issue5244.go	native				testdir	PASS	-	-	0.05
PASS	testdir:fixedbugs/issue52535.go	compiled				testdir	PASS	-	-	0.04
PASS	testdir:fixedbugs/issue52535.go	interpreted				testdir	PASS	-	-	0.01
PASS	testdir:fixedbugs/issue52535.go	native				testdir	PASS	-	-	0.01
PASS	testdir:fixedbugs/issue5259.go	compiled				testdir	PASS	-	-	0.12
PASS	testdir:fixedbugs/issue5259.go	interpreted				testdir	PASS	-	-	0.02
PASS	testdir:fixedbugs/issue5259.go	native				testdir	PASS	-	-	0.02
PASS	testdir:fixedbugs/issue52590.go	compiled				testdir	PASS	-	-	0.11
PASS	testdir:fixedbugs/issue52590.go	interpreted				testdir	PASS	-	-	0.02
PASS	testdir:fixedbugs/issue52590.go	native				testdir	PASS	-	-	0.02
PASS	testdir:fixedbugs/issue5260.go	compiled				testdir	PASS	-	-	0.12
PASS	testdir:fixedbugs/issue5260.go	interpreted				testdir	PASS	-	-	0.03
PASS	testdir:fixedbugs/issue5260.go	native				testdir	PASS	-	-	0.05
PASS	testdir:fixedbugs/issue52612.go	compiled				testdir	PASS	-	-	0.18
EXCLUDED	testdir:fixedbugs/issue52612.go	interpreted	unsafe-reinterpretation	unsafe.Pointer memory reinterpretation: the interpreter has no native memory model	testdir_test.go:153: exit status 2	testdir	FAIL	CATALOG	EXCLUDED	0.85
PASS	testdir:fixedbugs/issue52612.go	native				testdir	PASS	-	-	0.05
PASS	testdir:fixedbugs/issue52673.go	compiled				testdir	PASS	-	-	0.05
PASS	testdir:fixedbugs/issue52673.go	interpreted				testdir	PASS	-	-	0.01
PASS	testdir:fixedbugs/issue52673.go	native				testdir	PASS	-	-	0.01
PASS	testdir:fixedbugs/issue52697.go	compiled				testdir	PASS	-	-	0.06
EXCLUDED	testdir:fixedbugs/issue52697.go	interpreted	gc-only-check	errorcheck expects a gc-only diagnostic go/types cannot express	testdir_test.go:153: compilation succeeded unexpectedly	testdir	FAIL	CATALOG	EXCLUDED	0.01
PASS	testdir:fixedbugs/issue52697.go	native				testdir	PASS	-	-	0.01
PASS	testdir:fixedbugs/issue52701.go	compiled				testdir	PASS	-	-	0.06
PASS	testdir:fixedbugs/issue52701.go	interpreted				testdir	PASS	-	-	0.01
PASS	testdir:fixedbugs/issue52701.go	native				testdir	PASS	-	-	0.01
PASS	testdir:fixedbugs/issue52748.go	compiled				testdir	PASS	-	-	0.02
PASS	testdir:fixedbugs/issue52748.go	interpreted				testdir	PASS	-	-	0.01
PASS	testdir:fixedbugs/issue52748.go	native				testdir	PASS	-	-	0.01
PASS	testdir:fixedbugs/issue52788.go	compiled				testdir	PASS	-	-	0.28
PASS	testdir:fixedbugs/issue52788.go	interpreted				testdir	PASS	-	-	1.08
PASS	testdir:fixedbugs/issue52788.go	native				testdir	PASS	-	-	0.07
PASS	testdir:fixedbugs/issue52788a.go	compiled				testdir	PASS	-	-	0.27
PASS	testdir:fixedbugs/issue52788a.go	interpreted				testdir	PASS	-	-	1.21
PASS	testdir:fixedbugs/issue52788a.go	native				testdir	PASS	-	-	0.07
PASS	testdir:fixedbugs/issue52841.go	compiled				testdir	PASS	-	-	0.04
PASS	testdir:fixedbugs/issue52841.go	interpreted				testdir	PASS	-	-	0.01
PASS	testdir:fixedbugs/issue52841.go	native				testdir	PASS	-	-	0.01
PASS	testdir:fixedbugs/issue52846.go	compiled				testdir	PASS	-	-	0.05
PASS	testdir:fixedbugs/issue52846.go	interpreted				testdir	PASS	-	-	0.01
PASS	testdir:fixedbugs/issue52846.go	native				testdir	PASS	-	-	0.01
PASS	testdir:fixedbugs/issue52856.go	compiled				testdir	PASS	-	-	0.13
PASS	testdir:fixedbugs/issue52856.go	interpreted				testdir	PASS	-	-	0.03
PASS	testdir:fixedbugs/issue52856.go	native				testdir	PASS	-	-	0.05
PASS	testdir:fixedbugs/issue52862.go	compiled				testdir	PASS	-	-	0.08
PASS	testdir:fixedbugs/issue52862.go	interpreted				testdir	PASS	-	-	0.02
PASS	testdir:fixedbugs/issue52862.go	native				testdir	PASS	-	-	0.02
PASS	testdir:fixedbugs/issue52870.go	compiled				testdir	PASS	-	-	0.04
PASS	testdir:fixedbugs/issue52870.go	interpreted				testdir	PASS	-	-	0.01
PASS	testdir:fixedbugs/issue52870.go	native				testdir	PASS	-	-	0.01
PASS	testdir:fixedbugs/issue52871.go	compiled				testdir	PASS	-	-	0.05
PASS	testdir:fixedbugs/issue52871.go	interpreted				testdir	PASS	-	-	0.01
PASS	testdir:fixedbugs/issue52871.go	native				testdir	PASS	-	-	0.01
PASS	testdir:fixedbugs/issue52907.go	compiled				testdir	PASS	-	-	0.05
PASS	testdir:fixedbugs/issue52907.go	interpreted				testdir	PASS	-	-	0.01
PASS	testdir:fixedbugs/issue52907.go	native				testdir	PASS	-	-	0.01
PASS	testdir:fixedbugs/issue5291.go	compiled				testdir	PASS	-	-	0.21
PASS	testdir:fixedbugs/issue5291.go	interpreted				testdir	PASS	-	-	1.02
PASS	testdir:fixedbugs/issue5291.go	native				testdir	PASS	-	-	0.06
PASS	testdir:fixedbugs/issue52953.go	compiled				testdir	PASS	-	-	0.13
PASS	testdir:fixedbugs/issue52953.go	interpreted				testdir	PASS	-	-	0.02
PASS	testdir:fixedbugs/issue52953.go	native				testdir	PASS	-	-	0.05
PASS	testdir:fixedbugs/issue53018.go	compiled				testdir	PASS	-	-	0.06
PASS	testdir:fixedbugs/issue53018.go	interpreted				testdir	PASS	-	-	0.01
PASS	testdir:fixedbugs/issue53018.go	native				testdir	PASS	-	-	0.01
PASS	testdir:fixedbugs/issue53137.go	compiled				testdir	PASS	-	-	0.13
PASS	testdir:fixedbugs/issue53137.go	interpreted				testdir	PASS	-	-	0.72
PASS	testdir:fixedbugs/issue53137.go	native				testdir	PASS	-	-	0.05
PASS	testdir:fixedbugs/issue53309.go	compiled				testdir	PASS	-	-	0.13
PASS	testdir:fixedbugs/issue53309.go	interpreted				testdir	PASS	-	-	0.02
PASS	testdir:fixedbugs/issue53309.go	native				testdir	PASS	-	-	0.05
PASS	testdir:fixedbugs/issue53439.go	compiled				testdir	PASS	-	-	0.04
PASS	testdir:fixedbugs/issue53439.go	interpreted				testdir	PASS	-	-	0.01
PASS	testdir:fixedbugs/issue53439.go	native				testdir	PASS	-	-	0.01
PASS	testdir:fixedbugs/issue53454.go	compiled				testdir	PASS	-	-	0.04
PASS	testdir:fixedbugs/issue53454.go	interpreted				testdir	PASS	-	-	0.01
PASS	testdir:fixedbugs/issue53454.go	native				testdir	PASS	-	-	0.02
PASS	testdir:fixedbugs/issue5358.go	compiled				testdir	PASS	-	-	0.01
PASS	testdir:fixedbugs/issue5358.go	interpreted				testdir	PASS	-	-	0.01
PASS	testdir:fixedbugs/issue5358.go	native				testdir	PASS	-	-	0.01
PASS	testdir:fixedbugs/issue53600.go	compiled				testdir	PASS	-	-	0.18
PASS	testdir:fixedbugs/issue53600.go	interpreted				testdir	PASS	-	-	0.78
PASS	testdir:fixedbugs/issue53600.go	native				testdir	PASS	-	-	0.05
PASS	testdir:fixedbugs/issue53619.go	compiled				testdir	PASS	-	-	0.15
PASS	testdir:fixedbugs/issue53619.go	interpreted				testdir	PASS	-	-	0.02
PASS	testdir:fixedbugs/issue53619.go	native				testdir	PASS	-	-	0.05
PASS	testdir:fixedbugs/issue53635.go	compiled				testdir	PASS	-	-	0.29
PASS	testdir:fixedbugs/issue53635.go	interpreted				testdir	PASS	-	-	0.02
PASS	testdir:fixedbugs/issue53635.go	native				testdir	PASS	-	-	0.05
PASS	testdir:fixedbugs/issue53653.go	compiled				testdir	PASS	-	-	0.36
PASS	testdir:fixedbugs/issue53653.go	interpreted				testdir	PASS	-	-	0.78
PASS	testdir:fixedbugs/issue53653.go	native				testdir	PASS	-	-	0.05
PASS	testdir:fixedbugs/issue53702.go	compiled				testdir	PASS	-	-	0.16
PASS	testdir:fixedbugs/issue53702.go	interpreted				testdir	PASS	-	-	0.03
PASS	testdir:fixedbugs/issue53702.go	native				testdir	PASS	-	-	0.05
PASS	testdir:fixedbugs/issue5373.go	compiled				testdir	PASS	-	-	0.27
PASS	testdir:fixedbugs/issue5373.go	interpreted				testdir	PASS	-	-	0.99
PASS	testdir:fixedbugs/issue5373.go	native				testdir	PASS	-	-	0.07
PASS	testdir:fixedbugs/issue53982.go	compiled				testdir	PASS	-	-	0.15
PASS	testdir:fixedbugs/issue53982.go	interpreted				testdir	PASS	-	-	0.01
PASS	testdir:fixedbugs/issue53982.go	native				testdir	PASS	-	-	0.1
PASS	testdir:fixedbugs/issue54159.go	compiled				testdir	PASS	-	-	0.06
EXCLUDED	testdir:fixedbugs/issue54159.go	interpreted	compiler-diagnostic	test asserts gc optimizer output (-m/-d=); an interpreter has no optimizer to report on	testdir_test.go:153: Bash++ backend unsupported: optimizer diagnostics are a compiler artifact; the check interface has no inlining, escape-analysis or SSA meaning	testdir	FAIL	CATALOG	EXCLUDED	0
PASS	testdir:fixedbugs/issue54159.go	native				testdir	PASS	-	-	0.01
PASS	testdir:fixedbugs/issue54220.go	compiled				testdir	PASS	-	-	0.27
PASS	testdir:fixedbugs/issue54220.go	interpreted				testdir	PASS	-	-	0.95
PASS	testdir:fixedbugs/issue54220.go	native				testdir	PASS	-	-	0.05
PASS	testdir:fixedbugs/issue54280.go	compiled				testdir	PASS	-	-	0.01
PASS	testdir:fixedbugs/issue54280.go	interpreted				testdir	PASS	-	-	0.01
PASS	testdir:fixedbugs/issue54280.go	native				testdir	PASS	-	-	0.01
PASS	testdir:fixedbugs/issue54307.go	compiled				testdir	PASS	-	-	0.05
PASS	testdir:fixedbugs/issue54307.go	interpreted				testdir	PASS	-	-	0.01
PASS	testdir:fixedbugs/issue54307.go	native				testdir	PASS	-	-	0.01
PASS	testdir:fixedbugs/issue54343.go	compiled				testdir	PASS	-	-	0.23
EXCLUDED	testdir:fixedbugs/issue54343.go	interpreted	gc-observation	GC/finalizer observation of interpreter-owned values: no native GC to observe	testdir_test.go:153: exit status 2	testdir	FAIL	CATALOG	EXCLUDED	0.98
PASS	testdir:fixedbugs/issue54343.go	native				testdir	PASS	-	-	0.05
PASS	testdir:fixedbugs/issue54348.go	compiled				testdir	PASS	-	-	0.15
PASS	testdir:fixedbugs/issue54348.go	interpreted				testdir	PASS	-	-	0.02
PASS	testdir:fixedbugs/issue54348.go	native				testdir	PASS	-	-	0.05
PASS	testdir:fixedbugs/issue54467.go	compiled				testdir	PASS	-	-	0.27
PASS	testdir:fixedbugs/issue54467.go	interpreted				testdir	PASS	-	-	0.88
PASS	testdir:fixedbugs/issue54467.go	native				testdir	PASS	-	-	0.07
PASS	testdir:fixedbugs/issue54542.go	compiled				testdir	PASS	-	-	0.49
PASS	testdir:fixedbugs/issue54542.go	interpreted				testdir	PASS	-	-	1.56
PASS	testdir:fixedbugs/issue54542.go	native				testdir	PASS	-	-	0.1
PASS	testdir:fixedbugs/issue54632.go	compiled				testdir	PASS	-	-	0.14
PASS	testdir:fixedbugs/issue54632.go	interpreted				testdir	PASS	-	-	0.02
PASS	testdir:fixedbugs/issue54632.go	native				testdir	PASS	-	-	0.05
PASS	testdir:fixedbugs/issue54638.go	compiled				testdir	PASS	-	-	0.06
PASS	testdir:fixedbugs/issue54638.go	interpreted				testdir	PASS	-	-	0.03
PASS	testdir:fixedbugs/issue54638.go	native				testdir	PASS	-	-	0.01
PASS	testdir:fixedbugs/issue5470.go	compiled				testdir	PASS	-	-	0.09
PASS	testdir:fixedbugs/issue5470.go	interpreted				testdir	PASS	-	-	0.02
PASS	testdir:fixedbugs/issue5470.go	native				testdir	PASS	-	-	0.02
PASS	testdir:fixedbugs/issue54722.go	compiled				testdir	PASS	-	-	0.05
PASS	testdir:fixedbugs/issue54722.go	interpreted				testdir	PASS	-	-	0.01
PASS	testdir:fixedbugs/issue54722.go	native				testdir	PASS	-	-	0.01
PASS	testdir:fixedbugs/issue54722b.go	compiled				testdir	PASS	-	-	0.05
PASS	testdir:fixedbugs/issue54722b.go	interpreted				testdir	PASS	-	-	0.01
PASS	testdir:fixedbugs/issue54722b.go	native				testdir	PASS	-	-	0.02
PASS	testdir:fixedbugs/issue54911.go	compiled				testdir	PASS	-	-	0.06
PASS	testdir:fixedbugs/issue54911.go	interpreted				testdir	PASS	-	-	0.01
PASS	testdir:fixedbugs/issue54911.go	native				testdir	PASS	-	-	0.01
PASS	testdir:fixedbugs/issue54912.go	compiled				testdir	PASS	-	-	0.12
PASS	testdir:fixedbugs/issue54912.go	interpreted				testdir	PASS	-	-	0.03
PASS	testdir:fixedbugs/issue54912.go	native				testdir	PASS	-	-	0.06
PASS	testdir:fixedbugs/issue5493.go	compiled				testdir	PASS	-	-	0.61
PASS	testdir:fixedbugs/issue5493.go	interpreted				testdir	PASS	-	FIXED	1.54
PASS	testdir:fixedbugs/issue5493.go	native				testdir	PASS	-	-	0.27
PASS	testdir:fixedbugs/issue54959.go	compiled				testdir	PASS	-	-	0.14
PASS	testdir:fixedbugs/issue54959.go	interpreted				testdir	PASS	-	-	0.02
PASS	testdir:fixedbugs/issue54959.go	native				testdir	PASS	-	-	0.05
PASS	testdir:fixedbugs/issue54991.go	compiled				testdir	PASS	-	-	0.07
PASS	testdir:fixedbugs/issue54991.go	interpreted				testdir	PASS	-	-	0.03
PASS	testdir:fixedbugs/issue54991.go	native				testdir	PASS	-	-	0.01
PASS	testdir:fixedbugs/issue55122.go	compiled				testdir	PASS	-	-	0.16
PASS	testdir:fixedbugs/issue55122.go	interpreted				testdir	PASS	-	-	2.06
PASS	testdir:fixedbugs/issue55122.go	native				testdir	PASS	-	-	0.06
PASS	testdir:fixedbugs/issue55122b.go	compiled				testdir	PASS	-	-	0.15
PASS	testdir:fixedbugs/issue55122b.go	interpreted				testdir	PASS	-	-	2.05
PASS	testdir:fixedbugs/issue55122b.go	native				testdir	PASS	-	-	0.06
PASS	testdir:fixedbugs/issue5515.go	compiled				testdir	PASS	-	-	0.14
PASS	testdir:fixedbugs/issue5515.go	interpreted				testdir	PASS	-	-	0.02
PASS	testdir:fixedbugs/issue5515.go	native				testdir	PASS	-	-	0.05
PASS	testdir:fixedbugs/issue55242.go	compiled				testdir	PASS	-	-	0.05
PASS	testdir:fixedbugs/issue55242.go	interpreted				testdir	PASS	-	-	0.01
PASS	testdir:fixedbugs/issue55242.go	native				testdir	PASS	-	-	0.01
PASS	testdir:fixedbugs/issue5581.go	compiled				testdir	PASS	-	-	0.07
PASS	testdir:fixedbugs/issue5581.go	interpreted				testdir	PASS	-	-	0.05
PASS	testdir:fixedbugs/issue5581.go	native				testdir	PASS	-	-	0.01
PASS	testdir:fixedbugs/issue55889.go	compiled				testdir	PASS	-	-	0.05
PASS	testdir:fixedbugs/issue55889.go	interpreted				testdir	PASS	-	-	0.01
PASS	testdir:fixedbugs/issue55889.go	native				testdir	PASS	-	-	0.01
PASS	testdir:fixedbugs/issue5607.go	compiled				testdir	PASS	-	-	0.15
PASS	testdir:fixedbugs/issue5607.go	interpreted				testdir	PASS	-	-	0.02
PASS	testdir:fixedbugs/issue5607.go	native				testdir	PASS	-	-	0.05
PASS	testdir:fixedbugs/issue5609.go	compiled				testdir	PASS	-	-	0.01
PASS	testdir:fixedbugs/issue5609.go	interpreted				testdir	PASS	-	-	0.01
PASS	testdir:fixedbugs/issue5609.go	native				testdir	PASS	-	-	0.01
PASS	testdir:fixedbugs/issue56103.go	compiled				testdir	PASS	-	-	0.04
EXCLUDED	testdir:fixedbugs/issue56103.go	interpreted	gc-only-check	errorcheck expects a gc-only diagnostic go/types cannot express	testdir_test.go:153: compilation succeeded unexpectedly	testdir	FAIL	CATALOG	EXCLUDED	0.01
PASS	testdir:fixedbugs/issue56103.go	native				testdir	PASS	-	-	0.01
PASS	testdir:fixedbugs/issue56105.go	compiled				testdir	PASS	-	-	0.05
PASS	testdir:fixedbugs/issue56105.go	interpreted				testdir	PASS	-	-	0.01
PASS	testdir:fixedbugs/issue56105.go	native				testdir	PASS	-	-	0.01
PASS	testdir:fixedbugs/issue56109.go	compiled				testdir	PASS	-	-	0.09
PASS	testdir:fixedbugs/issue56109.go	interpreted				testdir	PASS	-	-	0.03
PASS	testdir:fixedbugs/issue56109.go	native				testdir	PASS	-	-	0.01
PASS	testdir:fixedbugs/issue5614.go	compiled				testdir	PASS	-	FIXED	0.13
PASS	testdir:fixedbugs/issue5614.go	interpreted				testdir	PASS	-	-	0.03
PASS	testdir:fixedbugs/issue5614.go	native				testdir	PASS	-	-	0.03
PASS	testdir:fixedbugs/issue56141.go	compiled				testdir	PASS	-	-	0.05
PASS	testdir:fixedbugs/issue56141.go	interpreted				testdir	PASS	-	-	0.01
PASS	testdir:fixedbugs/issue56141.go	native				testdir	PASS	-	-	0.01
PASS	testdir:fixedbugs/issue56220.go	compiled				testdir	PASS	-	-	0.01
PASS	testdir:fixedbugs/issue56220.go	interpreted				testdir	PASS	-	-	0.01
PASS	testdir:fixedbugs/issue56220.go	native				testdir	PASS	-	-	0.01
PASS	testdir:fixedbugs/issue56280.go	compiled				testdir	PASS	-	-	0.09
EXCLUDED	testdir:fixedbugs/issue56280.go	interpreted	compiler-diagnostic	errorcheck row expects gc inlining/intrinsic diagnostics; an interpreter has none	testdir_test.go:1278: gc output:	testdir	FAIL	CATALOG	EXCLUDED	0.01
PASS	testdir:fixedbugs/issue56280.go	native				testdir	PASS	-	-	0.02
PASS	testdir:fixedbugs/issue56727.go	compiled				testdir	PASS	-	-	0.04
PASS	testdir:fixedbugs/issue56727.go	interpreted				testdir	PASS	-	-	0.01
PASS	testdir:fixedbugs/issue56727.go	native				testdir	PASS	-	-	0.01
PASS	testdir:fixedbugs/issue56768.go	compiled				testdir	PASS	-	-	0.04
PASS	testdir:fixedbugs/issue56768.go	interpreted				testdir	PASS	-	-	0.01
PASS	testdir:fixedbugs/issue56768.go	native				testdir	PASS	-	-	0.01
PASS	testdir:fixedbugs/issue56777.go	compiled				testdir	PASS	-	-	0.05
PASS	testdir:fixedbugs/issue56777.go	interpreted				testdir	PASS	-	-	0.01
PASS	testdir:fixedbugs/issue56777.go	native				testdir	PASS	-	-	0.01
PASS	testdir:fixedbugs/issue56778.go	compiled				testdir	PASS	-	-	0.1
PASS	testdir:fixedbugs/issue56778.go	interpreted				testdir	PASS	-	-	0.02
PASS	testdir:fixedbugs/issue56778.go	native				testdir	PASS	-	-	0.02
PASS	testdir:fixedbugs/issue56923.go	compiled				testdir	PASS	-	-	0.05
PASS	testdir:fixedbugs/issue56923.go	interpreted				testdir	PASS	-	-	0.01
PASS	testdir:fixedbugs/issue56923.go	native				testdir	PASS	-	-	0.01
PASS	testdir:fixedbugs/issue5698.go	compiled				testdir	PASS	-	-	0.01
PASS	testdir:fixedbugs/issue5698.go	interpreted				testdir	PASS	-	-	0.01
PASS	testdir:fixedbugs/issue5698.go	native				testdir	PASS	-	-	0.01
PASS	testdir:fixedbugs/issue56990.go	compiled				testdir	PASS	-	-	0.5
PASS	testdir:fixedbugs/issue56990.go	interpreted				testdir	PASS	-	-	1.59
PASS	testdir:fixedbugs/issue56990.go	native				testdir	PASS	-	-	0.1
PASS	testdir:fixedbugs/issue5704.go	compiled				testdir	PASS	-	-	0.15
PASS	testdir:fixedbugs/issue5704.go	interpreted				testdir	PASS	-	-	0.02
PASS	testdir:fixedbugs/issue5704.go	native				testdir	PASS	-	-	0.05
PASS	testdir:fixedbugs/issue57184.go	compiled				testdir	PASS	-	-	0.36
PASS	testdir:fixedbugs/issue57184.go	interpreted				testdir	PASS	-	-	3.28
PASS	testdir:fixedbugs/issue57184.go	native				testdir	PASS	-	-	0.08
PASS	testdir:fixedbugs/issue57309.go	compiled				testdir	PASS	-	-	0.14
PASS	testdir:fixedbugs/issue57309.go	interpreted				testdir	PASS	-	-	0.02
PASS	testdir:fixedbugs/issue57309.go	native				testdir	PASS	-	-	0.05
PASS	testdir:fixedbugs/issue5753.go	compiled				testdir	PASS	-	-	0.14
PASS	testdir:fixedbugs/issue5753.go	interpreted				testdir	PASS	-	-	0.02
PASS	testdir:fixedbugs/issue5753.go	native				testdir	PASS	-	-	0.05
PASS	testdir:fixedbugs/issue5755.go	compiled				testdir	PASS	-	-	0.1
PASS	testdir:fixedbugs/issue5755.go	interpreted				testdir	PASS	-	-	0.02
PASS	testdir:fixedbugs/issue5755.go	native				testdir	PASS	-	-	0.03
PASS	testdir:fixedbugs/issue57778.go	compiled				testdir	PASS	-	-	0.05
PASS	testdir:fixedbugs/issue57778.go	interpreted				testdir	PASS	-	-	0.01
PASS	testdir:fixedbugs/issue57778.go	native				testdir	PASS	-	-	0.01
PASS	testdir:fixedbugs/issue57823.go	compiled				testdir	PASS	-	-	0.25
EXCLUDED	testdir:fixedbugs/issue57823.go	interpreted	unsafe-reinterpretation	unsafe.SliceData / raw memory layout: no native memory model	testdir_test.go:153: exit status 1	testdir	FAIL	CATALOG	EXCLUDED	0.85
PASS	testdir:fixedbugs/issue57823.go	native				testdir	PASS	-	-	0.05
PASS	testdir:fixedbugs/issue57846.go	compiled				testdir	PASS	-	-	0.06
PASS	testdir:fixedbugs/issue57846.go	interpreted				testdir	PASS	-	-	0.01
PASS	testdir:fixedbugs/issue57846.go	native				testdir	PASS	-	-	0.01
PASS	testdir:fixedbugs/issue5793.go	compiled				testdir	PASS	-	-	0.14
PASS	testdir:fixedbugs/issue5793.go	interpreted				testdir	PASS	-	-	0.02
PASS	testdir:fixedbugs/issue5793.go	native				testdir	PASS	-	-	0.05
PASS	testdir:fixedbugs/issue57955.go	compiled				testdir	PASS	-	-	0.06
PASS	testdir:fixedbugs/issue57955.go	interpreted				testdir	PASS	-	-	0.01
PASS	testdir:fixedbugs/issue57955.go	native				testdir	PASS	-	-	0.01
PASS	testdir:fixedbugs/issue5809.go	compiled				testdir	PASS	-	-	0.27
PASS	testdir:fixedbugs/issue5809.go	interpreted				testdir	PASS	-	-	0.86
PASS	testdir:fixedbugs/issue5809.go	native				testdir	PASS	-	-	0.07
PASS	testdir:fixedbugs/issue58161.go	compiled				testdir	PASS	-	-	0.05
PASS	testdir:fixedbugs/issue58161.go	interpreted				testdir	PASS	-	-	0.01
PASS	testdir:fixedbugs/issue58161.go	native				testdir	PASS	-	-	0.01
PASS	testdir:fixedbugs/issue5820.go	compiled				testdir	PASS	-	-	0.14
PASS	testdir:fixedbugs/issue5820.go	interpreted				testdir	PASS	-	-	0.02
PASS	testdir:fixedbugs/issue5820.go	native				testdir	PASS	-	-	0.05
PASS	testdir:fixedbugs/issue58293.go	compiled				testdir	PASS	-	-	0.05
PASS	testdir:fixedbugs/issue58293.go	interpreted				testdir	PASS	-	-	0.01
PASS	testdir:fixedbugs/issue58293.go	native				testdir	PASS	-	-	0.01
PASS	testdir:fixedbugs/issue58300.go	compiled				testdir	PASS	-	-	0.24
PASS	testdir:fixedbugs/issue58300.go	interpreted				testdir	PASS	-	-	1
PASS	testdir:fixedbugs/issue58300.go	native				testdir	PASS	-	-	0.07
PASS	testdir:fixedbugs/issue58300b.go	compiled				testdir	PASS	-	-	0.25
PASS	testdir:fixedbugs/issue58300b.go	interpreted				testdir	PASS	-	-	0.99
PASS	testdir:fixedbugs/issue58300b.go	native				testdir	PASS	-	-	0.07
PASS	testdir:fixedbugs/issue58325.go	compiled				testdir	PASS	-	-	0.05
PASS	testdir:fixedbugs/issue58325.go	interpreted				testdir	PASS	-	-	0.01
PASS	testdir:fixedbugs/issue58325.go	native				testdir	PASS	-	-	0.01
PASS	testdir:fixedbugs/issue58339.go	compiled				testdir	PASS	-	-	0.09
PASS	testdir:fixedbugs/issue58339.go	interpreted				testdir	PASS	-	-	0.02
PASS	testdir:fixedbugs/issue58339.go	native				testdir	PASS	-	-	0.02
PASS	testdir:fixedbugs/issue58341.go	compiled				testdir	PASS	-	-	0.05
PASS	testdir:fixedbugs/issue58341.go	interpreted				testdir	PASS	-	-	0.01
PASS	testdir:fixedbugs/issue58341.go	native				testdir	PASS	-	-	0.01
PASS	testdir:fixedbugs/issue58345.go	compiled				testdir	PASS	-	-	0.05
PASS	testdir:fixedbugs/issue58345.go	interpreted				testdir	PASS	-	-	0.01
PASS	testdir:fixedbugs/issue58345.go	native				testdir	PASS	-	-	0.01
PASS	testdir:fixedbugs/issue5841.go	compiled				testdir	PASS	-	-	0.13
PASS	testdir:fixedbugs/issue5841.go	interpreted				testdir	PASS	-	-	0.01
PASS	testdir:fixedbugs/issue5841.go	native				testdir	PASS	-	-	0.09
PASS	testdir:fixedbugs/issue58439.go	compiled				testdir	PASS	-	-	0.05
PASS	testdir:fixedbugs/issue58439.go	interpreted				testdir	PASS	-	-	0.01
PASS	testdir:fixedbugs/issue58439.go	native				testdir	PASS	-	-	0.01
PASS	testdir:fixedbugs/issue5856.go	compiled				testdir	PASS	-	-	0.36
PASS	testdir:fixedbugs/issue5856.go	interpreted				testdir	PASS	-	-	1.29
PASS	testdir:fixedbugs/issue5856.go	native				testdir	PASS	-	-	0.07
PASS	testdir:fixedbugs/issue58563.go	compiled				testdir	PASS	-	-	0.08
PASS	testdir:fixedbugs/issue58563.go	interpreted				testdir	PASS	-	-	0.02
PASS	testdir:fixedbugs/issue58563.go	native				testdir	PASS	-	-	0.02
PASS	testdir:fixedbugs/issue58572.go	compiled				testdir	PASS	-	-	0.05
PASS	testdir:fixedbugs/issue58572.go	interpreted				testdir	PASS	-	-	0.01
PASS	testdir:fixedbugs/issue58572.go	native				testdir	PASS	-	-	0.01
PASS	testdir:fixedbugs/issue58671.go	compiled				testdir	PASS	-	-	0.15
PASS	testdir:fixedbugs/issue58671.go	interpreted				testdir	PASS	-	-	0.02
PASS	testdir:fixedbugs/issue58671.go	native				testdir	PASS	-	-	0.05
PASS	testdir:fixedbugs/issue58826.go	compiled				testdir	PASS	-	-	0.06
PASS	testdir:fixedbugs/issue58826.go	interpreted				testdir	PASS	-	-	0.01
PASS	testdir:fixedbugs/issue58826.go	native				testdir	PASS	-	-	0.01
PASS	testdir:fixedbugs/issue5910.go	compiled				testdir	PASS	-	-	0.08
PASS	testdir:fixedbugs/issue5910.go	interpreted				testdir	PASS	-	-	0.02
PASS	testdir:fixedbugs/issue5910.go	native				testdir	PASS	-	-	0.02
PASS	testdir:fixedbugs/issue59169.go	compiled				testdir	PASS	-	-	0.04
PASS	testdir:fixedbugs/issue59169.go	interpreted				testdir	PASS	-	-	0.01
PASS	testdir:fixedbugs/issue59169.go	native				testdir	PASS	-	-	0.01
PASS	testdir:fixedbugs/issue59174.go	compiled				testdir	PASS	-	-	0.05
PASS	testdir:fixedbugs/issue59174.go	interpreted				testdir	PASS	-	-	0.01
PASS	testdir:fixedbugs/issue59174.go	native				testdir	PASS	-	-	0.01
PASS	testdir:fixedbugs/issue59190.go	compiled				testdir	PASS	-	-	0.01
PASS	testdir:fixedbugs/issue59190.go	interpreted				testdir	PASS	-	-	0.01
PASS	testdir:fixedbugs/issue59190.go	native				testdir	PASS	-	-	0.01
PASS	testdir:fixedbugs/issue59293.go	compiled				testdir	PASS	-	-	0.13
EXCLUDED	testdir:fixedbugs/issue59293.go	interpreted	unsafe-reinterpretation	unsafe.SliceData / raw memory layout: no native memory model	testdir_test.go:153: exit status 2	testdir	FAIL	CATALOG	EXCLUDED	0.68
PASS	testdir:fixedbugs/issue59293.go	native				testdir	PASS	-	-	0.05
PASS	testdir:fixedbugs/issue59334.go	compiled				testdir	PASS	-	-	0.17
PASS	testdir:fixedbugs/issue59334.go	interpreted				testdir	PASS	-	-	0.75
PASS	testdir:fixedbugs/issue59334.go	native				testdir	PASS	-	-	0.11
PASS	testdir:fixedbugs/issue59338.go	compiled				testdir	PASS	-	-	0.13
PASS	testdir:fixedbugs/issue59338.go	interpreted				testdir	PASS	-	-	0.02
PASS	testdir:fixedbugs/issue59338.go	native				testdir	PASS	-	-	0.05
PASS	testdir:fixedbugs/issue59367.go	compiled				testdir	PASS	-	-	0.14
PASS	testdir:fixedbugs/issue59367.go	interpreted				testdir	PASS	-	-	0.02
PASS	testdir:fixedbugs/issue59367.go	native				testdir	PASS	-	-	0.05
PASS	testdir:fixedbugs/issue59378.go	compiled				testdir	PASS	-	-	0.04
PASS	testdir:fixedbugs/issue59378.go	interpreted				testdir	PASS	-	-	0.01
PASS	testdir:fixedbugs/issue59378.go	native				testdir	PASS	-	-	0.01
PASS	testdir:fixedbugs/issue59404.go	compiled				testdir	PASS	-	-	0.06
PASS	testdir:fixedbugs/issue59404.go	interpreted				testdir	PASS	-	-	0.01
PASS	testdir:fixedbugs/issue59404.go	native				testdir	PASS	-	-	0.02
PASS	testdir:fixedbugs/issue59404part2.go	compiled				testdir	PASS	-	-	0.14
PASS	testdir:fixedbugs/issue59404part2.go	interpreted				testdir	PASS	-	-	0.02
PASS	testdir:fixedbugs/issue59404part2.go	native				testdir	PASS	-	-	0.05
PASS	testdir:fixedbugs/issue59411.go	compiled				testdir	PASS	-	-	0.28
PASS	testdir:fixedbugs/issue59411.go	interpreted				testdir	PASS	-	-	4.03
PASS	testdir:fixedbugs/issue59411.go	native				testdir	PASS	-	-	0.07
PASS	testdir:fixedbugs/issue5957.go	compiled				testdir	PASS	-	-	0.23
PASS	testdir:fixedbugs/issue5957.go	interpreted				testdir	PASS	-	-	0.14
PASS	testdir:fixedbugs/issue5957.go	native				testdir	PASS	-	-	0.03
PASS	testdir:fixedbugs/issue59572.go	compiled				testdir	PASS	-	-	0.15
PASS	testdir:fixedbugs/issue59572.go	interpreted				testdir	PASS	-	-	0.02
PASS	testdir:fixedbugs/issue59572.go	native				testdir	PASS	-	-	0.05
PASS	testdir:fixedbugs/issue5963.go	compiled				testdir	PASS	-	-	0.26
PASS	testdir:fixedbugs/issue5963.go	interpreted				testdir	PASS	-	FIXED	1.01
PASS	testdir:fixedbugs/issue5963.go	native				testdir	PASS	-	-	0.06
PASS	testdir:fixedbugs/issue59638.go	compiled				testdir	PASS	-	-	0.47
PASS	testdir:fixedbugs/issue59638.go	interpreted				testdir	PASS	-	-	0.01
PASS	testdir:fixedbugs/issue59638.go	native				testdir	PASS	-	-	0.02
PASS	testdir:fixedbugs/issue59680.go	compiled				testdir	PASS	-	-	0.84
EXCLUDED	testdir:fixedbugs/issue59680.go	interpreted	compute-bound	a CPU-bound loop whose interpreted evaluation exceeds the fixed 60 s leaf deadline (observed: evaluation); it shows no overhead a script would feel; put CPU-bound loops in a Go fence or embed	testdir_test.go:153: command exceeded time limit	testdir	FAIL	CATALOG	CARRIED-376	61.02
PASS	testdir:fixedbugs/issue59680.go	native				testdir	PASS	-	-	0.15
PASS	testdir:fixedbugs/issue59709.go	compiled				testdir	PASS	-	-	0.27
PASS	testdir:fixedbugs/issue59709.go	interpreted				testdir	PASS	-	-	0.07
PASS	testdir:fixedbugs/issue59709.go	native				testdir	PASS	-	-	0.1
PASS	testdir:fixedbugs/issue6004.go	compiled				testdir	PASS	-	-	0.01
PASS	testdir:fixedbugs/issue6004.go	interpreted				testdir	PASS	-	-	0.01
PASS	testdir:fixedbugs/issue6004.go	native				testdir	PASS	-	-	0.01
PASS	testdir:fixedbugs/issue6036.go	compiled				testdir	PASS	-	-	0.04
PASS	testdir:fixedbugs/issue6036.go	interpreted				testdir	PASS	-	-	0.01
PASS	testdir:fixedbugs/issue6036.go	native				testdir	PASS	-	-	0.01
PASS	testdir:fixedbugs/issue6055.go	compiled				testdir	PASS	-	-	0.23
PASS	testdir:fixedbugs/issue6055.go	interpreted				testdir	PASS	-	-	0.84
PASS	testdir:fixedbugs/issue6055.go	native				testdir	PASS	-	-	0.05
PASS	testdir:fixedbugs/issue60582.go	compiled				testdir	PASS	-	-	0.27
PASS	testdir:fixedbugs/issue60582.go	interpreted				testdir	PASS	-	-	0.06
PASS	testdir:fixedbugs/issue60582.go	native				testdir	PASS	-	-	0.11
PASS	testdir:fixedbugs/issue60601.go	compiled				testdir	PASS	-	-	0.23
PASS	testdir:fixedbugs/issue60601.go	interpreted				testdir	PASS	-	-	0.86
PASS	testdir:fixedbugs/issue60601.go	native				testdir	PASS	-	-	0.06
PASS	testdir:fixedbugs/issue60945.go	compiled				testdir	PASS	-	-	0.1
PASS	testdir:fixedbugs/issue60945.go	interpreted				testdir	PASS	-	-	0.02
PASS	testdir:fixedbugs/issue60945.go	native				testdir	PASS	-	-	0.02
PASS	testdir:fixedbugs/issue60982.go	compiled				testdir	PASS	-	-	0.09
PASS	testdir:fixedbugs/issue60982.go	interpreted				testdir	PASS	-	-	0.02
PASS	testdir:fixedbugs/issue60982.go	native				testdir	PASS	-	-	0.02
PASS	testdir:fixedbugs/issue60990.go	compiled				testdir	PASS	-	-	0.05
PASS	testdir:fixedbugs/issue60990.go	interpreted				testdir	PASS	-	-	0.01
PASS	testdir:fixedbugs/issue60990.go	native				testdir	PASS	-	-	0.01
PASS	testdir:fixedbugs/issue60991.go	compiled				testdir	PASS	-	-	0.07
PASS	testdir:fixedbugs/issue60991.go	interpreted				testdir	PASS	-	-	0.03
PASS	testdir:fixedbugs/issue60991.go	native				testdir	PASS	-	-	0.02
PASS	testdir:fixedbugs/issue61127.go	compiled				testdir	PASS	-	-	0.05
PASS	testdir:fixedbugs/issue61127.go	interpreted				testdir	PASS	-	-	0.01
PASS	testdir:fixedbugs/issue61127.go	native				testdir	PASS	-	-	0.01
PASS	testdir:fixedbugs/issue61187.go	compiled				testdir	PASS	-	-	0.16
PASS	testdir:fixedbugs/issue61187.go	interpreted				testdir	PASS	-	-	0.06
PASS	testdir:fixedbugs/issue61187.go	native				testdir	PASS	-	-	0.01
PASS	testdir:fixedbugs/issue6131.go	compiled				testdir	PASS	-	-	0.05
PASS	testdir:fixedbugs/issue6131.go	interpreted				testdir	PASS	-	-	0.01
PASS	testdir:fixedbugs/issue6131.go	native				testdir	PASS	-	-	0.01
PASS	testdir:fixedbugs/issue6140.go	compiled				testdir	PASS	-	-	0.05
PASS	testdir:fixedbugs/issue6140.go	interpreted				testdir	PASS	-	-	0.01
PASS	testdir:fixedbugs/issue6140.go	native				testdir	PASS	-	-	0.01
PASS	testdir:fixedbugs/issue61778.go	compiled				testdir	PASS	-	-	0.04
PASS	testdir:fixedbugs/issue61778.go	interpreted				testdir	PASS	-	-	0.01
PASS	testdir:fixedbugs/issue61778.go	native				testdir	PASS	-	-	0.01
PASS	testdir:fixedbugs/issue61895.go	compiled				testdir	PASS	-	-	0.05
PASS	testdir:fixedbugs/issue61895.go	interpreted				testdir	PASS	-	-	0.01
PASS	testdir:fixedbugs/issue61895.go	native				testdir	PASS	-	-	0.01
PASS	testdir:fixedbugs/issue61908.go	compiled				testdir	PASS	-	-	0.04
PASS	testdir:fixedbugs/issue61908.go	interpreted				testdir	PASS	-	-	0.01
PASS	testdir:fixedbugs/issue61908.go	native				testdir	PASS	-	-	0.01
PASS	testdir:fixedbugs/issue61992.go	compiled				testdir	PASS	-	-	0.04
PASS	testdir:fixedbugs/issue61992.go	interpreted				testdir	PASS	-	-	0.01
PASS	testdir:fixedbugs/issue61992.go	native				testdir	PASS	-	-	0.01
PASS	testdir:fixedbugs/issue62203.go	compiled				testdir	PASS	-	-	0.34
PASS	testdir:fixedbugs/issue62203.go	interpreted				testdir	PASS	-	-	1.04
PASS	testdir:fixedbugs/issue62203.go	native				testdir	PASS	-	-	0.07
PASS	testdir:fixedbugs/issue62313.go	compiled				testdir	PASS	-	-	0.04
PASS	testdir:fixedbugs/issue62313.go	interpreted				testdir	PASS	-	-	0.01
PASS	testdir:fixedbugs/issue62313.go	native				testdir	PASS	-	-	0.01
PASS	testdir:fixedbugs/issue62360.go	compiled				testdir	PASS	-	-	0.37
PASS	testdir:fixedbugs/issue62360.go	interpreted				testdir	PASS	-	-	1.13
PASS	testdir:fixedbugs/issue62360.go	native				testdir	PASS	-	-	0.08
PASS	testdir:fixedbugs/issue62469.go	compiled				testdir	PASS	-	-	0.04
PASS	testdir:fixedbugs/issue62469.go	interpreted				testdir	PASS	-	-	0.01
PASS	testdir:fixedbugs/issue62469.go	native				testdir	PASS	-	-	0.01
PASS	testdir:fixedbugs/issue6247.go	compiled				testdir	PASS	-	-	0.06
PASS	testdir:fixedbugs/issue6247.go	interpreted				testdir	PASS	-	-	0.01
PASS	testdir:fixedbugs/issue6247.go	native				testdir	PASS	-	-	0.01
PASS	testdir:fixedbugs/issue62498.go	compiled				testdir	PASS	-	-	0.14
PASS	testdir:fixedbugs/issue62498.go	interpreted				testdir	PASS	-	-	0.03
PASS	testdir:fixedbugs/issue62498.go	native				testdir	PASS	-	-	0.06
PASS	testdir:fixedbugs/issue62515.go	compiled				testdir	PASS	-	-	0.05
PASS	testdir:fixedbugs/issue62515.go	interpreted				testdir	PASS	-	-	0.01
PASS	testdir:fixedbugs/issue62515.go	native				testdir	PASS	-	-	0.01
PASS	testdir:fixedbugs/issue6269.go	compiled				testdir	PASS	-	-	0.14
PASS	testdir:fixedbugs/issue6269.go	interpreted				testdir	PASS	-	-	0.02
PASS	testdir:fixedbugs/issue6269.go	native				testdir	PASS	-	-	0.05
PASS	testdir:fixedbugs/issue6295.go	compiled				testdir	PASS	-	-	0.14
PASS	testdir:fixedbugs/issue6295.go	interpreted				testdir	PASS	-	-	0.03
PASS	testdir:fixedbugs/issue6295.go	native				testdir	PASS	-	-	0.03
PASS	testdir:fixedbugs/issue6298.go	compiled				testdir	PASS	-	-	0.05
PASS	testdir:fixedbugs/issue6298.go	interpreted				testdir	PASS	-	-	0.01
PASS	testdir:fixedbugs/issue6298.go	native				testdir	PASS	-	-	0.01
PASS	testdir:fixedbugs/issue63333.go	compiled				testdir	PASS	-	-	0.03
EXCLUDED	testdir:fixedbugs/issue63333.go	interpreted	gc-only-check	errorcheck expects a gc-only diagnostic go/types cannot express	testdir_test.go:153: compilation succeeded unexpectedly	testdir	FAIL	CATALOG	EXCLUDED	0.01
PASS	testdir:fixedbugs/issue63333.go	native				testdir	PASS	-	-	0.01
PASS	testdir:fixedbugs/issue63436.go	compiled				testdir	PASS	-	-	0.06
PASS	testdir:fixedbugs/issue63436.go	interpreted				testdir	PASS	-	-	0.01
PASS	testdir:fixedbugs/issue63436.go	native				testdir	PASS	-	-	0.01
PASS	testdir:fixedbugs/issue63462.go	compiled				testdir	PASS	-	-	0.04
PASS	testdir:fixedbugs/issue63462.go	interpreted				testdir	PASS	-	-	0.01
PASS	testdir:fixedbugs/issue63462.go	native				testdir	PASS	-	-	0.01
PASS	testdir:fixedbugs/issue63489a.go	compiled				testdir	PASS	-	-	0.01
PASS	testdir:fixedbugs/issue63489a.go	interpreted				testdir	PASS	-	-	0.01
PASS	testdir:fixedbugs/issue63489a.go	native				testdir	PASS	-	-	0.01
PASS	testdir:fixedbugs/issue63489b.go	compiled				testdir	PASS	-	-	0.01
PASS	testdir:fixedbugs/issue63489b.go	interpreted				testdir	PASS	-	-	0.01
PASS	testdir:fixedbugs/issue63489b.go	native				testdir	PASS	-	-	0.01
PASS	testdir:fixedbugs/issue63490.go	compiled				testdir	PASS	-	-	0.05
PASS	testdir:fixedbugs/issue63490.go	interpreted				testdir	PASS	-	-	0.01
PASS	testdir:fixedbugs/issue63490.go	native				testdir	PASS	-	-	0.01
PASS	testdir:fixedbugs/issue63505.go	compiled				testdir	PASS	-	-	0.06
PASS	testdir:fixedbugs/issue63505.go	interpreted				testdir	PASS	-	-	0.01
PASS	testdir:fixedbugs/issue63505.go	native				testdir	PASS	-	-	0.01
PASS	testdir:fixedbugs/issue63657.go	compiled				testdir	PASS	-	-	0.13
PASS	testdir:fixedbugs/issue63657.go	interpreted				testdir	PASS	-	-	0.03
PASS	testdir:fixedbugs/issue63657.go	native				testdir	PASS	-	-	0.05
PASS	testdir:fixedbugs/issue63955.go	compiled				testdir	PASS	-	-	0.04
PASS	testdir:fixedbugs/issue63955.go	interpreted				testdir	PASS	-	-	0.01
PASS	testdir:fixedbugs/issue63955.go	native				testdir	PASS	-	-	0.01
PASS	testdir:fixedbugs/issue6399.go	compiled				testdir	PASS	-	-	0.05
PASS	testdir:fixedbugs/issue6399.go	interpreted				testdir	PASS	-	-	0.01
PASS	testdir:fixedbugs/issue6399.go	native				testdir	PASS	-	-	0.01
PASS	testdir:fixedbugs/issue6402.go	compiled				testdir	PASS	-	-	0.01
PASS	testdir:fixedbugs/issue6402.go	interpreted				testdir	PASS	-	-	0.01
PASS	testdir:fixedbugs/issue6402.go	native				testdir	PASS	-	-	0.01
PASS	testdir:fixedbugs/issue6403.go	compiled				testdir	PASS	-	-	0.05
PASS	testdir:fixedbugs/issue6403.go	interpreted				testdir	PASS	-	-	0.05
PASS	testdir:fixedbugs/issue6403.go	native				testdir	PASS	-	-	0.01
PASS	testdir:fixedbugs/issue6405.go	compiled				testdir	PASS	-	-	0.01
PASS	testdir:fixedbugs/issue6405.go	interpreted				testdir	PASS	-	-	0.01
PASS	testdir:fixedbugs/issue6405.go	native				testdir	PASS	-	-	0.01
PASS	testdir:fixedbugs/issue6406.go	compiled				testdir	PASS	-	-	0.01
PASS	testdir:fixedbugs/issue6406.go	interpreted				testdir	PASS	-	-	0.01
PASS	testdir:fixedbugs/issue6406.go	native				testdir	PASS	-	-	0.01
PASS	testdir:fixedbugs/issue6428.go	compiled				testdir	PASS	-	-	0.06
PASS	testdir:fixedbugs/issue6428.go	interpreted				testdir	PASS	-	-	0.06
PASS	testdir:fixedbugs/issue6428.go	native				testdir	PASS	-	-	0.01
PASS	testdir:fixedbugs/issue64565.go	compiled				testdir	PASS	-	-	0.14
PASS	testdir:fixedbugs/issue64565.go	interpreted				testdir	PASS	-	-	0.02
PASS	testdir:fixedbugs/issue64565.go	native				testdir	PASS	-	-	0.05
SKIP	testdir:fixedbugs/issue64606.go	compiled			testdir_test.go:531: //go:build race	testdir	SKIP	-	-	0
SKIP	testdir:fixedbugs/issue64606.go	interpreted			testdir_test.go:531: //go:build race	testdir	SKIP	-	-	0
SKIP	testdir:fixedbugs/issue64606.go	native			testdir_test.go:531: //go:build race	testdir	SKIP	-	-	0
PASS	testdir:fixedbugs/issue64715.go	compiled				testdir	PASS	-	-	0.15
PASS	testdir:fixedbugs/issue64715.go	interpreted				testdir	PASS	-	-	0.02
PASS	testdir:fixedbugs/issue64715.go	native				testdir	PASS	-	-	0.05
PASS	testdir:fixedbugs/issue64826.go	compiled				testdir	PASS	-	-	0.14
PASS	testdir:fixedbugs/issue64826.go	interpreted				testdir	PASS	-	-	0.01
PASS	testdir:fixedbugs/issue64826.go	native				testdir	PASS	-	-	0.09
PASS	testdir:fixedbugs/issue6500.go	compiled				testdir	PASS	-	-	0.01
PASS	testdir:fixedbugs/issue6500.go	interpreted				testdir	PASS	-	-	0.01
PASS	testdir:fixedbugs/issue6500.go	native				testdir	PASS	-	-	0.01
PASS	testdir:fixedbugs/issue6513.go	compiled				testdir	PASS	-	-	0.13
PASS	testdir:fixedbugs/issue6513.go	interpreted				testdir	PASS	-	-	0.03
PASS	testdir:fixedbugs/issue6513.go	native				testdir	PASS	-	-	0.03
PASS	testdir:fixedbugs/issue65362.go	compiled				testdir	PASS	-	-	0.05
PASS	testdir:fixedbugs/issue65362.go	interpreted				testdir	PASS	-	-	0.01
PASS	testdir:fixedbugs/issue65362.go	native				testdir	PASS	-	-	0.01
PASS	testdir:fixedbugs/issue65417.go	compiled				testdir	PASS	-	-	0.25
PASS	testdir:fixedbugs/issue65417.go	interpreted				testdir	PASS	-	-	0.85
PASS	testdir:fixedbugs/issue65417.go	native				testdir	PASS	-	-	0.06
PASS	testdir:fixedbugs/issue65593.go	compiled				testdir	PASS	-	-	0.05
PASS	testdir:fixedbugs/issue65593.go	interpreted				testdir	PASS	-	-	0.01
PASS	testdir:fixedbugs/issue65593.go	native				testdir	PASS	-	-	0.01
PASS	testdir:fixedbugs/issue6572.go	compiled				testdir	PASS	-	-	0.01
PASS	testdir:fixedbugs/issue6572.go	interpreted				testdir	PASS	-	-	0.01
PASS	testdir:fixedbugs/issue6572.go	native				testdir	PASS	-	-	0.01
PASS	testdir:fixedbugs/issue65778.go	compiled				testdir	PASS	-	-	0.04
PASS	testdir:fixedbugs/issue65778.go	interpreted				testdir	PASS	-	-	0.01
PASS	testdir:fixedbugs/issue65778.go	native				testdir	PASS	-	-	0.01
PASS	testdir:fixedbugs/issue65808.go	compiled				testdir	PASS	-	-	0.05
PASS	testdir:fixedbugs/issue65808.go	interpreted				testdir	PASS	-	-	0.01
PASS	testdir:fixedbugs/issue65808.go	native				testdir	PASS	-	-	0.01
PASS	testdir:fixedbugs/issue65893.go	compiled				testdir	PASS	-	-	0.04
PASS	testdir:fixedbugs/issue65893.go	interpreted				testdir	PASS	-	-	0.01
PASS	testdir:fixedbugs/issue65893.go	native				testdir	PASS	-	-	0.01
PASS	testdir:fixedbugs/issue65957.go	compiled				testdir	PASS	-	-	0.2
PASS	testdir:fixedbugs/issue65957.go	interpreted				testdir	PASS	-	-	0.87
PASS	testdir:fixedbugs/issue65957.go	native				testdir	PASS	-	-	0.08
PASS	testdir:fixedbugs/issue65962.go	compiled				testdir	PASS	-	-	0.15
PASS	testdir:fixedbugs/issue65962.go	interpreted				testdir	PASS	-	-	0.02
PASS	testdir:fixedbugs/issue65962.go	native				testdir	PASS	-	-	0.05
PASS	testdir:fixedbugs/issue66066.go	compiled				testdir	PASS	-	-	0.26
PASS	testdir:fixedbugs/issue66066.go	interpreted				testdir	PASS	-	-	0.88
PASS	testdir:fixedbugs/issue66066.go	native				testdir	PASS	-	-	0.07
PASS	testdir:fixedbugs/issue66066b.go	compiled				testdir	PASS	-	-	0.13
PASS	testdir:fixedbugs/issue66066b.go	interpreted				testdir	PASS	-	-	0.02
PASS	testdir:fixedbugs/issue66066b.go	native				testdir	PASS	-	-	0.05
PASS	testdir:fixedbugs/issue66096.go	compiled				testdir	PASS	-	-	0.04
PASS	testdir:fixedbugs/issue66096.go	interpreted				testdir	PASS	-	-	0.01
PASS	testdir:fixedbugs/issue66096.go	native				testdir	PASS	-	-	0.01
PASS	testdir:fixedbugs/issue66261.go	compiled				testdir	PASS	-	-	0.14
PASS	testdir:fixedbugs/issue66261.go	interpreted				testdir	PASS	-	-	0.02
PASS	testdir:fixedbugs/issue66261.go	native				testdir	PASS	-	-	0.05
PASS	testdir:fixedbugs/issue66575.go	compiled				testdir	PASS	-	-	0.15
PASS	testdir:fixedbugs/issue66575.go	interpreted				testdir	PASS	-	-	0.02
PASS	testdir:fixedbugs/issue66575.go	native				testdir	PASS	-	-	0.05
PASS	testdir:fixedbugs/issue66585.go	compiled				testdir	PASS	-	-	0.14
PASS	testdir:fixedbugs/issue66585.go	interpreted				testdir	PASS	-	-	0.02
PASS	testdir:fixedbugs/issue66585.go	native				testdir	PASS	-	-	0.05
PASS	testdir:fixedbugs/issue66663.go	compiled				testdir	PASS	-	-	0.06
PASS	testdir:fixedbugs/issue66663.go	interpreted				testdir	PASS	-	-	0.01
PASS	testdir:fixedbugs/issue66663.go	native				testdir	PASS	-	-	0.01
PASS	testdir:fixedbugs/issue6671.go	compiled				testdir	PASS	-	-	0.01
PASS	testdir:fixedbugs/issue6671.go	interpreted				testdir	PASS	-	-	0.01
PASS	testdir:fixedbugs/issue6671.go	native				testdir	PASS	-	-	0.01
PASS	testdir:fixedbugs/issue66873.go	compiled				testdir	PASS	-	-	0.04
PASS	testdir:fixedbugs/issue66873.go	interpreted				testdir	PASS	-	-	0.01
PASS	testdir:fixedbugs/issue66873.go	native				testdir	PASS	-	-	0.01
PASS	testdir:fixedbugs/issue6703a.go	compiled				testdir	PASS	-	-	0.01
PASS	testdir:fixedbugs/issue6703a.go	interpreted				testdir	PASS	-	-	0.01
PASS	testdir:fixedbugs/issue6703a.go	native				testdir	PASS	-	-	0.01
PASS	testdir:fixedbugs/issue6703b.go	compiled				testdir	PASS	-	-	0.01
PASS	testdir:fixedbugs/issue6703b.go	interpreted				testdir	PASS	-	-	0.01
PASS	testdir:fixedbugs/issue6703b.go	native				testdir	PASS	-	-	0.01
PASS	testdir:fixedbugs/issue6703c.go	compiled				testdir	PASS	-	-	0.01
PASS	testdir:fixedbugs/issue6703c.go	interpreted				testdir	PASS	-	-	0.01
PASS	testdir:fixedbugs/issue6703c.go	native				testdir	PASS	-	-	0.01
PASS	testdir:fixedbugs/issue6703d.go	compiled				testdir	PASS	-	-	0.01
PASS	testdir:fixedbugs/issue6703d.go	interpreted				testdir	PASS	-	-	0.01
PASS	testdir:fixedbugs/issue6703d.go	native				testdir	PASS	-	-	0.01
PASS	testdir:fixedbugs/issue6703e.go	compiled				testdir	PASS	-	-	0.01
PASS	testdir:fixedbugs/issue6703e.go	interpreted				testdir	PASS	-	-	0.01
PASS	testdir:fixedbugs/issue6703e.go	native				testdir	PASS	-	-	0.01
PASS	testdir:fixedbugs/issue6703f.go	compiled				testdir	PASS	-	-	0.01
PASS	testdir:fixedbugs/issue6703f.go	interpreted				testdir	PASS	-	-	0.01
PASS	testdir:fixedbugs/issue6703f.go	native				testdir	PASS	-	-	0.01
PASS	testdir:fixedbugs/issue6703g.go	compiled				testdir	PASS	-	-	0.01
PASS	testdir:fixedbugs/issue6703g.go	interpreted				testdir	PASS	-	-	0.01
PASS	testdir:fixedbugs/issue6703g.go	native				testdir	PASS	-	-	0.01
PASS	testdir:fixedbugs/issue6703h.go	compiled				testdir	PASS	-	-	0.01
PASS	testdir:fixedbugs/issue6703h.go	interpreted				testdir	PASS	-	-	0.01
PASS	testdir:fixedbugs/issue6703h.go	native				testdir	PASS	-	-	0.01
PASS	testdir:fixedbugs/issue6703i.go	compiled				testdir	PASS	-	-	0.01
PASS	testdir:fixedbugs/issue6703i.go	interpreted				testdir	PASS	-	-	0.01
PASS	testdir:fixedbugs/issue6703i.go	native				testdir	PASS	-	-	0.01
PASS	testdir:fixedbugs/issue6703j.go	compiled				testdir	PASS	-	-	0.01
PASS	testdir:fixedbugs/issue6703j.go	interpreted				testdir	PASS	-	-	0.01
PASS	testdir:fixedbugs/issue6703j.go	native				testdir	PASS	-	-	0.01
PASS	testdir:fixedbugs/issue6703k.go	compiled				testdir	PASS	-	-	0.01
PASS	testdir:fixedbugs/issue6703k.go	interpreted				testdir	PASS	-	-	0.01
PASS	testdir:fixedbugs/issue6703k.go	native				testdir	PASS	-	-	0.01
PASS	testdir:fixedbugs/issue6703l.go	compiled				testdir	PASS	-	-	0.01
PASS	testdir:fixedbugs/issue6703l.go	interpreted				testdir	PASS	-	-	0.01
PASS	testdir:fixedbugs/issue6703l.go	native				testdir	PASS	-	-	0.01
PASS	testdir:fixedbugs/issue6703m.go	compiled				testdir	PASS	-	-	0.01
PASS	testdir:fixedbugs/issue6703m.go	interpreted				testdir	PASS	-	-	0.01
PASS	testdir:fixedbugs/issue6703m.go	native				testdir	PASS	-	-	0.01
PASS	testdir:fixedbugs/issue6703n.go	compiled				testdir	PASS	-	-	0.01
PASS	testdir:fixedbugs/issue6703n.go	interpreted				testdir	PASS	-	-	0.01
PASS	testdir:fixedbugs/issue6703n.go	native				testdir	PASS	-	-	0.01
PASS	testdir:fixedbugs/issue6703o.go	compiled				testdir	PASS	-	-	0.01
PASS	testdir:fixedbugs/issue6703o.go	interpreted				testdir	PASS	-	-	0.01
PASS	testdir:fixedbugs/issue6703o.go	native				testdir	PASS	-	-	0.01
PASS	testdir:fixedbugs/issue6703p.go	compiled				testdir	PASS	-	-	0.01
PASS	testdir:fixedbugs/issue6703p.go	interpreted				testdir	PASS	-	-	0.01
PASS	testdir:fixedbugs/issue6703p.go	native				testdir	PASS	-	-	0.01
PASS	testdir:fixedbugs/issue6703q.go	compiled				testdir	PASS	-	-	0.01
PASS	testdir:fixedbugs/issue6703q.go	interpreted				testdir	PASS	-	-	0.01
PASS	testdir:fixedbugs/issue6703q.go	native				testdir	PASS	-	-	0.01
PASS	testdir:fixedbugs/issue6703r.go	compiled				testdir	PASS	-	-	0.01
PASS	testdir:fixedbugs/issue6703r.go	interpreted				testdir	PASS	-	-	0.01
PASS	testdir:fixedbugs/issue6703r.go	native				testdir	PASS	-	-	0.01
PASS	testdir:fixedbugs/issue6703s.go	compiled				testdir	PASS	-	-	0.01
PASS	testdir:fixedbugs/issue6703s.go	interpreted				testdir	PASS	-	-	0.01
PASS	testdir:fixedbugs/issue6703s.go	native				testdir	PASS	-	-	0.01
PASS	testdir:fixedbugs/issue6703t.go	compiled				testdir	PASS	-	-	0.01
PASS	testdir:fixedbugs/issue6703t.go	interpreted				testdir	PASS	-	-	0.01
PASS	testdir:fixedbugs/issue6703t.go	native				testdir	PASS	-	-	0.01
PASS	testdir:fixedbugs/issue6703u.go	compiled				testdir	PASS	-	-	0.01
PASS	testdir:fixedbugs/issue6703u.go	interpreted				testdir	PASS	-	-	0.01
PASS	testdir:fixedbugs/issue6703u.go	native				testdir	PASS	-	-	0.01
PASS	testdir:fixedbugs/issue6703v.go	compiled				testdir	PASS	-	-	0.01
PASS	testdir:fixedbugs/issue6703v.go	interpreted				testdir	PASS	-	-	0.01
PASS	testdir:fixedbugs/issue6703v.go	native				testdir	PASS	-	-	0.01
PASS	testdir:fixedbugs/issue6703w.go	compiled				testdir	PASS	-	-	0.01
PASS	testdir:fixedbugs/issue6703w.go	interpreted				testdir	PASS	-	-	0.01
PASS	testdir:fixedbugs/issue6703w.go	native				testdir	PASS	-	-	0.01
PASS	testdir:fixedbugs/issue6703x.go	compiled				testdir	PASS	-	-	0.01
PASS	testdir:fixedbugs/issue6703x.go	interpreted				testdir	PASS	-	-	0.01
PASS	testdir:fixedbugs/issue6703x.go	native				testdir	PASS	-	-	0.01
PASS	testdir:fixedbugs/issue6703y.go	compiled				testdir	PASS	-	-	0.01
PASS	testdir:fixedbugs/issue6703y.go	interpreted				testdir	PASS	-	-	0.01
PASS	testdir:fixedbugs/issue6703y.go	native				testdir	PASS	-	-	0.01
PASS	testdir:fixedbugs/issue6703z.go	compiled				testdir	PASS	-	-	0.02
PASS	testdir:fixedbugs/issue6703z.go	interpreted				testdir	PASS	-	-	0.01
PASS	testdir:fixedbugs/issue6703z.go	native				testdir	PASS	-	-	0.01
PASS	testdir:fixedbugs/issue67141.go	compiled				testdir	PASS	-	-	0.01
PASS	testdir:fixedbugs/issue67141.go	interpreted				testdir	PASS	-	-	0.01
PASS	testdir:fixedbugs/issue67141.go	native				testdir	PASS	-	-	0.01
PASS	testdir:fixedbugs/issue67160.go	compiled				testdir	PASS	-	-	0.13
PASS	testdir:fixedbugs/issue67160.go	interpreted				testdir	PASS	-	-	0.02
PASS	testdir:fixedbugs/issue67160.go	native				testdir	PASS	-	-	0.05
PASS	testdir:fixedbugs/issue67190.go	compiled				testdir	PASS	-	-	0.14
PASS	testdir:fixedbugs/issue67190.go	interpreted				testdir	PASS	-	-	0.02
PASS	testdir:fixedbugs/issue67190.go	native				testdir	PASS	-	-	0.05
PASS	testdir:fixedbugs/issue67255.go	compiled				testdir	PASS	-	-	0.16
PASS	testdir:fixedbugs/issue67255.go	interpreted				testdir	PASS	-	-	6.49
PASS	testdir:fixedbugs/issue67255.go	native				testdir	PASS	-	-	0.08
PASS	testdir:fixedbugs/issue67329.go	compiled				testdir	PASS	-	-	0.04
EXCLUDED	testdir:fixedbugs/issue67329.go	interpreted	compiler-diagnostic	test asserts gc optimizer output (-m/-d=); an interpreter has no optimizer to report on	testdir_test.go:153: Bash++ backend unsupported: optimizer diagnostics are a compiler artifact; the check interface has no inlining, escape-analysis or SSA meaning	testdir	FAIL	CATALOG	EXCLUDED	0
PASS	testdir:fixedbugs/issue67329.go	native				testdir	PASS	-	-	0.01
PASS	testdir:fixedbugs/issue6750.go	compiled				testdir	PASS	-	-	0.06
PASS	testdir:fixedbugs/issue6750.go	interpreted				testdir	PASS	-	-	0.06
PASS	testdir:fixedbugs/issue6750.go	native				testdir	PASS	-	-	0.01
PASS	testdir:fixedbugs/issue6772.go	compiled				testdir	PASS	-	-	0.02
PASS	testdir:fixedbugs/issue6772.go	interpreted				testdir	PASS	-	-	0.01
PASS	testdir:fixedbugs/issue6772.go	native				testdir	PASS	-	-	0.01
PASS	testdir:fixedbugs/issue6789.go	compiled				testdir	PASS	-	-	0.11
PASS	testdir:fixedbugs/issue6789.go	interpreted				testdir	PASS	-	-	0.03
PASS	testdir:fixedbugs/issue6789.go	native				testdir	PASS	-	-	0.06
PASS	testdir:fixedbugs/issue68054.go	compiled				testdir	PASS	-	-	0.05
PASS	testdir:fixedbugs/issue68054.go	interpreted				testdir	PASS	-	-	0.01
PASS	testdir:fixedbugs/issue68054.go	native				testdir	PASS	-	-	0.01
PASS	testdir:fixedbugs/issue68227.go	compiled				testdir	PASS	-	-	0.25
PASS	testdir:fixedbugs/issue68227.go	interpreted				testdir	PASS	-	-	0.89
PASS	testdir:fixedbugs/issue68227.go	native				testdir	PASS	-	-	0.08
PASS	testdir:fixedbugs/issue68264.go	compiled				testdir	PASS	-	-	0.05
PASS	testdir:fixedbugs/issue68264.go	interpreted				testdir	PASS	-	-	0.01
PASS	testdir:fixedbugs/issue68264.go	native				testdir	PASS	-	-	0.01
PASS	testdir:fixedbugs/issue68292.go	compiled				testdir	PASS	-	-	0.01
PASS	testdir:fixedbugs/issue68292.go	interpreted				testdir	PASS	-	-	0.01
PASS	testdir:fixedbugs/issue68292.go	native				testdir	PASS	-	-	0.01
PASS	testdir:fixedbugs/issue68322.go	compiled				testdir	PASS	-	-	0.17
PASS	testdir:fixedbugs/issue68322.go	interpreted				testdir	PASS	-	-	0.77
PASS	testdir:fixedbugs/issue68322.go	native				testdir	PASS	-	-	0.05
PASS	testdir:fixedbugs/issue68415.go	compiled				testdir	PASS	-	-	0.76
PASS	testdir:fixedbugs/issue68415.go	interpreted				testdir	PASS	-	-	1.17
PASS	testdir:fixedbugs/issue68415.go	native				testdir	PASS	-	-	3.34
PASS	testdir:fixedbugs/issue6847.go	compiled				testdir	PASS	-	-	0.05
PASS	testdir:fixedbugs/issue6847.go	interpreted				testdir	PASS	-	-	0.01
PASS	testdir:fixedbugs/issue6847.go	native				testdir	PASS	-	-	0.01
PASS	testdir:fixedbugs/issue68525.go	compiled				testdir	PASS	-	-	0.64
PASS	testdir:fixedbugs/issue68525.go	interpreted				testdir	PASS	-	-	0.92
PASS	testdir:fixedbugs/issue68525.go	native				testdir	PASS	-	-	2.59
PASS	testdir:fixedbugs/issue68526.go	compiled				testdir	PASS	-	-	0.31
PASS	testdir:fixedbugs/issue68526.go	interpreted				testdir	PASS	-	-	1.01
PASS	testdir:fixedbugs/issue68526.go	native				testdir	PASS	-	-	0.11
PASS	testdir:fixedbugs/issue68580.go	compiled				testdir	PASS	-	-	0.05
PASS	testdir:fixedbugs/issue68580.go	interpreted				testdir	PASS	-	-	0.01
PASS	testdir:fixedbugs/issue68580.go	native				testdir	PASS	-	-	0.01
PASS	testdir:fixedbugs/issue6866.go	compiled				testdir	PASS	-	-	0.14
PASS	testdir:fixedbugs/issue6866.go	interpreted				testdir	PASS	-	-	0.02
PASS	testdir:fixedbugs/issue6866.go	native				testdir	PASS	-	-	0.05
PASS	testdir:fixedbugs/issue68734.go	compiled				testdir	PASS	-	-	0.04
PASS	testdir:fixedbugs/issue68734.go	interpreted				testdir	PASS	-	-	0.01
PASS	testdir:fixedbugs/issue68734.go	native				testdir	PASS	-	-	0.01
PASS	testdir:fixedbugs/issue68809.go	compiled				testdir	PASS	-	-	0.13
PASS	testdir:fixedbugs/issue68809.go	interpreted				testdir	PASS	-	-	0.02
PASS	testdir:fixedbugs/issue68809.go	native				testdir	PASS	-	-	0.04
PASS	testdir:fixedbugs/issue68816.go	compiled				testdir	PASS	-	-	0.14
PASS	testdir:fixedbugs/issue68816.go	interpreted				testdir	PASS	-	-	0.02
PASS	testdir:fixedbugs/issue68816.go	native				testdir	PASS	-	-	0.05
PASS	testdir:fixedbugs/issue6889.go	compiled				testdir	PASS	-	-	0.01
PASS	testdir:fixedbugs/issue6889.go	interpreted				testdir	PASS	-	-	0.01
PASS	testdir:fixedbugs/issue6889.go	native				testdir	PASS	-	-	0.01
PASS	testdir:fixedbugs/issue6899.go	compiled				testdir	PASS	-	-	0.17
PASS	testdir:fixedbugs/issue6899.go	interpreted				testdir	PASS	-	-	0.78
PASS	testdir:fixedbugs/issue6899.go	native				testdir	PASS	-	-	0.05
PASS	testdir:fixedbugs/issue6902.go	compiled				testdir	PASS	-	-	0.32
PASS	testdir:fixedbugs/issue6902.go	interpreted				testdir	PASS	-	-	0.87
PASS	testdir:fixedbugs/issue6902.go	native				testdir	PASS	-	-	0.06
PASS	testdir:fixedbugs/issue69434.go	compiled				testdir	PASS	-	-	0.35
PASS	testdir:fixedbugs/issue69434.go	interpreted				testdir	PASS	-	-	0.88
PASS	testdir:fixedbugs/issue69434.go	native				testdir	PASS	-	-	0.05
PASS	testdir:fixedbugs/issue69507.go	compiled				testdir	PASS	-	-	0.15
PASS	testdir:fixedbugs/issue69507.go	interpreted				testdir	PASS	-	-	0.03
PASS	testdir:fixedbugs/issue69507.go	native				testdir	PASS	-	-	0.05
PASS	testdir:fixedbugs/issue6964.go	compiled				testdir	PASS	-	-	0.01
PASS	testdir:fixedbugs/issue6964.go	interpreted				testdir	PASS	-	-	0.01
PASS	testdir:fixedbugs/issue6964.go	native				testdir	PASS	-	-	0.01
PASS	testdir:fixedbugs/issue6977.go	compiled				testdir	PASS	-	-	0.06
PASS	testdir:fixedbugs/issue6977.go	interpreted				testdir	PASS	-	-	0.05
PASS	testdir:fixedbugs/issue6977.go	native				testdir	PASS	-	-	0.01
PASS	testdir:fixedbugs/issue69825.go	compiled				testdir	PASS	-	-	0.05
PASS	testdir:fixedbugs/issue69825.go	interpreted				testdir	PASS	-	-	0.01
PASS	testdir:fixedbugs/issue69825.go	native				testdir	PASS	-	-	0.01
PASS	testdir:fixedbugs/issue70156.go	compiled				testdir	PASS	-	-	0.23
PASS	testdir:fixedbugs/issue70156.go	interpreted				testdir	PASS	-	-	0.84
PASS	testdir:fixedbugs/issue70156.go	native				testdir	PASS	-	-	0.06
PASS	testdir:fixedbugs/issue70175.go	compiled				testdir	PASS	-	-	0.05
PASS	testdir:fixedbugs/issue70175.go	interpreted				testdir	PASS	-	-	0.01
PASS	testdir:fixedbugs/issue70175.go	native				testdir	PASS	-	-	0.01
PASS	testdir:fixedbugs/issue70189.go	compiled				testdir	PASS	-	-	0.13
PASS	testdir:fixedbugs/issue70189.go	interpreted				testdir	PASS	-	-	0.02
PASS	testdir:fixedbugs/issue70189.go	native				testdir	PASS	-	-	0.05
PASS	testdir:fixedbugs/issue7023.go	compiled				testdir	PASS	-	-	0.1
PASS	testdir:fixedbugs/issue7023.go	interpreted				testdir	PASS	-	-	0.02
PASS	testdir:fixedbugs/issue7023.go	native				testdir	PASS	-	-	0.02
PASS	testdir:fixedbugs/issue7044.go	compiled				testdir	PASS	-	-	0.28
PASS	testdir:fixedbugs/issue7044.go	interpreted				testdir	PASS	-	-	1.03
PASS	testdir:fixedbugs/issue7044.go	native				testdir	PASS	-	-	0.07
PASS	testdir:fixedbugs/issue70481.go	compiled				testdir	PASS	-	-	0.15
PASS	testdir:fixedbugs/issue70481.go	interpreted				testdir	PASS	-	-	0.02
PASS	testdir:fixedbugs/issue70481.go	native				testdir	PASS	-	-	0.05
PASS	testdir:fixedbugs/issue7050.go	compiled				testdir	PASS	-	-	0.26
PASS	testdir:fixedbugs/issue7050.go	interpreted				testdir	PASS	-	-	1.01
PASS	testdir:fixedbugs/issue7050.go	native				testdir	PASS	-	-	0.07
PASS	testdir:fixedbugs/issue7083.go	compiled				testdir	PASS	-	-	0.25
PASS	testdir:fixedbugs/issue7083.go	interpreted				testdir	PASS	-	-	0.89
PASS	testdir:fixedbugs/issue7083.go	native				testdir	PASS	-	-	0.06
PASS	testdir:fixedbugs/issue71184.go	compiled				testdir	PASS	-	-	0.05
PASS	testdir:fixedbugs/issue71184.go	interpreted				testdir	PASS	-	-	0.01
PASS	testdir:fixedbugs/issue71184.go	native				testdir	PASS	-	-	0.01
PASS	testdir:fixedbugs/issue71225.go	compiled	cgo	import \C\" / //go:build cgo: the pure-Go product declares cgo out of scope"		testdir	PASS	-	-	0.37
PASS	testdir:fixedbugs/issue71225.go	interpreted	cgo	import \C\" / //go:build cgo: the pure-Go product declares cgo out of scope"		testdir	PASS	-	-	0.01
PASS	testdir:fixedbugs/issue71225.go	native				testdir	PASS	-	-	0.35
PASS	testdir:fixedbugs/issue71226.go	compiled	cgo	import \C\" / //go:build cgo: the pure-Go product declares cgo out of scope"		testdir	PASS	-	-	0.46
PASS	testdir:fixedbugs/issue71226.go	interpreted	cgo	import \C\" / //go:build cgo: the pure-Go product declares cgo out of scope"		testdir	PASS	-	-	0.01
PASS	testdir:fixedbugs/issue71226.go	native				testdir	PASS	-	-	0.78
PASS	testdir:fixedbugs/issue7129.go	compiled				testdir	PASS	-	-	0.01
PASS	testdir:fixedbugs/issue7129.go	interpreted				testdir	PASS	-	-	0.01
PASS	testdir:fixedbugs/issue7129.go	native				testdir	PASS	-	-	0.01
PASS	testdir:fixedbugs/issue7150.go	compiled				testdir	PASS	-	-	0.01
PASS	testdir:fixedbugs/issue7150.go	interpreted				testdir	PASS	-	-	0.01
PASS	testdir:fixedbugs/issue7150.go	native				testdir	PASS	-	-	0.01
PASS	testdir:fixedbugs/issue7153.go	compiled				testdir	PASS	-	-	0.01
PASS	testdir:fixedbugs/issue7153.go	interpreted				testdir	PASS	-	-	0.01
PASS	testdir:fixedbugs/issue7153.go	native				testdir	PASS	-	-	0.01
PASS	testdir:fixedbugs/issue71675.go	compiled				testdir	PASS	-	-	0.13
PASS	testdir:fixedbugs/issue71675.go	interpreted				testdir	PASS	-	-	0.02
PASS	testdir:fixedbugs/issue71675.go	native				testdir	PASS	-	-	0.05
PASS	testdir:fixedbugs/issue71680.go	compiled				testdir	PASS	-	-	0.05
PASS	testdir:fixedbugs/issue71680.go	interpreted				testdir	PASS	-	-	0.01
PASS	testdir:fixedbugs/issue71680.go	native				testdir	PASS	-	-	0.02
PASS	testdir:fixedbugs/issue71759.go	compiled				testdir	PASS	-	-	0.14
PASS	testdir:fixedbugs/issue71759.go	interpreted				testdir	PASS	-	-	0.02
PASS	testdir:fixedbugs/issue71759.go	native				testdir	PASS	-	-	0.04
PASS	testdir:fixedbugs/issue71852.go	compiled				testdir	PASS	-	-	0.08
PASS	testdir:fixedbugs/issue71852.go	interpreted				testdir	PASS	-	-	0.03
PASS	testdir:fixedbugs/issue71852.go	native				testdir	PASS	-	-	0.01
PASS	testdir:fixedbugs/issue71857.go	compiled				testdir	PASS	-	-	0.16
PASS	testdir:fixedbugs/issue71857.go	interpreted				testdir	PASS	-	-	0.79
PASS	testdir:fixedbugs/issue71857.go	native				testdir	PASS	-	-	0.04
PASS	testdir:fixedbugs/issue71932.go	compiled				testdir	PASS	-	-	0.22
PASS	testdir:fixedbugs/issue71932.go	interpreted				testdir	PASS	-	-	0.99
PASS	testdir:fixedbugs/issue71932.go	native				testdir	PASS	-	-	0.06
PASS	testdir:fixedbugs/issue72063.go	compiled				testdir	PASS	-	-	0.26
PASS	testdir:fixedbugs/issue72063.go	interpreted				testdir	PASS	-	-	0.89
PASS	testdir:fixedbugs/issue72063.go	native				testdir	PASS	-	-	0.07
PASS	testdir:fixedbugs/issue72090.go	compiled				testdir	PASS	-	-	0.24
PASS	testdir:fixedbugs/issue72090.go	interpreted				testdir	PASS	-	-	0.05
PASS	testdir:fixedbugs/issue72090.go	native				testdir	PASS	-	-	0.11
PASS	testdir:fixedbugs/issue7214.go	compiled				testdir	PASS	-	-	0.01
PASS	testdir:fixedbugs/issue7214.go	interpreted				testdir	PASS	-	-	0.01
PASS	testdir:fixedbugs/issue7214.go	native				testdir	PASS	-	-	0.01
PASS	testdir:fixedbugs/issue7223.go	compiled				testdir	PASS	-	-	0.01
PASS	testdir:fixedbugs/issue7223.go	interpreted				testdir	PASS	-	-	0.01
PASS	testdir:fixedbugs/issue7223.go	native				testdir	PASS	-	-	0.01
PASS	testdir:fixedbugs/issue7272.go	compiled				testdir	PASS	-	-	0.04
PASS	testdir:fixedbugs/issue7272.go	interpreted				testdir	PASS	-	-	0.01
PASS	testdir:fixedbugs/issue7272.go	native				testdir	PASS	-	-	0.01
PASS	testdir:fixedbugs/issue72844.go	compiled				testdir	PASS	-	-	0.14
PASS	testdir:fixedbugs/issue72844.go	interpreted				testdir	PASS	-	-	0.02
PASS	testdir:fixedbugs/issue72844.go	native				testdir	PASS	-	-	0.05
PASS	testdir:fixedbugs/issue72860.go	compiled				testdir	PASS	-	-	0.13
PASS	testdir:fixedbugs/issue72860.go	interpreted				testdir	PASS	-	-	0.02
PASS	testdir:fixedbugs/issue72860.go	native				testdir	PASS	-	-	0.05
PASS	testdir:fixedbugs/issue7310.go	compiled				testdir	PASS	-	-	0.01
PASS	testdir:fixedbugs/issue7310.go	interpreted				testdir	PASS	-	-	0.01
PASS	testdir:fixedbugs/issue7310.go	native				testdir	PASS	-	-	0.01
PASS	testdir:fixedbugs/issue7316.go	compiled				testdir	PASS	-	-	0.43
PASS	testdir:fixedbugs/issue7316.go	interpreted				testdir	PASS	-	-	0.94
PASS	testdir:fixedbugs/issue7316.go	native				testdir	PASS	-	-	0.19
PASS	testdir:fixedbugs/issue73180.go	compiled				testdir	PASS	-	-	0.05
PASS	testdir:fixedbugs/issue73180.go	interpreted				testdir	PASS	-	-	0.01
PASS	testdir:fixedbugs/issue73180.go	native				testdir	PASS	-	-	0.01
PASS	testdir:fixedbugs/issue73200.go	compiled				testdir	PASS	-	-	0.15
PASS	testdir:fixedbugs/issue73200.go	interpreted				testdir	PASS	-	-	0.01
PASS	testdir:fixedbugs/issue73200.go	native				testdir	PASS	-	-	0.09
PASS	testdir:fixedbugs/issue73309.go	compiled				testdir	PASS	-	-	0.05
PASS	testdir:fixedbugs/issue73309.go	interpreted				testdir	PASS	-	-	0.01
PASS	testdir:fixedbugs/issue73309.go	native				testdir	PASS	-	-	0.01
PASS	testdir:fixedbugs/issue73309b.go	compiled				testdir	PASS	-	-	0.06
PASS	testdir:fixedbugs/issue73309b.go	interpreted				testdir	PASS	-	-	0.01
PASS	testdir:fixedbugs/issue73309b.go	native				testdir	PASS	-	-	0.01
PASS	testdir:fixedbugs/issue7346.go	compiled				testdir	PASS	-	-	0.05
PASS	testdir:fixedbugs/issue7346.go	interpreted				testdir	PASS	-	-	0.01
PASS	testdir:fixedbugs/issue7346.go	native				testdir	PASS	-	-	0.01
PASS	testdir:fixedbugs/issue73476.go	compiled				testdir	PASS	-	-	0.14
PASS	testdir:fixedbugs/issue73476.go	interpreted				testdir	PASS	-	-	0.02
PASS	testdir:fixedbugs/issue73476.go	native				testdir	PASS	-	-	0.05
SKIP	testdir:fixedbugs/issue73483.go	compiled			testdir_test.go:531: //go:build race && cgo	testdir	SKIP	-	-	0
SKIP	testdir:fixedbugs/issue73483.go	interpreted			testdir_test.go:531: //go:build race && cgo	testdir	SKIP	-	-	0
SKIP	testdir:fixedbugs/issue73483.go	native			testdir_test.go:531: //go:build race && cgo	testdir	SKIP	-	-	0
PASS	testdir:fixedbugs/issue73491.go	compiled				testdir	PASS	-	-	0.14
PASS	testdir:fixedbugs/issue73491.go	interpreted				testdir	PASS	-	-	0.01
PASS	testdir:fixedbugs/issue73491.go	native				testdir	PASS	-	-	0.08
PASS	testdir:fixedbugs/issue7366.go	compiled				testdir	PASS	-	-	0.05
PASS	testdir:fixedbugs/issue7366.go	interpreted				testdir	PASS	-	-	0.01
PASS	testdir:fixedbugs/issue7366.go	native				testdir	PASS	-	-	0.01
PASS	testdir:fixedbugs/issue73716.go	compiled				testdir	PASS	-	-	0.28
PASS	testdir:fixedbugs/issue73716.go	interpreted				testdir	PASS	-	-	0.06
PASS	testdir:fixedbugs/issue73716.go	native				testdir	PASS	-	-	0.12
PASS	testdir:fixedbugs/issue73748a.go	compiled				testdir	PASS	-	-	0.42
PASS	testdir:fixedbugs/issue73748a.go	interpreted				testdir	PASS	-	-	1.28
PASS	testdir:fixedbugs/issue73748a.go	native				testdir	PASS	-	-	0.06
PASS	testdir:fixedbugs/issue73748b.go	compiled				testdir	PASS	-	-	0.43
PASS	testdir:fixedbugs/issue73748b.go	interpreted				testdir	PASS	-	-	1.26
PASS	testdir:fixedbugs/issue73748b.go	native				testdir	PASS	-	-	0.07
PASS	testdir:fixedbugs/issue73823.go	compiled				testdir	PASS	-	-	0.04
PASS	testdir:fixedbugs/issue73823.go	interpreted				testdir	PASS	-	-	0.01
PASS	testdir:fixedbugs/issue73823.go	native				testdir	PASS	-	-	0.01
PASS	testdir:fixedbugs/issue73888.go	compiled				testdir	PASS	-	-	0.14
PASS	testdir:fixedbugs/issue73888.go	interpreted				testdir	PASS	-	-	0.02
PASS	testdir:fixedbugs/issue73888.go	native				testdir	PASS	-	-	0.05
PASS	testdir:fixedbugs/issue73888b.go	compiled				testdir	PASS	-	-	0.15
PASS	testdir:fixedbugs/issue73888b.go	interpreted				testdir	PASS	-	-	0.02
PASS	testdir:fixedbugs/issue73888b.go	native				testdir	PASS	-	-	0.05
PASS	testdir:fixedbugs/issue73916.go	compiled				testdir	PASS	-	-	0.14
PASS	testdir:fixedbugs/issue73916.go	interpreted				testdir	PASS	-	-	0.02
PASS	testdir:fixedbugs/issue73916.go	native				testdir	PASS	-	-	0.04
PASS	testdir:fixedbugs/issue73916b.go	compiled				testdir	PASS	-	-	0.15
PASS	testdir:fixedbugs/issue73916b.go	interpreted				testdir	PASS	-	-	0.02
PASS	testdir:fixedbugs/issue73916b.go	native				testdir	PASS	-	-	0.05
PASS	testdir:fixedbugs/issue73917.go	compiled				testdir	PASS	-	-	0.15
PASS	testdir:fixedbugs/issue73917.go	interpreted				testdir	PASS	-	-	0.02
PASS	testdir:fixedbugs/issue73917.go	native				testdir	PASS	-	-	0.04
PASS	testdir:fixedbugs/issue73920.go	compiled				testdir	PASS	-	-	0.14
PASS	testdir:fixedbugs/issue73920.go	interpreted				testdir	PASS	-	-	0.02
PASS	testdir:fixedbugs/issue73920.go	native				testdir	PASS	-	-	0.05
PASS	testdir:fixedbugs/issue7405.go	compiled				testdir	PASS	-	-	0.05
PASS	testdir:fixedbugs/issue7405.go	interpreted				testdir	PASS	-	-	0.01
PASS	testdir:fixedbugs/issue7405.go	native				testdir	PASS	-	-	0.01
PASS	testdir:fixedbugs/issue7419.go	compiled				testdir	PASS	-	-	0.27
PASS	testdir:fixedbugs/issue7419.go	interpreted				testdir	PASS	-	-	0.93
PASS	testdir:fixedbugs/issue7419.go	native				testdir	PASS	-	-	0.05
PASS	testdir:fixedbugs/issue74379.go	compiled				testdir	PASS	-	-	0.36
PASS	testdir:fixedbugs/issue74379.go	interpreted				testdir	PASS	-	-	1.13
PASS	testdir:fixedbugs/issue74379.go	native				testdir	PASS	-	-	0.06
PASS	testdir:fixedbugs/issue74379b.go	compiled				testdir	PASS	-	-	0.35
PASS	testdir:fixedbugs/issue74379b.go	interpreted				testdir	PASS	-	-	1.14
PASS	testdir:fixedbugs/issue74379b.go	native				testdir	PASS	-	-	0.07
PASS	testdir:fixedbugs/issue74379c.go	compiled				testdir	PASS	-	-	0.34
PASS	testdir:fixedbugs/issue74379c.go	interpreted				testdir	PASS	-	-	1.17
PASS	testdir:fixedbugs/issue74379c.go	native				testdir	PASS	-	-	0.07
PASS	testdir:fixedbugs/issue74626.go	compiled				testdir	PASS	-	-	0.05
EXCLUDED	testdir:fixedbugs/issue74626.go	interpreted	gc-only-check	errorcheck expects a gc-only diagnostic go/types cannot express	testdir_test.go:153: compilation succeeded unexpectedly	testdir	FAIL	CATALOG	EXCLUDED	0.01
PASS	testdir:fixedbugs/issue74626.go	native				testdir	PASS	-	-	0.01
PASS	testdir:fixedbugs/issue74648.go	compiled	assembly-companion	execute-phase .s companion: assembly must run natively		testdir	PASS	-	-	0.19
PASS	testdir:fixedbugs/issue74648.go	interpreted				testdir	PASS	-	-	0.76
PASS	testdir:fixedbugs/issue74648.go	native				testdir	PASS	-	-	0.09
PASS	testdir:fixedbugs/issue74836.go	compiled				testdir	PASS	-	-	0.05
PASS	testdir:fixedbugs/issue74836.go	interpreted				testdir	PASS	-	-	0.01
PASS	testdir:fixedbugs/issue74836.go	native				testdir	PASS	-	-	0.01
PASS	testdir:fixedbugs/issue74888.go	compiled				testdir	PASS	-	-	0.04
PASS	testdir:fixedbugs/issue74888.go	interpreted				testdir	PASS	-	-	0.01
PASS	testdir:fixedbugs/issue74888.go	native				testdir	PASS	-	-	0.01
PASS	testdir:fixedbugs/issue74908.go	compiled				testdir	PASS	-	-	0.06
PASS	testdir:fixedbugs/issue74908.go	interpreted				testdir	PASS	-	-	0.01
PASS	testdir:fixedbugs/issue74908.go	native				testdir	PASS	-	-	0.01
PASS	testdir:fixedbugs/issue74935.go	compiled				testdir	PASS	-	-	0.27
PASS	testdir:fixedbugs/issue74935.go	interpreted				testdir	PASS	-	-	0.87
PASS	testdir:fixedbugs/issue74935.go	native				testdir	PASS	-	-	0.06
PASS	testdir:fixedbugs/issue75022.go	compiled				testdir	PASS	-	-	0.01
PASS	testdir:fixedbugs/issue75022.go	interpreted				testdir	PASS	-	-	0.01
PASS	testdir:fixedbugs/issue75022.go	native				testdir	PASS	-	-	0.01
PASS	testdir:fixedbugs/issue75063.go	compiled				testdir	PASS	-	-	0.05
PASS	testdir:fixedbugs/issue75063.go	interpreted				testdir	PASS	-	-	0.01
PASS	testdir:fixedbugs/issue75063.go	native				testdir	PASS	-	-	0.02
PASS	testdir:fixedbugs/issue7525.go	compiled				testdir	PASS	-	-	0.01
PASS	testdir:fixedbugs/issue7525.go	interpreted				testdir	PASS	-	-	0.01
PASS	testdir:fixedbugs/issue7525.go	native				testdir	PASS	-	-	0.01
PASS	testdir:fixedbugs/issue7525b.go	compiled				testdir	PASS	-	-	0.01
PASS	testdir:fixedbugs/issue7525b.go	interpreted				testdir	PASS	-	-	0.01
PASS	testdir:fixedbugs/issue7525b.go	native				testdir	PASS	-	-	0.01
PASS	testdir:fixedbugs/issue7525c.go	compiled				testdir	PASS	-	-	0.01
PASS	testdir:fixedbugs/issue7525c.go	interpreted				testdir	PASS	-	-	0.01
PASS	testdir:fixedbugs/issue7525c.go	native				testdir	PASS	-	-	0.01
PASS	testdir:fixedbugs/issue7525d.go	compiled				testdir	PASS	-	-	0.01
PASS	testdir:fixedbugs/issue7525d.go	interpreted				testdir	PASS	-	-	0.01
PASS	testdir:fixedbugs/issue7525d.go	native				testdir	PASS	-	-	0.01
PASS	testdir:fixedbugs/issue7525e.go	compiled				testdir	PASS	-	-	0.01
PASS	testdir:fixedbugs/issue7525e.go	interpreted				testdir	PASS	-	-	0.01
PASS	testdir:fixedbugs/issue7525e.go	native				testdir	PASS	-	-	0.01
PASS	testdir:fixedbugs/issue75278.go	compiled				testdir	PASS	-	-	0.06
EXCLUDED	testdir:fixedbugs/issue75278.go	interpreted	compiler-diagnostic	test asserts gc optimizer output (-m/-d=); an interpreter has no optimizer to report on	testdir_test.go:153: Bash++ backend unsupported: optimizer diagnostics are a compiler artifact; the check interface has no inlining, escape-analysis or SSA meaning	testdir	FAIL	CATALOG	EXCLUDED	0
PASS	testdir:fixedbugs/issue75278.go	native				testdir	PASS	-	-	0.01
PASS	testdir:fixedbugs/issue75327.go	compiled				testdir	PASS	-	-	0.35
PASS	testdir:fixedbugs/issue75327.go	interpreted				testdir	PASS	-	-	1.05
PASS	testdir:fixedbugs/issue75327.go	native				testdir	PASS	-	-	0.06
PASS	testdir:fixedbugs/issue75365.go	compiled				testdir	PASS	-	-	0.28
EXCLUDED	testdir:fixedbugs/issue75365.go	interpreted	unsafe-reinterpretation	unsafe.Pointer memory reinterpretation: the interpreter has no native memory model	testdir_test.go:153: exit status 1	testdir	FAIL	CATALOG	EXCLUDED	0.9
PASS	testdir:fixedbugs/issue75365.go	native				testdir	PASS	-	-	0.07
PASS	testdir:fixedbugs/issue7538a.go	compiled				testdir	PASS	-	-	0.01
PASS	testdir:fixedbugs/issue7538a.go	interpreted				testdir	PASS	-	-	0.01
PASS	testdir:fixedbugs/issue7538a.go	native				testdir	PASS	-	-	0.01
PASS	testdir:fixedbugs/issue7538b.go	compiled				testdir	PASS	-	-	0.05
PASS	testdir:fixedbugs/issue7538b.go	interpreted				testdir	PASS	-	-	0.01
PASS	testdir:fixedbugs/issue7538b.go	native				testdir	PASS	-	-	0.01
PASS	testdir:fixedbugs/issue7547.go	compiled				testdir	PASS	-	-	0.06
PASS	testdir:fixedbugs/issue7547.go	interpreted				testdir	PASS	-	-	0.01
PASS	testdir:fixedbugs/issue7547.go	native				testdir	PASS	-	-	0.01
PASS	testdir:fixedbugs/issue7550.go	compiled				testdir	PASS	-	-	0.14
PASS	testdir:fixedbugs/issue7550.go	interpreted				testdir	PASS	-	-	0.02
PASS	testdir:fixedbugs/issue7550.go	native				testdir	PASS	-	-	0.05
PASS	testdir:fixedbugs/issue75569.go	compiled				testdir	PASS	-	-	0.16
PASS	testdir:fixedbugs/issue75569.go	interpreted				testdir	PASS	-	-	0.02
PASS	testdir:fixedbugs/issue75569.go	native				testdir	PASS	-	-	0.05
PASS	testdir:fixedbugs/issue75764.go	compiled				testdir	PASS	-	-	0.3
PASS	testdir:fixedbugs/issue75764.go	interpreted				testdir	PASS	-	-	1.28
PASS	testdir:fixedbugs/issue75764.go	native				testdir	PASS	-	-	0.08
PASS	testdir:fixedbugs/issue7590.go	compiled				testdir	PASS	-	-	0.06
PASS	testdir:fixedbugs/issue7590.go	interpreted				testdir	PASS	-	-	0.01
PASS	testdir:fixedbugs/issue7590.go	native				testdir	PASS	-	-	0.01
PASS	testdir:fixedbugs/issue76008.go	compiled				testdir	PASS	-	-	0.24
PASS	testdir:fixedbugs/issue76008.go	interpreted				testdir	PASS	-	-	0.83
PASS	testdir:fixedbugs/issue76008.go	native				testdir	PASS	-	-	0.05
PASS	testdir:fixedbugs/issue7648.go	compiled				testdir	PASS	-	-	0.09
PASS	testdir:fixedbugs/issue7648.go	interpreted				testdir	PASS	-	-	0.02
PASS	testdir:fixedbugs/issue7648.go	native				testdir	PASS	-	-	0.02
PASS	testdir:fixedbugs/issue76709.go	compiled				testdir	PASS	-	-	0.27
PASS	testdir:fixedbugs/issue76709.go	interpreted				testdir	PASS	-	-	0.9
PASS	testdir:fixedbugs/issue76709.go	native				testdir	PASS	-	-	0.07
PASS	testdir:fixedbugs/issue7675.go	compiled				testdir	PASS	-	-	0.01
PASS	testdir:fixedbugs/issue7675.go	interpreted				testdir	PASS	-	-	0.01
PASS	testdir:fixedbugs/issue7675.go	native				testdir	PASS	-	-	0.01
PASS	testdir:fixedbugs/issue7690.go	compiled				testdir	PASS	-	-	0.33
PASS	testdir:fixedbugs/issue7690.go	interpreted				testdir	PASS	-	-	1.31
PASS	testdir:fixedbugs/issue7690.go	native				testdir	PASS	-	-	0.07
PASS	testdir:fixedbugs/issue76950.go	compiled				testdir	PASS	-	-	0.05
PASS	testdir:fixedbugs/issue76950.go	interpreted				testdir	PASS	-	-	0.01
PASS	testdir:fixedbugs/issue76950.go	native				testdir	PASS	-	-	0.01
PASS	testdir:fixedbugs/issue77303.go	compiled				testdir	PASS	-	-	0.05
PASS	testdir:fixedbugs/issue77303.go	interpreted				testdir	PASS	-	-	0.01
PASS	testdir:fixedbugs/issue77303.go	native				testdir	PASS	-	-	0.01
PASS	testdir:fixedbugs/issue7740.go	compiled				testdir	PASS	-	-	0.29
PASS	testdir:fixedbugs/issue7740.go	interpreted				testdir	PASS	-	-	1.15
PASS	testdir:fixedbugs/issue7740.go	native				testdir	PASS	-	-	0.06
PASS	testdir:fixedbugs/issue7742.go	compiled				testdir	PASS	-	-	0.06
PASS	testdir:fixedbugs/issue7742.go	interpreted				testdir	PASS	-	-	0.01
PASS	testdir:fixedbugs/issue7742.go	native				testdir	PASS	-	-	0.01
PASS	testdir:fixedbugs/issue77435.go	compiled				testdir	PASS	-	-	0.04
PASS	testdir:fixedbugs/issue77435.go	interpreted				testdir	PASS	-	-	0.01
PASS	testdir:fixedbugs/issue77435.go	native				testdir	PASS	-	-	0.01
PASS	testdir:fixedbugs/issue7746.go	compiled				testdir	PASS	-	-	0.01
PASS	testdir:fixedbugs/issue7746.go	interpreted				testdir	PASS	-	-	0.01
PASS	testdir:fixedbugs/issue7746.go	native				testdir	PASS	-	-	0.01
PASS	testdir:fixedbugs/issue77534.go	compiled				testdir	PASS	-	-	0.05
PASS	testdir:fixedbugs/issue77534.go	interpreted				testdir	PASS	-	-	0.01
PASS	testdir:fixedbugs/issue77534.go	native				testdir	PASS	-	-	0.01
PASS	testdir:fixedbugs/issue7760.go	compiled				testdir	PASS	-	-	0.01
PASS	testdir:fixedbugs/issue7760.go	interpreted				testdir	PASS	-	-	0.01
PASS	testdir:fixedbugs/issue7760.go	native				testdir	PASS	-	-	0.01
PASS	testdir:fixedbugs/issue77604.go	compiled				testdir	PASS	-	-	0.06
PASS	testdir:fixedbugs/issue77604.go	interpreted				testdir	PASS	-	-	0.01
PASS	testdir:fixedbugs/issue77604.go	native				testdir	PASS	-	-	0.01
PASS	testdir:fixedbugs/issue77613.go	compiled				testdir	PASS	-	-	0.24
PASS	testdir:fixedbugs/issue77613.go	interpreted				testdir	PASS	-	-	0.92
PASS	testdir:fixedbugs/issue77613.go	native				testdir	PASS	-	-	0.06
PASS	testdir:fixedbugs/issue77635.go	compiled				testdir	PASS	-	-	0.14
PASS	testdir:fixedbugs/issue77635.go	interpreted				testdir	PASS	-	-	0.05
PASS	testdir:fixedbugs/issue77635.go	native				testdir	PASS	-	-	0.01
PASS	testdir:fixedbugs/issue77635b.go	compiled				testdir	PASS	-	-	0.05
PASS	testdir:fixedbugs/issue77635b.go	interpreted				testdir	PASS	-	-	0.01
PASS	testdir:fixedbugs/issue77635b.go	native				testdir	PASS	-	-	0.01
PASS	testdir:fixedbugs/issue77779.go	compiled				testdir	PASS	-	-	0.25
PASS	testdir:fixedbugs/issue77779.go	interpreted				testdir	PASS	-	-	1.01
PASS	testdir:fixedbugs/issue77779.go	native				testdir	PASS	-	-	0.07
PASS	testdir:fixedbugs/issue77815.go	compiled				testdir	PASS	-	-	0.05
PASS	testdir:fixedbugs/issue77815.go	interpreted				testdir	PASS	-	-	0.01
PASS	testdir:fixedbugs/issue77815.go	native				testdir	PASS	-	-	0.01
PASS	testdir:fixedbugs/issue77868.go	compiled				testdir	PASS	-	-	0.05
PASS	testdir:fixedbugs/issue77868.go	interpreted				testdir	PASS	-	-	0.01
PASS	testdir:fixedbugs/issue77868.go	native				testdir	PASS	-	-	0.01
PASS	testdir:fixedbugs/issue77919.go	compiled				testdir	PASS	-	-	0.05
PASS	testdir:fixedbugs/issue77919.go	interpreted				testdir	PASS	-	-	0.01
PASS	testdir:fixedbugs/issue77919.go	native				testdir	PASS	-	-	0.01
PASS	testdir:fixedbugs/issue7794.go	compiled				testdir	PASS	-	-	0.04
PASS	testdir:fixedbugs/issue7794.go	interpreted				testdir	PASS	-	-	0.01
PASS	testdir:fixedbugs/issue7794.go	native				testdir	PASS	-	-	0.01
PASS	testdir:fixedbugs/issue78016.go	compiled				testdir	PASS	-	-	0.05
PASS	testdir:fixedbugs/issue78016.go	interpreted				testdir	PASS	-	-	0.01
PASS	testdir:fixedbugs/issue78016.go	native				testdir	PASS	-	-	0.01
PASS	testdir:fixedbugs/issue78028.go	compiled				testdir	PASS	-	-	0.06
PASS	testdir:fixedbugs/issue78028.go	interpreted				testdir	PASS	-	-	0.02
PASS	testdir:fixedbugs/issue78028.go	native				testdir	PASS	-	-	0.01
PASS	testdir:fixedbugs/issue78081.go	compiled				testdir	PASS	-	-	1.13
EXCLUDED	testdir:fixedbugs/issue78081.go	interpreted	compute-bound	a CPU-bound loop whose interpreted evaluation exceeds the fixed 60 s leaf deadline (observed: evaluation volume); it shows no overhead a script would feel; put CPU-bound loops in a Go fence or embed	testdir_test.go:153: command exceeded time limit	testdir	FAIL	CATALOG	CARRIED-376	61.02
PASS	testdir:fixedbugs/issue78081.go	native				testdir	PASS	-	-	0.93
PASS	testdir:fixedbugs/issue78262.go	compiled				testdir	PASS	-	-	0.13
PASS	testdir:fixedbugs/issue78262.go	interpreted				testdir	PASS	-	-	0.02
PASS	testdir:fixedbugs/issue78262.go	native				testdir	PASS	-	-	0.05
PASS	testdir:fixedbugs/issue78295.go	compiled				testdir	PASS	-	-	0.14
PASS	testdir:fixedbugs/issue78295.go	interpreted				testdir	PASS	-	-	0.02
PASS	testdir:fixedbugs/issue78295.go	native				testdir	PASS	-	-	0.05
PASS	testdir:fixedbugs/issue78297.go	compiled				testdir	PASS	-	-	0.05
PASS	testdir:fixedbugs/issue78297.go	interpreted				testdir	PASS	-	-	0.01
PASS	testdir:fixedbugs/issue78297.go	native				testdir	PASS	-	-	0.01
PASS	testdir:fixedbugs/issue78303_1.go	compiled				testdir	PASS	-	-	0.14
PASS	testdir:fixedbugs/issue78303_1.go	interpreted				testdir	PASS	-	-	0.02
PASS	testdir:fixedbugs/issue78303_1.go	native				testdir	PASS	-	-	0.05
PASS	testdir:fixedbugs/issue78303_2.go	compiled				testdir	PASS	-	-	0.14
PASS	testdir:fixedbugs/issue78303_2.go	interpreted				testdir	PASS	-	-	0.02
PASS	testdir:fixedbugs/issue78303_2.go	native				testdir	PASS	-	-	0.05
PASS	testdir:fixedbugs/issue78313.go	compiled				testdir	PASS	-	-	0.05
PASS	testdir:fixedbugs/issue78313.go	interpreted				testdir	PASS	-	-	0.01
PASS	testdir:fixedbugs/issue78313.go	native				testdir	PASS	-	-	0.01
PASS	testdir:fixedbugs/issue78314.go	compiled				testdir	PASS	-	-	0.01
PASS	testdir:fixedbugs/issue78314.go	interpreted				testdir	PASS	-	-	0.01
PASS	testdir:fixedbugs/issue78314.go	native				testdir	PASS	-	-	0.01
PASS	testdir:fixedbugs/issue78355.go	compiled				testdir	PASS	-	-	0.04
EXCLUDED	testdir:fixedbugs/issue78355.go	interpreted	gc-only-check	errorcheck expects a gc-only diagnostic go/types cannot express	testdir_test.go:153: compilation succeeded unexpectedly	testdir	FAIL	CATALOG	EXCLUDED	0.01
PASS	testdir:fixedbugs/issue78355.go	native				testdir	PASS	-	-	0.01
PASS	testdir:fixedbugs/issue78404.go	compiled				testdir	PASS	-	-	0.14
PASS	testdir:fixedbugs/issue78404.go	interpreted				testdir	PASS	-	-	0.02
PASS	testdir:fixedbugs/issue78404.go	native				testdir	PASS	-	-	0.05
PASS	testdir:fixedbugs/issue78408.go	compiled				testdir	PASS	-	-	0.06
PASS	testdir:fixedbugs/issue78408.go	interpreted				testdir	PASS	-	-	0.01
PASS	testdir:fixedbugs/issue78408.go	native				testdir	PASS	-	-	0.01
PASS	testdir:fixedbugs/issue78410.go	compiled				testdir	PASS	-	-	0.06
PASS	testdir:fixedbugs/issue78410.go	interpreted				testdir	PASS	-	-	0.01
PASS	testdir:fixedbugs/issue78410.go	native				testdir	PASS	-	-	0.01
PASS	testdir:fixedbugs/issue78599.go	compiled				testdir	PASS	-	-	0.08
PASS	testdir:fixedbugs/issue78599.go	interpreted				testdir	PASS	-	-	0.05
PASS	testdir:fixedbugs/issue78599.go	native				testdir	PASS	-	-	0.01
PASS	testdir:fixedbugs/issue7863.go	compiled				testdir	PASS	-	-	0.28
PASS	testdir:fixedbugs/issue7863.go	interpreted				testdir	PASS	-	-	0.85
PASS	testdir:fixedbugs/issue7863.go	native				testdir	PASS	-	-	0.06
PASS	testdir:fixedbugs/issue78641.go	compiled				testdir	PASS	-	-	0.15
PASS	testdir:fixedbugs/issue78641.go	interpreted				testdir	PASS	-	-	0.02
PASS	testdir:fixedbugs/issue78641.go	native				testdir	PASS	-	-	0.05
PASS	testdir:fixedbugs/issue7867.go	compiled				testdir	PASS	-	-	0.41
PASS	testdir:fixedbugs/issue7867.go	interpreted				testdir	PASS	-	-	0.89
PASS	testdir:fixedbugs/issue7867.go	native				testdir	PASS	-	-	0.17
PASS	testdir:fixedbugs/issue7884.go	compiled				testdir	PASS	-	-	0.15
PASS	testdir:fixedbugs/issue7884.go	interpreted				testdir	PASS	-	-	0.05
PASS	testdir:fixedbugs/issue7884.go	native				testdir	PASS	-	-	0.01
PASS	testdir:fixedbugs/issue78892.go	compiled				testdir	PASS	-	-	0.14
PASS	testdir:fixedbugs/issue78892.go	interpreted				testdir	PASS	-	-	0.02
PASS	testdir:fixedbugs/issue78892.go	native				testdir	PASS	-	-	0.05
PASS	testdir:fixedbugs/issue79182.go	compiled				testdir	PASS	-	-	0.14
PASS	testdir:fixedbugs/issue79182.go	interpreted				testdir	PASS	-	-	0.02
PASS	testdir:fixedbugs/issue79182.go	native				testdir	PASS	-	-	0.04
PASS	testdir:fixedbugs/issue79186.go	compiled				testdir	PASS	-	-	1.41
EXCLUDED	testdir:fixedbugs/issue79186.go	interpreted	compute-bound	Full unmodified interpreted execution verified correct on frozen sh 0e1b00108: 822.579 s diagnostic wall time, exact output matches native and compiled; exceeds unchanged 60 s acceptance. Operator 2026-10-05 defers proven performance limitations until after v1.0; use compiled Go or a Go fence.	testdir_test.go:153: command exceeded time limit	testdir	FAIL	CATALOG	CARRIED-376	61.07
PASS	testdir:fixedbugs/issue79186.go	native				testdir	PASS	-	-	1.09
PASS	testdir:fixedbugs/issue79197.go	compiled				testdir	PASS	-	-	0.14
PASS	testdir:fixedbugs/issue79197.go	interpreted				testdir	PASS	-	-	0.02
PASS	testdir:fixedbugs/issue79197.go	native				testdir	PASS	-	-	0.05
PASS	testdir:fixedbugs/issue7921.go	compiled				testdir	PASS	-	-	0.09
EXCLUDED	testdir:fixedbugs/issue7921.go	interpreted	compiler-diagnostic	test asserts gc optimizer output (-m/-d=); an interpreter has no optimizer to report on	testdir_test.go:153: Bash++ backend unsupported: optimizer diagnostics are a compiler artifact; the check interface has no inlining, escape-analysis or SSA meaning	testdir	FAIL	CATALOG	EXCLUDED	0
PASS	testdir:fixedbugs/issue7921.go	native				testdir	PASS	-	-	0.02
PASS	testdir:fixedbugs/issue79236.go	compiled				testdir	PASS	-	-	0.15
PASS	testdir:fixedbugs/issue79236.go	interpreted				testdir	PASS	-	-	0.02
PASS	testdir:fixedbugs/issue79236.go	native				testdir	PASS	-	-	0.05
PASS	testdir:fixedbugs/issue79236b.go	compiled				testdir	PASS	-	-	0.23
PASS	testdir:fixedbugs/issue79236b.go	interpreted				testdir	PASS	-	-	0.86
PASS	testdir:fixedbugs/issue79236b.go	native				testdir	PASS	-	-	0.05
PASS	testdir:fixedbugs/issue79258.go	compiled				testdir	PASS	-	-	0.05
EXCLUDED	testdir:fixedbugs/issue79258.go	interpreted	gc-only-check	errorcheck expects a gc-only diagnostic go/types cannot express	testdir_test.go:153: compilation succeeded unexpectedly	testdir	FAIL	CATALOG	EXCLUDED	0.01
PASS	testdir:fixedbugs/issue79258.go	native				testdir	PASS	-	-	0.01
PASS	testdir:fixedbugs/issue79274.go	compiled				testdir	PASS	-	-	0.16
PASS	testdir:fixedbugs/issue79274.go	interpreted				testdir	PASS	-	-	0.05
PASS	testdir:fixedbugs/issue79274.go	native				testdir	PASS	-	-	0.01
PASS	testdir:fixedbugs/issue79274a.go	compiled				testdir	PASS	-	-	0.06
PASS	testdir:fixedbugs/issue79274a.go	interpreted				testdir	PASS	-	-	0.01
PASS	testdir:fixedbugs/issue79274a.go	native				testdir	PASS	-	-	0.01
PASS	testdir:fixedbugs/issue7944.go	compiled				testdir	PASS	-	-	0.24
PASS	testdir:fixedbugs/issue7944.go	interpreted				testdir	PASS	-	-	0.86
PASS	testdir:fixedbugs/issue7944.go	native				testdir	PASS	-	-	0.05
PASS	testdir:fixedbugs/issue79762.go	compiled				testdir	PASS	-	-	0.38
PASS	testdir:fixedbugs/issue79762.go	interpreted				testdir	PASS	-	FIXED	1.32
PASS	testdir:fixedbugs/issue79762.go	native				testdir	PASS	-	-	0.07
PASS	testdir:fixedbugs/issue79812.go	compiled				testdir	PASS	-	-	0.15
PASS	testdir:fixedbugs/issue79812.go	interpreted				testdir	PASS	-	-	0.02
PASS	testdir:fixedbugs/issue79812.go	native				testdir	PASS	-	-	0.05
PASS	testdir:fixedbugs/issue79874.go	compiled				testdir	PASS	-	-	0.38
PASS	testdir:fixedbugs/issue79874.go	interpreted				testdir	PASS	-	-	1.24
PASS	testdir:fixedbugs/issue79874.go	native				testdir	PASS	-	-	0.07
PASS	testdir:fixedbugs/issue79886.go	compiled				testdir	PASS	-	-	0.26
PASS	testdir:fixedbugs/issue79886.go	interpreted				testdir	PASS	-	-	0.87
PASS	testdir:fixedbugs/issue79886.go	native				testdir	PASS	-	-	0.06
PASS	testdir:fixedbugs/issue79887.go	compiled				testdir	PASS	-	-	0.08
PASS	testdir:fixedbugs/issue79887.go	interpreted				testdir	PASS	-	-	0.02
PASS	testdir:fixedbugs/issue79887.go	native				testdir	PASS	-	-	0.02
PASS	testdir:fixedbugs/issue79909.go	compiled				testdir	PASS	-	-	0.24
PASS	testdir:fixedbugs/issue79909.go	interpreted				testdir	PASS	-	-	0.8
PASS	testdir:fixedbugs/issue79909.go	native				testdir	PASS	-	-	0.05
PASS	testdir:fixedbugs/issue7995.go	compiled				testdir	PASS	-	-	0.28
PASS	testdir:fixedbugs/issue7995.go	interpreted				testdir	PASS	-	-	0.84
PASS	testdir:fixedbugs/issue7995.go	native				testdir	PASS	-	-	0.06
PASS	testdir:fixedbugs/issue7995b.go	compiled				testdir	PASS	-	-	0.26
PASS	testdir:fixedbugs/issue7995b.go	interpreted				testdir	PASS	-	-	0.94
PASS	testdir:fixedbugs/issue7995b.go	native				testdir	PASS	-	-	0.06
PASS	testdir:fixedbugs/issue7996.go	compiled				testdir	PASS	-	-	0.05
PASS	testdir:fixedbugs/issue7996.go	interpreted				testdir	PASS	-	-	0.01
PASS	testdir:fixedbugs/issue7996.go	native				testdir	PASS	-	-	0.01
PASS	testdir:fixedbugs/issue79960.go	compiled				testdir	PASS	-	-	0.06
PASS	testdir:fixedbugs/issue79960.go	interpreted				testdir	PASS	-	-	0.01
PASS	testdir:fixedbugs/issue79960.go	native				testdir	PASS	-	-	0.01
PASS	testdir:fixedbugs/issue7997.go	compiled				testdir	PASS	-	-	0.05
PASS	testdir:fixedbugs/issue7997.go	interpreted				testdir	PASS	-	-	0.01
PASS	testdir:fixedbugs/issue7997.go	native				testdir	PASS	-	-	0.01
PASS	testdir:fixedbugs/issue7998.go	compiled				testdir	PASS	-	-	0.04
PASS	testdir:fixedbugs/issue7998.go	interpreted				testdir	PASS	-	-	0.01
PASS	testdir:fixedbugs/issue7998.go	native				testdir	PASS	-	-	0.01
PASS	testdir:fixedbugs/issue80004.go	compiled				testdir	PASS	-	-	0.23
PASS	testdir:fixedbugs/issue80004.go	interpreted	unsafe-reinterpretation	unsafe.Pointer memory reinterpretation: the interpreter has no native memory model		testdir	PASS	-	-	0.97
PASS	testdir:fixedbugs/issue80004.go	native				testdir	PASS	-	-	0.06
PASS	testdir:fixedbugs/issue8004.go	compiled				testdir	PASS	-	-	0.23
PASS	testdir:fixedbugs/issue8004.go	interpreted				testdir	PASS	-	-	1.02
PASS	testdir:fixedbugs/issue8004.go	native				testdir	PASS	-	-	0.05
PASS	testdir:fixedbugs/issue80096.go	compiled				testdir	PASS	-	-	0.05
PASS	testdir:fixedbugs/issue80096.go	interpreted				testdir	PASS	-	-	0.01
PASS	testdir:fixedbugs/issue80096.go	native				testdir	PASS	-	-	0.01
PASS	testdir:fixedbugs/issue80097.go	compiled				testdir	PASS	-	-	0.05
PASS	testdir:fixedbugs/issue80097.go	interpreted				testdir	PASS	-	-	0.01
PASS	testdir:fixedbugs/issue80097.go	native				testdir	PASS	-	-	0.01
PASS	testdir:fixedbugs/issue8011.go	compiled				testdir	PASS	-	-	0.12
PASS	testdir:fixedbugs/issue8011.go	interpreted				testdir	PASS	-	-	0.02
PASS	testdir:fixedbugs/issue8011.go	native				testdir	PASS	-	-	0.05
PASS	testdir:fixedbugs/issue80127.go	compiled				testdir	PASS	-	-	0.14
PASS	testdir:fixedbugs/issue80127.go	interpreted				testdir	PASS	-	-	0.02
PASS	testdir:fixedbugs/issue80127.go	native				testdir	PASS	-	-	0.05
PASS	testdir:fixedbugs/issue8017.go	compiled				testdir	PASS	-	-	0.04
PASS	testdir:fixedbugs/issue8017.go	interpreted				testdir	PASS	-	-	0.01
PASS	testdir:fixedbugs/issue8017.go	native				testdir	PASS	-	-	0.01
PASS	testdir:fixedbugs/issue80188.go	compiled				testdir	PASS	-	-	0.38
PASS	testdir:fixedbugs/issue80188.go	interpreted				testdir	PASS	-	CARRIED-376	26.18
PASS	testdir:fixedbugs/issue80188.go	native				testdir	PASS	-	-	0.2
PASS	testdir:fixedbugs/issue80196.go	compiled				testdir	PASS	-	-	0.17
PASS	testdir:fixedbugs/issue80196.go	interpreted				testdir	PASS	-	-	11.86
PASS	testdir:fixedbugs/issue80196.go	native				testdir	PASS	-	-	0.07
PASS	testdir:fixedbugs/issue8028.go	compiled				testdir	PASS	-	-	0.05
PASS	testdir:fixedbugs/issue8028.go	interpreted				testdir	PASS	-	-	0.01
PASS	testdir:fixedbugs/issue8028.go	native				testdir	PASS	-	-	0.01
PASS	testdir:fixedbugs/issue8036.go	compiled				testdir	PASS	-	-	0.22
PASS	testdir:fixedbugs/issue8036.go	interpreted				testdir	PASS	-	-	0.84
PASS	testdir:fixedbugs/issue8036.go	native				testdir	PASS	-	-	0.05
PASS	testdir:fixedbugs/issue8039.go	compiled				testdir	PASS	-	-	0.14
PASS	testdir:fixedbugs/issue8039.go	interpreted				testdir	PASS	-	-	0.02
PASS	testdir:fixedbugs/issue8039.go	native				testdir	PASS	-	-	0.05
PASS	testdir:fixedbugs/issue8042.go	compiled				testdir	PASS	-	-	0.05
PASS	testdir:fixedbugs/issue8042.go	interpreted				testdir	PASS	-	-	0.01
PASS	testdir:fixedbugs/issue8042.go	native				testdir	PASS	-	-	0.01
PASS	testdir:fixedbugs/issue8047.go	compiled				testdir	PASS	-	-	0.14
PASS	testdir:fixedbugs/issue8047.go	interpreted				testdir	PASS	-	-	0.03
PASS	testdir:fixedbugs/issue8047.go	native				testdir	PASS	-	-	0.05
PASS	testdir:fixedbugs/issue8047b.go	compiled				testdir	PASS	-	-	0.13
PASS	testdir:fixedbugs/issue8047b.go	interpreted				testdir	PASS	-	-	0.02
PASS	testdir:fixedbugs/issue8047b.go	native				testdir	PASS	-	-	0.05
PASS	testdir:fixedbugs/issue8048.go	compiled				testdir	PASS	-	-	0.23
PASS	testdir:fixedbugs/issue8048.go	interpreted				testdir	PASS	-	-	0.86
PASS	testdir:fixedbugs/issue8048.go	native				testdir	PASS	-	-	0.05
PASS	testdir:fixedbugs/issue80517_1.go	compiled				testdir	PASS	-	-	0.14
PASS	testdir:fixedbugs/issue80517_1.go	interpreted				testdir	PASS	-	-	0.02
PASS	testdir:fixedbugs/issue80517_1.go	native				testdir	PASS	-	-	0.05
PASS	testdir:fixedbugs/issue80517_2.go	compiled				testdir	PASS	-	-	0.13
PASS	testdir:fixedbugs/issue80517_2.go	interpreted				testdir	PASS	-	-	0.02
PASS	testdir:fixedbugs/issue80517_2.go	native				testdir	PASS	-	-	0.04
PASS	testdir:fixedbugs/issue80517_3.go	compiled				testdir	PASS	-	-	0.15
PASS	testdir:fixedbugs/issue80517_3.go	interpreted				testdir	PASS	-	-	0.02
PASS	testdir:fixedbugs/issue80517_3.go	native				testdir	PASS	-	-	0.05
PASS	testdir:fixedbugs/issue80577.go	compiled				testdir	PASS	-	-	0.17
PASS	testdir:fixedbugs/issue80577.go	interpreted				testdir	PASS	-	-	0.74
PASS	testdir:fixedbugs/issue80577.go	native				testdir	PASS	-	-	0.05
PASS	testdir:fixedbugs/issue8060.go	compiled				testdir	PASS	-	-	0.09
PASS	testdir:fixedbugs/issue8060.go	interpreted				testdir	PASS	-	-	0.02
PASS	testdir:fixedbugs/issue8060.go	native				testdir	PASS	-	-	0.02
PASS	testdir:fixedbugs/issue8073.go	compiled				testdir	PASS	-	-	0.05
PASS	testdir:fixedbugs/issue8073.go	interpreted				testdir	PASS	-	-	0.01
PASS	testdir:fixedbugs/issue8073.go	native				testdir	PASS	-	-	0.01
PASS	testdir:fixedbugs/issue8074.go	compiled				testdir	PASS	-	-	0.05
PASS	testdir:fixedbugs/issue8074.go	interpreted				testdir	PASS	-	-	0.01
PASS	testdir:fixedbugs/issue8074.go	native				testdir	PASS	-	-	0.01
PASS	testdir:fixedbugs/issue8076.go	compiled				testdir	PASS	-	-	0.05
PASS	testdir:fixedbugs/issue8076.go	interpreted				testdir	PASS	-	-	0.01
PASS	testdir:fixedbugs/issue8076.go	native				testdir	PASS	-	-	0.01
PASS	testdir:fixedbugs/issue8079.go	compiled				testdir	PASS	-	-	0.06
PASS	testdir:fixedbugs/issue8079.go	interpreted				testdir	PASS	-	-	0.01
PASS	testdir:fixedbugs/issue8079.go	native				testdir	PASS	-	-	0.01
PASS	testdir:fixedbugs/issue80976.go	compiled				testdir	PASS	-	-	0.13
PASS	testdir:fixedbugs/issue80976.go	interpreted				testdir	PASS	-	-	0.02
PASS	testdir:fixedbugs/issue80976.go	native				testdir	PASS	-	-	0.04
PASS	testdir:fixedbugs/issue81165.go	compiled				testdir	PASS	-	-	0.14
PASS	testdir:fixedbugs/issue81165.go	interpreted				testdir	PASS	-	-	0.01
PASS	testdir:fixedbugs/issue81165.go	native				testdir	PASS	-	-	0.09
PASS	testdir:fixedbugs/issue8132.go	compiled				testdir	PASS	-	-	0.25
PASS	testdir:fixedbugs/issue8132.go	interpreted				testdir	PASS	-	-	0.87
PASS	testdir:fixedbugs/issue8132.go	native				testdir	PASS	-	-	0.05
PASS	testdir:fixedbugs/issue8139.go	compiled				testdir	PASS	-	-	0.27
PASS	testdir:fixedbugs/issue8139.go	interpreted				testdir	PASS	-	-	0.87
PASS	testdir:fixedbugs/issue8139.go	native				testdir	PASS	-	-	0.07
PASS	testdir:fixedbugs/issue8154.go	compiled				testdir	PASS	-	-	0.05
PASS	testdir:fixedbugs/issue8154.go	interpreted				testdir	PASS	-	-	0.01
PASS	testdir:fixedbugs/issue8154.go	native				testdir	PASS	-	-	0.01
PASS	testdir:fixedbugs/issue8155.go	compiled				testdir	PASS	-	-	0.22
PASS	testdir:fixedbugs/issue8155.go	interpreted				testdir	PASS	-	-	0.86
PASS	testdir:fixedbugs/issue8155.go	native				testdir	PASS	-	-	0.04
PASS	testdir:fixedbugs/issue8158.go	compiled				testdir	PASS	-	-	0.32
PASS	testdir:fixedbugs/issue8158.go	interpreted				testdir	PASS	-	-	1.06
PASS	testdir:fixedbugs/issue8158.go	native				testdir	PASS	-	-	0.07
PASS	testdir:fixedbugs/issue8183.go	compiled				testdir	PASS	-	-	0.01
PASS	testdir:fixedbugs/issue8183.go	interpreted				testdir	PASS	-	-	0.01
PASS	testdir:fixedbugs/issue8183.go	native				testdir	PASS	-	-	0.01
PASS	testdir:fixedbugs/issue8280.go	compiled				testdir	PASS	-	-	0.1
PASS	testdir:fixedbugs/issue8280.go	interpreted				testdir	PASS	-	-	0.02
PASS	testdir:fixedbugs/issue8280.go	native				testdir	PASS	-	-	0.02
PASS	testdir:fixedbugs/issue8311.go	compiled				testdir	PASS	-	-	0.02
PASS	testdir:fixedbugs/issue8311.go	interpreted				testdir	PASS	-	-	0.01
PASS	testdir:fixedbugs/issue8311.go	native				testdir	PASS	-	-	0.01
PASS	testdir:fixedbugs/issue8325.go	compiled				testdir	PASS	-	-	0.14
PASS	testdir:fixedbugs/issue8325.go	interpreted				testdir	PASS	-	-	0.02
PASS	testdir:fixedbugs/issue8325.go	native				testdir	PASS	-	-	0.05
PASS	testdir:fixedbugs/issue8336.go	compiled				testdir	PASS	-	-	0.15
PASS	testdir:fixedbugs/issue8336.go	interpreted				testdir	PASS	-	-	0.02
PASS	testdir:fixedbugs/issue8336.go	native				testdir	PASS	-	-	0.05
PASS	testdir:fixedbugs/issue8347.go	compiled				testdir	PASS	-	-	0.13
PASS	testdir:fixedbugs/issue8347.go	interpreted				testdir	PASS	-	-	0.02
PASS	testdir:fixedbugs/issue8347.go	native				testdir	PASS	-	-	0.05
PASS	testdir:fixedbugs/issue8385.go	compiled				testdir	PASS	-	-	0.01
PASS	testdir:fixedbugs/issue8385.go	interpreted				testdir	PASS	-	-	0.01
PASS	testdir:fixedbugs/issue8385.go	native				testdir	PASS	-	-	0.01
PASS	testdir:fixedbugs/issue8438.go	compiled				testdir	PASS	-	-	0.01
PASS	testdir:fixedbugs/issue8438.go	interpreted				testdir	PASS	-	-	0.01
PASS	testdir:fixedbugs/issue8438.go	native				testdir	PASS	-	-	0.01
PASS	testdir:fixedbugs/issue8440.go	compiled				testdir	PASS	-	-	0.02
PASS	testdir:fixedbugs/issue8440.go	interpreted				testdir	PASS	-	-	0.01
PASS	testdir:fixedbugs/issue8440.go	native				testdir	PASS	-	-	0.01
PASS	testdir:fixedbugs/issue8475.go	compiled				testdir	PASS	-	-	0.17
PASS	testdir:fixedbugs/issue8475.go	interpreted				testdir	PASS	-	-	0.01
PASS	testdir:fixedbugs/issue8475.go	native				testdir	PASS	-	-	0.09
PASS	testdir:fixedbugs/issue8501.go	compiled				testdir	PASS	-	-	0.02
PASS	testdir:fixedbugs/issue8501.go	interpreted				testdir	PASS	-	-	0.01
PASS	testdir:fixedbugs/issue8501.go	native				testdir	PASS	-	-	0.01
PASS	testdir:fixedbugs/issue8507.go	compiled				testdir	PASS	-	-	0.02
PASS	testdir:fixedbugs/issue8507.go	interpreted				testdir	PASS	-	-	0.01
PASS	testdir:fixedbugs/issue8507.go	native				testdir	PASS	-	-	0.01
PASS	testdir:fixedbugs/issue8606.go	compiled				testdir	PASS	-	-	0.33
PASS	testdir:fixedbugs/issue8606.go	interpreted				testdir	PASS	-	-	1.05
PASS	testdir:fixedbugs/issue8606.go	native				testdir	PASS	-	-	0.08
PASS	testdir:fixedbugs/issue8606b.go	compiled				testdir	PASS	-	-	0.29
EXCLUDED	testdir:fixedbugs/issue8606b.go	interpreted	unsafe-reinterpretation	writes inaccessible mmap addresses into reflect.StringHeader.Data through unsafe.Pointer; requires native string header layout and memory protection	testdir_test.go:153: exit status 2	testdir	FAIL	CATALOG	EXCLUDED	1.2
PASS	testdir:fixedbugs/issue8606b.go	native				testdir	PASS	-	-	0.07
PASS	testdir:fixedbugs/issue8612.go	compiled				testdir	PASS	-	-	0.04
PASS	testdir:fixedbugs/issue8612.go	interpreted				testdir	PASS	-	-	0.01
PASS	testdir:fixedbugs/issue8612.go	native				testdir	PASS	-	-	0.01
PASS	testdir:fixedbugs/issue8613.go	compiled				testdir	PASS	-	-	0.15
PASS	testdir:fixedbugs/issue8613.go	interpreted				testdir	PASS	-	-	0.02
PASS	testdir:fixedbugs/issue8613.go	native				testdir	PASS	-	-	0.05
PASS	testdir:fixedbugs/issue8620.go	compiled				testdir	PASS	-	-	0.13
PASS	testdir:fixedbugs/issue8620.go	interpreted				testdir	PASS	-	-	0.02
PASS	testdir:fixedbugs/issue8620.go	native				testdir	PASS	-	-	0.05
PASS	testdir:fixedbugs/issue8745.go	compiled				testdir	PASS	-	-	0.01
PASS	testdir:fixedbugs/issue8745.go	interpreted				testdir	PASS	-	-	0.01
PASS	testdir:fixedbugs/issue8745.go	native				testdir	PASS	-	-	0.01
PASS	testdir:fixedbugs/issue8761.go	compiled				testdir	PASS	-	-	0.05
PASS	testdir:fixedbugs/issue8761.go	interpreted				testdir	PASS	-	-	0.01
PASS	testdir:fixedbugs/issue8761.go	native				testdir	PASS	-	-	0.01
PASS	testdir:fixedbugs/issue8836.go	compiled				testdir	PASS	-	-	0.01
PASS	testdir:fixedbugs/issue8836.go	interpreted				testdir	PASS	-	-	0.01
PASS	testdir:fixedbugs/issue8836.go	native				testdir	PASS	-	-	0.01
PASS	testdir:fixedbugs/issue887.go	compiled				testdir	PASS	-	-	0.04
PASS	testdir:fixedbugs/issue887.go	interpreted				testdir	PASS	-	-	0.01
PASS	testdir:fixedbugs/issue887.go	native				testdir	PASS	-	-	0.01
PASS	testdir:fixedbugs/issue8947.go	compiled				testdir	PASS	-	-	0.14
PASS	testdir:fixedbugs/issue8947.go	interpreted				testdir	PASS	-	-	0.02
PASS	testdir:fixedbugs/issue8947.go	native				testdir	PASS	-	-	0.05
PASS	testdir:fixedbugs/issue8961.go	compiled				testdir	PASS	-	-	0.14
PASS	testdir:fixedbugs/issue8961.go	interpreted				testdir	PASS	-	-	0.02
PASS	testdir:fixedbugs/issue8961.go	native				testdir	PASS	-	-	0.05
PASS	testdir:fixedbugs/issue9006.go	compiled				testdir	PASS	-	-	0.14
PASS	testdir:fixedbugs/issue9006.go	interpreted				testdir	PASS	-	-	0.02
PASS	testdir:fixedbugs/issue9006.go	native				testdir	PASS	-	-	0.05
PASS	testdir:fixedbugs/issue9017.go	compiled				testdir	PASS	-	-	0.01
PASS	testdir:fixedbugs/issue9017.go	interpreted				testdir	PASS	-	-	0.01
PASS	testdir:fixedbugs/issue9017.go	native				testdir	PASS	-	-	0.01
PASS	testdir:fixedbugs/issue9036.go	compiled				testdir	PASS	-	-	0.06
PASS	testdir:fixedbugs/issue9036.go	interpreted				testdir	PASS	-	-	0.06
PASS	testdir:fixedbugs/issue9036.go	native				testdir	PASS	-	-	0.01
PASS	testdir:fixedbugs/issue9076.go	compiled				testdir	PASS	-	-	0.01
PASS	testdir:fixedbugs/issue9076.go	interpreted				testdir	PASS	-	-	0.01
PASS	testdir:fixedbugs/issue9076.go	native				testdir	PASS	-	-	0.01
PASS	testdir:fixedbugs/issue9083.go	compiled				testdir	PASS	-	-	0.01
PASS	testdir:fixedbugs/issue9083.go	interpreted				testdir	PASS	-	-	0.01
PASS	testdir:fixedbugs/issue9083.go	native				testdir	PASS	-	-	0.01
PASS	testdir:fixedbugs/issue9110.go	compiled				testdir	PASS	-	-	0.52
PASS	testdir:fixedbugs/issue9110.go	interpreted	gc-observation	runtime.ReadMemStats HeapObjects before and after runtime.GC assert the runtime's sudog cache does not leak; interpreter-owned goroutines, selects and sync.Cond waits are not the native runtime's objects		testdir	PASS	-	FIXED	1.5
PASS	testdir:fixedbugs/issue9110.go	native				testdir	PASS	-	-	0.2
PASS	testdir:fixedbugs/issue9321.go	compiled				testdir	PASS	-	-	0.5
PASS	testdir:fixedbugs/issue9321.go	interpreted				testdir	PASS	-	-	1.36
PASS	testdir:fixedbugs/issue9321.go	native				testdir	PASS	-	-	0.12
PASS	testdir:fixedbugs/issue9355.go	compiled				testdir	PASS	-	-	0.53
PASS	testdir:fixedbugs/issue9355.go	interpreted				testdir	PASS	-	-	1.69
PASS	testdir:fixedbugs/issue9355.go	native				testdir	PASS	-	-	0.09
PASS	testdir:fixedbugs/issue9370.go	compiled				testdir	PASS	-	-	0.02
PASS	testdir:fixedbugs/issue9370.go	interpreted				testdir	PASS	-	-	0.01
PASS	testdir:fixedbugs/issue9370.go	native				testdir	PASS	-	-	0.01
PASS	testdir:fixedbugs/issue9432.go	compiled				testdir	PASS	-	-	0.02
PASS	testdir:fixedbugs/issue9432.go	interpreted				testdir	PASS	-	-	0.01
PASS	testdir:fixedbugs/issue9432.go	native				testdir	PASS	-	-	0.01
PASS	testdir:fixedbugs/issue9521.go	compiled				testdir	PASS	-	-	0.01
PASS	testdir:fixedbugs/issue9521.go	interpreted				testdir	PASS	-	-	0.01
PASS	testdir:fixedbugs/issue9521.go	native				testdir	PASS	-	-	0.01
PASS	testdir:fixedbugs/issue9537.go	compiled				testdir	PASS	-	-	0.17
PASS	testdir:fixedbugs/issue9537.go	interpreted				testdir	PASS	-	-	0.9
PASS	testdir:fixedbugs/issue9537.go	native				testdir	PASS	-	-	0.07
PASS	testdir:fixedbugs/issue9604.go	compiled				testdir	PASS	-	-	0.16
PASS	testdir:fixedbugs/issue9604.go	interpreted				testdir	PASS	-	-	0.02
PASS	testdir:fixedbugs/issue9604.go	native				testdir	PASS	-	-	0.05
PASS	testdir:fixedbugs/issue9604b.go	compiled				testdir	PASS	-	-	5.87
PASS	testdir:fixedbugs/issue9604b.go	interpreted				testdir	PASS	-	-	53.34
PASS	testdir:fixedbugs/issue9604b.go	native				testdir	PASS	-	-	1.29
PASS	testdir:fixedbugs/issue9608.go	compiled				testdir	PASS	-	-	0.08
PASS	testdir:fixedbugs/issue9608.go	interpreted				testdir	PASS	-	-	0.02
PASS	testdir:fixedbugs/issue9608.go	native				testdir	PASS	-	-	0.05
PASS	testdir:fixedbugs/issue9634.go	compiled				testdir	PASS	-	-	0.02
PASS	testdir:fixedbugs/issue9634.go	interpreted				testdir	PASS	-	-	0.01
PASS	testdir:fixedbugs/issue9634.go	native				testdir	PASS	-	-	0.01
PASS	testdir:fixedbugs/issue9691.go	compiled				testdir	PASS	-	-	0.13
PASS	testdir:fixedbugs/issue9691.go	interpreted				testdir	PASS	-	-	0.02
PASS	testdir:fixedbugs/issue9691.go	native				testdir	PASS	-	-	0.04
PASS	testdir:fixedbugs/issue9731.go	compiled				testdir	PASS	-	-	0.05
PASS	testdir:fixedbugs/issue9731.go	interpreted				testdir	PASS	-	-	0.01
PASS	testdir:fixedbugs/issue9731.go	native				testdir	PASS	-	-	0.01
PASS	testdir:fixedbugs/issue9738.go	compiled				testdir	PASS	-	-	0.14
PASS	testdir:fixedbugs/issue9738.go	interpreted				testdir	PASS	-	-	0.02
PASS	testdir:fixedbugs/issue9738.go	native				testdir	PASS	-	-	0.04
SKIP	testdir:fixedbugs/issue9862.go	compiled			testdir_test.go:565: skip	testdir	SKIP	-	-	0
SKIP	testdir:fixedbugs/issue9862.go	interpreted			testdir_test.go:565: skip	testdir	SKIP	-	-	0
SKIP	testdir:fixedbugs/issue9862.go	native			testdir_test.go:565: skip	testdir	SKIP	-	-	0
PASS	testdir:fixedbugs/issue9862_run.go	compiled				testdir	PASS	-	-	0.36
PASS	testdir:fixedbugs/issue9862_run.go	interpreted				testdir	PASS	-	-	1.03
PASS	testdir:fixedbugs/issue9862_run.go	native				testdir	PASS	-	-	0.1
PASS	testdir:fixedbugs/notinheap.go	compiled				testdir	PASS	-	-	0.1
EXCLUDED	testdir:fixedbugs/notinheap.go	interpreted	gc-only-check	errorcheck expects a gc-only diagnostic go/types cannot express	testdir_test.go:153: compilation succeeded unexpectedly	testdir	FAIL	CATALOG	EXCLUDED	0.05
PASS	testdir:fixedbugs/notinheap.go	native				testdir	PASS	-	-	0.01
PASS	testdir:fixedbugs/notinheap2.go	compiled				testdir	PASS	-	-	0.12
EXCLUDED	testdir:fixedbugs/notinheap2.go	interpreted	gc-only-check	errorcheck expects a gc-only diagnostic go/types cannot express	testdir_test.go:153: compilation succeeded unexpectedly	testdir	FAIL	CATALOG	EXCLUDED	0.05
PASS	testdir:fixedbugs/notinheap2.go	native				testdir	PASS	-	-	0.01
PASS	testdir:fixedbugs/notinheap3.go	compiled				testdir	PASS	-	-	0.11
EXCLUDED	testdir:fixedbugs/notinheap3.go	interpreted	compiler-diagnostic	test asserts gc optimizer output (-m/-d=); an interpreter has no optimizer to report on	testdir_test.go:153: Bash++ backend unsupported: optimizer diagnostics are a compiler artifact; the check interface has no inlining, escape-analysis or SSA meaning	testdir	FAIL	CATALOG	EXCLUDED	0
PASS	testdir:fixedbugs/notinheap3.go	native				testdir	PASS	-	-	0.01
PASS	testdir:fixedbugs/shrd_zero_count.go	compiled				testdir	PASS	-	-	0.15
PASS	testdir:fixedbugs/shrd_zero_count.go	interpreted				testdir	PASS	-	-	0.02
PASS	testdir:fixedbugs/shrd_zero_count.go	native				testdir	PASS	-	-	0.04
PASS	testdir:fixedbugs/splitload_pointer_compare.go	compiled				testdir	PASS	-	-	0.15
PASS	testdir:fixedbugs/splitload_pointer_compare.go	interpreted				testdir	PASS	-	-	0.07
PASS	testdir:fixedbugs/splitload_pointer_compare.go	native				testdir	PASS	-	-	0.05
PASS	testdir:fixedbugs/walk_bounded_overshift_empty_bound.go	compiled				testdir	PASS	-	-	0.25
PASS	testdir:fixedbugs/walk_bounded_overshift_empty_bound.go	interpreted				testdir	PASS	-	-	0.81
PASS	testdir:fixedbugs/walk_bounded_overshift_empty_bound.go	native				testdir	PASS	-	-	0.05
PASS	testdir:float_lit.go	compiled				testdir	PASS	-	-	0.14
PASS	testdir:float_lit.go	interpreted				testdir	PASS	-	-	0.03
PASS	testdir:float_lit.go	native				testdir	PASS	-	-	0.05
PASS	testdir:float_lit2.go	compiled				testdir	PASS	-	-	0.3
PASS	testdir:float_lit2.go	interpreted				testdir	PASS	-	-	0.98
PASS	testdir:float_lit2.go	native				testdir	PASS	-	-	0.08
PASS	testdir:float_lit3.go	compiled				testdir	PASS	-	-	0.01
PASS	testdir:float_lit3.go	interpreted				testdir	PASS	-	-	0.01
PASS	testdir:float_lit3.go	native				testdir	PASS	-	-	0.01
PASS	testdir:floatcmp.go	compiled				testdir	PASS	-	-	0.19
PASS	testdir:floatcmp.go	interpreted				testdir	PASS	-	-	0.75
PASS	testdir:floatcmp.go	native				testdir	PASS	-	-	0.05
PASS	testdir:for.go	compiled				testdir	PASS	-	-	0.13
PASS	testdir:for.go	interpreted				testdir	PASS	-	-	0.02
PASS	testdir:for.go	native				testdir	PASS	-	-	0.05
PASS	testdir:func.go	compiled				testdir	PASS	-	-	0.13
PASS	testdir:func.go	interpreted				testdir	PASS	-	-	0.02
PASS	testdir:func.go	native				testdir	PASS	-	-	0.05
PASS	testdir:func1.go	compiled				testdir	PASS	-	-	0.01
PASS	testdir:func1.go	interpreted				testdir	PASS	-	-	0.01
PASS	testdir:func1.go	native				testdir	PASS	-	-	0.01
PASS	testdir:func2.go	compiled				testdir	PASS	-	-	0.04
PASS	testdir:func2.go	interpreted				testdir	PASS	-	-	0.01
PASS	testdir:func2.go	native				testdir	PASS	-	-	0.01
PASS	testdir:func3.go	compiled				testdir	PASS	-	-	0.01
PASS	testdir:func3.go	interpreted				testdir	PASS	-	-	0.01
PASS	testdir:func3.go	native				testdir	PASS	-	-	0.01
PASS	testdir:func4.go	compiled				testdir	PASS	-	-	0.01
PASS	testdir:func4.go	interpreted				testdir	PASS	-	-	0.01
PASS	testdir:func4.go	native				testdir	PASS	-	-	0.01
PASS	testdir:func5.go	compiled				testdir	PASS	-	-	0.14
PASS	testdir:func5.go	interpreted				testdir	PASS	-	-	0.72
PASS	testdir:func5.go	native				testdir	PASS	-	-	0.05
PASS	testdir:func6.go	compiled				testdir	PASS	-	-	0.12
PASS	testdir:func6.go	interpreted				testdir	PASS	-	-	0.02
PASS	testdir:func6.go	native				testdir	PASS	-	-	0.05
PASS	testdir:func7.go	compiled				testdir	PASS	-	-	0.13
PASS	testdir:func7.go	interpreted				testdir	PASS	-	-	0.02
PASS	testdir:func7.go	native				testdir	PASS	-	-	0.05
PASS	testdir:func8.go	compiled				testdir	PASS	-	-	0.13
PASS	testdir:func8.go	interpreted				testdir	PASS	-	-	0.02
PASS	testdir:func8.go	native				testdir	PASS	-	-	0.05
PASS	testdir:funcdup.go	compiled				testdir	PASS	-	-	0.01
PASS	testdir:funcdup.go	interpreted				testdir	PASS	-	-	0.01
PASS	testdir:funcdup.go	native				testdir	PASS	-	-	0.01
PASS	testdir:funcdup2.go	compiled				testdir	PASS	-	-	0.01
PASS	testdir:funcdup2.go	interpreted				testdir	PASS	-	-	0.01
PASS	testdir:funcdup2.go	native				testdir	PASS	-	-	0.01
PASS	testdir:fuse.go	compiled				testdir	PASS	-	-	0.15
EXCLUDED	testdir:fuse.go	interpreted	compiler-diagnostic	test asserts gc optimizer output (-m/-d=); an interpreter has no optimizer to report on	testdir_test.go:153: Bash++ backend unsupported: optimizer diagnostics are a compiler artifact; the check interface has no inlining, escape-analysis or SSA meaning	testdir	FAIL	CATALOG	EXCLUDED	0
PASS	testdir:fuse.go	native				testdir	PASS	-	-	0.03
PASS	testdir:gc.go	compiled				testdir	PASS	-	-	0.2
PASS	testdir:gc.go	interpreted				testdir	PASS	-	-	0.93
PASS	testdir:gc.go	native				testdir	PASS	-	-	0.06
PASS	testdir:gc1.go	compiled				testdir	PASS	-	-	0.13
PASS	testdir:gc1.go	interpreted				testdir	PASS	-	-	0.48
PASS	testdir:gc1.go	native				testdir	PASS	-	-	0.05
PASS	testdir:gc2.go	compiled				testdir	PASS	-	-	0.34
PASS	testdir:gc2.go	interpreted	gc-observation	runtime.GC and MemStats observe collection of interpreter-owned values		testdir	PASS	-	FIXED	4.63
PASS	testdir:gc2.go	native				testdir	PASS	-	-	0.16
PASS	testdir:gcgort.go	compiled				testdir	PASS	-	-	0.74
PASS	testdir:gcgort.go	interpreted				testdir	PASS	-	-	11.48
PASS	testdir:gcgort.go	native				testdir	PASS	-	-	0.35
PASS	testdir:gcstring.go	compiled				testdir	PASS	-	-	0.34
PASS	testdir:gcstring.go	interpreted	gc-observation	runtime.SetFinalizer+runtime.GC on interpreter-owned values: D7's ground (165 D9)		testdir	PASS	-	-	1.67
PASS	testdir:gcstring.go	native				testdir	PASS	-	-	0.09
PASS	testdir:genmeth.go	compiled				testdir	PASS	-	-	0.35
PASS	testdir:genmeth.go	interpreted				testdir	PASS	-	-	0.91
PASS	testdir:genmeth.go	native				testdir	PASS	-	-	0.08
PASS	testdir:genmeth1.go	compiled				testdir	PASS	-	-	0.37
PASS	testdir:genmeth1.go	interpreted				testdir	PASS	-	-	1.19
PASS	testdir:genmeth1.go	native				testdir	PASS	-	-	0.1
PASS	testdir:genmeth2.go	compiled				testdir	PASS	-	-	0.26
PASS	testdir:genmeth2.go	interpreted				testdir	PASS	-	-	0.96
PASS	testdir:genmeth2.go	native				testdir	PASS	-	-	0.07
PASS	testdir:goprint.go	compiled				testdir	PASS	-	-	0.29
PASS	testdir:goprint.go	interpreted				testdir	PASS	-	-	1.13
PASS	testdir:goprint.go	native				testdir	PASS	-	-	0.08
PASS	testdir:goto.go	compiled				testdir	PASS	-	-	0.02
PASS	testdir:goto.go	interpreted				testdir	PASS	-	-	0.01
PASS	testdir:goto.go	native				testdir	PASS	-	-	0.01
PASS	testdir:heapsampling.go	compiled				testdir	PASS	-	-	0.71
EXCLUDED	testdir:heapsampling.go	interpreted	gc-observation	asserts runtime.MemProfile samples attributed to the test's own function frames and source lines; interpreted allocations belong to interpreter frames, so the profile cannot be the program's without fabricating records	testdir_test.go:153: exit status 2	testdir	FAIL	CATALOG	EXCLUDED-NEW	31.83
PASS	testdir:heapsampling.go	native				testdir	PASS	-	-	0.58
PASS	testdir:helloworld.go	compiled				testdir	PASS	-	-	0.13
PASS	testdir:helloworld.go	interpreted				testdir	PASS	-	-	0.02
PASS	testdir:helloworld.go	native				testdir	PASS	-	-	0.04
PASS	testdir:if.go	compiled				testdir	PASS	-	-	0.12
PASS	testdir:if.go	interpreted				testdir	PASS	-	-	0.03
PASS	testdir:if.go	native				testdir	PASS	-	-	0.05
PASS	testdir:import.go	compiled				testdir	PASS	-	-	0.13
PASS	testdir:import.go	interpreted				testdir	PASS	-	-	0.06
PASS	testdir:import.go	native				testdir	PASS	-	-	0.01
PASS	testdir:import1.go	compiled				testdir	PASS	-	-	0.15
PASS	testdir:import1.go	interpreted				testdir	PASS	-	-	0.15
PASS	testdir:import1.go	native				testdir	PASS	-	-	0.01
PASS	testdir:import2.go	compiled				testdir	PASS	-	-	0.1
PASS	testdir:import2.go	interpreted				testdir	PASS	-	-	0.03
PASS	testdir:import2.go	native				testdir	PASS	-	-	0.02
PASS	testdir:import4.go	compiled				testdir	PASS	-	-	0.14
PASS	testdir:import4.go	interpreted				testdir	PASS	-	-	0.12
PASS	testdir:import4.go	native				testdir	PASS	-	-	0.02
PASS	testdir:import5.go	compiled				testdir	PASS	-	-	0.01
PASS	testdir:import5.go	interpreted				testdir	PASS	-	-	0.01
PASS	testdir:import5.go	native				testdir	PASS	-	-	0.01
PASS	testdir:import6.go	compiled				testdir	PASS	-	-	0.01
PASS	testdir:import6.go	interpreted				testdir	PASS	-	-	0.01
PASS	testdir:import6.go	native				testdir	PASS	-	-	0.01
SKIP	testdir:index.go	compiled			testdir_test.go:565: skip	testdir	SKIP	-	-	0
SKIP	testdir:index.go	interpreted			testdir_test.go:565: skip	testdir	SKIP	-	-	0
SKIP	testdir:index.go	native			testdir_test.go:565: skip	testdir	SKIP	-	-	0
PASS	testdir:index0.go	compiled				testdir	PASS	-	-	1.73
PASS	testdir:index0.go	interpreted				testdir	PASS	-	-	4.6
PASS	testdir:index0.go	native				testdir	PASS	-	-	0.94
PASS	testdir:index1.go	compiled				testdir	PASS	-	-	0.42
PASS	testdir:index1.go	interpreted				testdir	PASS	-	-	1.46
PASS	testdir:index1.go	native				testdir	PASS	-	-	0.14
PASS	testdir:index2.go	compiled				testdir	PASS	-	-	0.55
PASS	testdir:index2.go	interpreted				testdir	PASS	-	-	1.83
PASS	testdir:index2.go	native				testdir	PASS	-	-	0.28
PASS	testdir:indirect.go	compiled				testdir	PASS	-	-	1.45
PASS	testdir:indirect.go	interpreted				testdir	PASS	-	-	0.02
PASS	testdir:indirect.go	native				testdir	PASS	-	-	0.05
PASS	testdir:indirect1.go	compiled				testdir	PASS	-	-	0.02
PASS	testdir:indirect1.go	interpreted				testdir	PASS	-	-	0.01
PASS	testdir:indirect1.go	native				testdir	PASS	-	-	0.01
PASS	testdir:init.go	compiled				testdir	PASS	-	-	0.04
PASS	testdir:init.go	interpreted				testdir	PASS	-	-	0.01
PASS	testdir:init.go	native				testdir	PASS	-	-	0.01
PASS	testdir:init1.go	compiled				testdir	PASS	-	-	0.78
EXCLUDED	testdir:init1.go	interpreted	gc-observation	runtime.GC and MemStats observe collection of interpreter-owned values	testdir_test.go:153: exit status 2	testdir	FAIL	CATALOG	EXCLUDED	11.11
PASS	testdir:init1.go	native				testdir	PASS	-	-	0.16
PASS	testdir:initcomma.go	compiled				testdir	PASS	-	-	0.14
PASS	testdir:initcomma.go	interpreted				testdir	PASS	-	-	0.02
PASS	testdir:initcomma.go	native				testdir	PASS	-	-	0.05
PASS	testdir:initexp.go	compiled				testdir	PASS	-	-	0.01
PASS	testdir:initexp.go	interpreted				testdir	PASS	-	-	0.01
PASS	testdir:initexp.go	native				testdir	PASS	-	-	0.01
PASS	testdir:initialize.go	compiled				testdir	PASS	-	-	0.27
PASS	testdir:initialize.go	interpreted				testdir	PASS	-	-	1.15
PASS	testdir:initialize.go	native				testdir	PASS	-	-	0.07
PASS	testdir:initializerr.go	compiled				testdir	PASS	-	-	0.01
PASS	testdir:initializerr.go	interpreted				testdir	PASS	-	-	0.01
PASS	testdir:initializerr.go	native				testdir	PASS	-	-	0.01
PASS	testdir:initloop.go	compiled				testdir	PASS	-	-	0.01
PASS	testdir:initloop.go	interpreted				testdir	PASS	-	-	0.01
PASS	testdir:initloop.go	native				testdir	PASS	-	-	0.01
PASS	testdir:inline.go	compiled				testdir	PASS	-	-	0.15
EXCLUDED	testdir:inline.go	interpreted	compiler-diagnostic	test asserts gc optimizer output (-m/-d=); an interpreter has no optimizer to report on	testdir_test.go:153: Bash++ backend unsupported: optimizer diagnostics are a compiler artifact; the check interface has no inlining, escape-analysis or SSA meaning	testdir	FAIL	CATALOG	EXCLUDED	0
PASS	testdir:inline.go	native				testdir	PASS	-	-	0.04
PASS	testdir:inline_big.go	compiled				testdir	PASS	-	-	0.23
EXCLUDED	testdir:inline_big.go	interpreted	compiler-diagnostic	test asserts gc optimizer output (-m/-d=); an interpreter has no optimizer to report on	testdir_test.go:153: Bash++ backend unsupported: optimizer diagnostics are a compiler artifact; the check interface has no inlining, escape-analysis or SSA meaning	testdir	FAIL	CATALOG	EXCLUDED	0
PASS	testdir:inline_big.go	native				testdir	PASS	-	-	0.14
PASS	testdir:inline_caller.go	compiled				testdir	PASS	-	-	0.29
PASS	testdir:inline_caller.go	interpreted				testdir	PASS	-	-	1.17
PASS	testdir:inline_caller.go	native				testdir	PASS	-	-	0.11
PASS	testdir:inline_callers.go	compiled				testdir	PASS	-	-	0.3
PASS	testdir:inline_callers.go	interpreted				testdir	PASS	-	-	1.11
PASS	testdir:inline_callers.go	native				testdir	PASS	-	-	0.1
PASS	testdir:inline_endian.go	compiled				testdir	PASS	-	-	0.1
EXCLUDED	testdir:inline_endian.go	interpreted	compiler-diagnostic	test asserts gc optimizer output (-m/-d=); an interpreter has no optimizer to report on	testdir_test.go:153: Bash++ backend unsupported: optimizer diagnostics are a compiler artifact; the check interface has no inlining, escape-analysis or SSA meaning	testdir	FAIL	CATALOG	EXCLUDED	0
PASS	testdir:inline_endian.go	native				testdir	PASS	-	-	0.01
PASS	testdir:inline_literal.go	compiled				testdir	PASS	-	-	0.25
PASS	testdir:inline_literal.go	interpreted				testdir	PASS	-	-	1.22
PASS	testdir:inline_literal.go	native				testdir	PASS	-	-	0.07
PASS	testdir:inline_math_bits_rotate.go	compiled				testdir	PASS	-	-	0.06
EXCLUDED	testdir:inline_math_bits_rotate.go	interpreted	compiler-diagnostic	test asserts gc optimizer output (-m/-d=); an interpreter has no optimizer to report on	testdir_test.go:153: Bash++ backend unsupported: optimizer diagnostics are a compiler artifact; the check interface has no inlining, escape-analysis or SSA meaning	testdir	FAIL	CATALOG	EXCLUDED	0
PASS	testdir:inline_math_bits_rotate.go	native				testdir	PASS	-	-	0.01
PASS	testdir:inline_sync.go	compiled				testdir	PASS	-	-	0.1
EXCLUDED	testdir:inline_sync.go	interpreted	compiler-diagnostic	test asserts gc optimizer output (-m/-d=); an interpreter has no optimizer to report on	testdir_test.go:153: Bash++ backend unsupported: optimizer diagnostics are a compiler artifact; the check interface has no inlining, escape-analysis or SSA meaning	testdir	FAIL	CATALOG	EXCLUDED	0
PASS	testdir:inline_sync.go	native				testdir	PASS	-	-	0.01
PASS	testdir:inline_variadic.go	compiled				testdir	PASS	-	-	0.04
EXCLUDED	testdir:inline_variadic.go	interpreted	compiler-diagnostic	test asserts gc optimizer output (-m/-d=); an interpreter has no optimizer to report on	testdir_test.go:153: Bash++ backend unsupported: optimizer diagnostics are a compiler artifact; the check interface has no inlining, escape-analysis or SSA meaning	testdir	FAIL	CATALOG	EXCLUDED	0
PASS	testdir:inline_variadic.go	native				testdir	PASS	-	-	0.01
PASS	testdir:int_lit.go	compiled				testdir	PASS	-	-	0.23
PASS	testdir:int_lit.go	interpreted				testdir	PASS	-	-	0.89
PASS	testdir:int_lit.go	native				testdir	PASS	-	-	0.06
PASS	testdir:intcvt.go	compiled				testdir	PASS	-	-	0.14
PASS	testdir:intcvt.go	interpreted				testdir	PASS	-	-	0.03
PASS	testdir:intcvt.go	native				testdir	PASS	-	-	0.06
PASS	testdir:interface/assertinline.go	compiled				testdir	PASS	-	-	0.05
EXCLUDED	testdir:interface/assertinline.go	interpreted	compiler-diagnostic	test asserts gc optimizer output (-m/-d=); an interpreter has no optimizer to report on	testdir_test.go:153: Bash++ backend unsupported: optimizer diagnostics are a compiler artifact; the check interface has no inlining, escape-analysis or SSA meaning	testdir	FAIL	CATALOG	EXCLUDED	0
PASS	testdir:interface/assertinline.go	native				testdir	PASS	-	-	0.02
PASS	testdir:interface/bigdata.go	compiled				testdir	PASS	-	-	0.16
PASS	testdir:interface/bigdata.go	interpreted				testdir	PASS	-	-	0.02
PASS	testdir:interface/bigdata.go	native				testdir	PASS	-	-	0.05
PASS	testdir:interface/convert.go	compiled				testdir	PASS	-	-	0.15
PASS	testdir:interface/convert.go	interpreted				testdir	PASS	-	-	0.02
PASS	testdir:interface/convert.go	native				testdir	PASS	-	-	0.06
PASS	testdir:interface/convert1.go	compiled				testdir	PASS	-	-	0.14
PASS	testdir:interface/convert1.go	interpreted				testdir	PASS	-	-	0.02
PASS	testdir:interface/convert1.go	native				testdir	PASS	-	-	0.05
PASS	testdir:interface/convert2.go	compiled				testdir	PASS	-	-	0.14
PASS	testdir:interface/convert2.go	interpreted				testdir	PASS	-	-	0.02
PASS	testdir:interface/convert2.go	native				testdir	PASS	-	-	0.05
PASS	testdir:interface/embed.go	compiled				testdir	PASS	-	-	0.25
PASS	testdir:interface/embed.go	interpreted				testdir	PASS	-	-	0.86
PASS	testdir:interface/embed.go	native				testdir	PASS	-	-	0.06
PASS	testdir:interface/embed1.go	compiled				testdir	PASS	-	-	0.13
PASS	testdir:interface/embed1.go	interpreted				testdir	PASS	-	-	0.04
PASS	testdir:interface/embed1.go	native				testdir	PASS	-	-	0.06
PASS	testdir:interface/embed2.go	compiled				testdir	PASS	-	-	0.06
PASS	testdir:interface/embed2.go	interpreted				testdir	PASS	-	-	0.05
PASS	testdir:interface/embed2.go	native				testdir	PASS	-	-	0.01
PASS	testdir:interface/embed3.go	compiled				testdir	PASS	-	-	0.13
PASS	testdir:interface/embed3.go	interpreted				testdir	PASS	-	-	0.04
PASS	testdir:interface/embed3.go	native				testdir	PASS	-	-	0.06
PASS	testdir:interface/explicit.go	compiled				testdir	PASS	-	-	0.01
PASS	testdir:interface/explicit.go	interpreted				testdir	PASS	-	-	0.01
PASS	testdir:interface/explicit.go	native				testdir	PASS	-	-	0.01
PASS	testdir:interface/fail.go	compiled				testdir	PASS	-	-	0.13
PASS	testdir:interface/fail.go	interpreted				testdir	PASS	-	-	0.02
PASS	testdir:interface/fail.go	native				testdir	PASS	-	-	0.05
PASS	testdir:interface/fake.go	compiled				testdir	PASS	-	-	0.22
PASS	testdir:interface/fake.go	interpreted				testdir	PASS	-	-	0.89
PASS	testdir:interface/fake.go	native				testdir	PASS	-	-	0.06
PASS	testdir:interface/noeq.go	compiled				testdir	PASS	-	-	0.13
PASS	testdir:interface/noeq.go	interpreted				testdir	PASS	-	-	0.69
PASS	testdir:interface/noeq.go	native				testdir	PASS	-	-	0.05
PASS	testdir:interface/pointer.go	compiled				testdir	PASS	-	-	0.01
PASS	testdir:interface/pointer.go	interpreted				testdir	PASS	-	-	0.01
PASS	testdir:interface/pointer.go	native				testdir	PASS	-	-	0.01
PASS	testdir:interface/private.go	compiled				testdir	PASS	-	-	0.06
PASS	testdir:interface/private.go	interpreted				testdir	PASS	-	-	0.02
PASS	testdir:interface/private.go	native				testdir	PASS	-	-	0.02
PASS	testdir:interface/receiver.go	compiled				testdir	PASS	-	-	0.14
PASS	testdir:interface/receiver.go	interpreted				testdir	PASS	-	-	0.02
PASS	testdir:interface/receiver.go	native				testdir	PASS	-	-	0.05
PASS	testdir:interface/receiver1.go	compiled				testdir	PASS	-	-	0.01
PASS	testdir:interface/receiver1.go	interpreted				testdir	PASS	-	-	0.01
PASS	testdir:interface/receiver1.go	native				testdir	PASS	-	-	0.01
PASS	testdir:interface/recursive.go	compiled				testdir	PASS	-	-	0.04
PASS	testdir:interface/recursive.go	interpreted				testdir	PASS	-	-	0.01
PASS	testdir:interface/recursive.go	native				testdir	PASS	-	-	0.01
PASS	testdir:interface/recursive1.go	compiled				testdir	PASS	-	-	0.09
PASS	testdir:interface/recursive1.go	interpreted				testdir	PASS	-	-	0.02
PASS	testdir:interface/recursive1.go	native				testdir	PASS	-	-	0.02
PASS	testdir:interface/returntype.go	compiled				testdir	PASS	-	-	0.15
PASS	testdir:interface/returntype.go	interpreted				testdir	PASS	-	-	0.02
PASS	testdir:interface/returntype.go	native				testdir	PASS	-	-	0.05
PASS	testdir:interface/struct.go	compiled				testdir	PASS	-	-	0.25
PASS	testdir:interface/struct.go	interpreted				testdir	PASS	-	-	0.93
PASS	testdir:interface/struct.go	native				testdir	PASS	-	-	0.06
PASS	testdir:internal/runtime/sys/inlinegcpc.go	compiled				testdir	PASS	-	-	0.05
EXCLUDED	testdir:internal/runtime/sys/inlinegcpc.go	interpreted	compiler-diagnostic	test asserts gc optimizer output (-m/-d=); an interpreter has no optimizer to report on	testdir_test.go:153: Bash++ backend unsupported: optimizer diagnostics are a compiler artifact; the check interface has no inlining, escape-analysis or SSA meaning	testdir	FAIL	CATALOG	EXCLUDED	0
PASS	testdir:internal/runtime/sys/inlinegcpc.go	native				testdir	PASS	-	-	0.01
PASS	testdir:intrinsic.go	compiled				testdir	PASS	-	-	0.26
EXCLUDED	testdir:intrinsic.go	interpreted	compiler-diagnostic	errorcheck row expects gc inlining/intrinsic diagnostics; an interpreter has none	testdir_test.go:1278: gc output:	testdir	FAIL	CATALOG	EXCLUDED	0.06
PASS	testdir:intrinsic.go	native				testdir	PASS	-	-	0.1
PASS	testdir:intrinsic_atomic.go	compiled				testdir	PASS	-	-	0.06
EXCLUDED	testdir:intrinsic_atomic.go	interpreted	compiler-diagnostic	test asserts gc optimizer output (-m/-d=); an interpreter has no optimizer to report on	testdir_test.go:153: Bash++ backend unsupported: optimizer diagnostics are a compiler artifact; the check interface has no inlining, escape-analysis or SSA meaning	testdir	FAIL	CATALOG	EXCLUDED	0
PASS	testdir:intrinsic_atomic.go	native				testdir	PASS	-	-	0.01
PASS	testdir:iota.go	compiled				testdir	PASS	-	-	0.15
PASS	testdir:iota.go	interpreted				testdir	PASS	-	-	0.02
PASS	testdir:iota.go	native				testdir	PASS	-	-	0.05
PASS	testdir:ken/array.go	compiled				testdir	PASS	-	-	0.15
PASS	testdir:ken/array.go	interpreted				testdir	PASS	-	-	0.03
PASS	testdir:ken/array.go	native				testdir	PASS	-	-	0.06
PASS	testdir:ken/chan.go	compiled				testdir	PASS	-	-	0.33
PASS	testdir:ken/chan.go	interpreted				testdir	PASS	-	CARRIED-376	2.27
PASS	testdir:ken/chan.go	native				testdir	PASS	-	-	0.1
PASS	testdir:ken/chan1.go	compiled				testdir	PASS	-	-	0.24
PASS	testdir:ken/chan1.go	interpreted				testdir	PASS	-	-	0.9
PASS	testdir:ken/chan1.go	native				testdir	PASS	-	-	0.06
PASS	testdir:ken/complit.go	compiled				testdir	PASS	-	-	0.18
PASS	testdir:ken/complit.go	interpreted				testdir	PASS	-	-	0.03
PASS	testdir:ken/complit.go	native				testdir	PASS	-	-	0.06
PASS	testdir:ken/convert.go	compiled				testdir	PASS	-	-	0.2
PASS	testdir:ken/convert.go	interpreted				testdir	PASS	-	-	0.12
PASS	testdir:ken/convert.go	native				testdir	PASS	-	-	0.05
PASS	testdir:ken/cplx0.go	compiled				testdir	PASS	-	-	0.15
PASS	testdir:ken/cplx0.go	interpreted				testdir	PASS	-	-	0.03
PASS	testdir:ken/cplx0.go	native				testdir	PASS	-	-	0.05
PASS	testdir:ken/cplx1.go	compiled				testdir	PASS	-	-	0.14
PASS	testdir:ken/cplx1.go	interpreted				testdir	PASS	-	-	0.03
PASS	testdir:ken/cplx1.go	native				testdir	PASS	-	-	0.05
PASS	testdir:ken/cplx2.go	compiled				testdir	PASS	-	-	0.15
PASS	testdir:ken/cplx2.go	interpreted				testdir	PASS	-	-	0.02
PASS	testdir:ken/cplx2.go	native				testdir	PASS	-	-	0.05
PASS	testdir:ken/cplx3.go	compiled				testdir	PASS	-	-	0.23
EXCLUDED	testdir:ken/cplx3.go	interpreted	unsafe-reinterpretation	unsafe.Pointer memory reinterpretation: the interpreter has no native memory model	testdir_test.go:153: exit status 2	testdir	FAIL	CATALOG	EXCLUDED	0.9
PASS	testdir:ken/cplx3.go	native				testdir	PASS	-	-	0.06
PASS	testdir:ken/cplx4.go	compiled				testdir	PASS	-	-	0.27
PASS	testdir:ken/cplx4.go	interpreted				testdir	PASS	-	-	0.87
PASS	testdir:ken/cplx4.go	native				testdir	PASS	-	-	0.07
PASS	testdir:ken/cplx5.go	compiled				testdir	PASS	-	-	0.15
PASS	testdir:ken/cplx5.go	interpreted				testdir	PASS	-	-	0.02
PASS	testdir:ken/cplx5.go	native				testdir	PASS	-	-	0.05
PASS	testdir:ken/divconst.go	compiled				testdir	PASS	-	-	0.3
EXCLUDED	testdir:ken/divconst.go	interpreted	compute-bound	a CPU-bound loop whose interpreted evaluation exceeds the fixed 60 s leaf deadline (observed: evaluation); it shows no overhead a script would feel; put CPU-bound loops in a Go fence or embed	testdir_test.go:153: command exceeded time limit	testdir	FAIL	CATALOG	CARRIED-376	61
PASS	testdir:ken/divconst.go	native				testdir	PASS	-	-	0.08
PASS	testdir:ken/divmod.go	compiled				testdir	PASS	-	-	0.15
PASS	testdir:ken/divmod.go	interpreted				testdir	PASS	-	-	0.03
PASS	testdir:ken/divmod.go	native				testdir	PASS	-	-	0.05
PASS	testdir:ken/embed.go	compiled				testdir	PASS	-	-	0.15
PASS	testdir:ken/embed.go	interpreted				testdir	PASS	-	-	0.03
PASS	testdir:ken/embed.go	native				testdir	PASS	-	-	0.06
PASS	testdir:ken/for.go	compiled				testdir	PASS	-	-	0.14
PASS	testdir:ken/for.go	interpreted				testdir	PASS	-	-	0.02
PASS	testdir:ken/for.go	native				testdir	PASS	-	-	0.05
PASS	testdir:ken/interbasic.go	compiled				testdir	PASS	-	-	0.15
PASS	testdir:ken/interbasic.go	interpreted				testdir	PASS	-	-	0.02
PASS	testdir:ken/interbasic.go	native				testdir	PASS	-	-	0.05
PASS	testdir:ken/interfun.go	compiled				testdir	PASS	-	-	0.15
PASS	testdir:ken/interfun.go	interpreted				testdir	PASS	-	-	0.02
PASS	testdir:ken/interfun.go	native				testdir	PASS	-	-	0.05
PASS	testdir:ken/intervar.go	compiled				testdir	PASS	-	-	0.15
PASS	testdir:ken/intervar.go	interpreted				testdir	PASS	-	-	0.02
PASS	testdir:ken/intervar.go	native				testdir	PASS	-	-	0.05
PASS	testdir:ken/label.go	compiled				testdir	PASS	-	-	0.13
PASS	testdir:ken/label.go	interpreted				testdir	PASS	-	-	0.02
PASS	testdir:ken/label.go	native				testdir	PASS	-	-	0.05
PASS	testdir:ken/litfun.go	compiled				testdir	PASS	-	-	0.13
PASS	testdir:ken/litfun.go	interpreted				testdir	PASS	-	-	0.02
PASS	testdir:ken/litfun.go	native				testdir	PASS	-	-	0.05
PASS	testdir:ken/mfunc.go	compiled				testdir	PASS	-	-	0.13
PASS	testdir:ken/mfunc.go	interpreted				testdir	PASS	-	-	0.02
PASS	testdir:ken/mfunc.go	native				testdir	PASS	-	-	0.05
PASS	testdir:ken/modconst.go	compiled				testdir	PASS	-	-	0.28
EXCLUDED	testdir:ken/modconst.go	interpreted	compute-bound	a CPU-bound loop whose interpreted evaluation exceeds the fixed 60 s leaf deadline (observed: evaluation); it shows no overhead a script would feel; put CPU-bound loops in a Go fence or embed	testdir_test.go:153: command exceeded time limit	testdir	FAIL	CATALOG	CARRIED-376	61.01
PASS	testdir:ken/modconst.go	native				testdir	PASS	-	-	0.09
PASS	testdir:ken/ptrfun.go	compiled				testdir	PASS	-	-	0.14
PASS	testdir:ken/ptrfun.go	interpreted				testdir	PASS	-	-	0.02
PASS	testdir:ken/ptrfun.go	native				testdir	PASS	-	-	0.05
PASS	testdir:ken/ptrvar.go	compiled				testdir	PASS	-	-	0.15
PASS	testdir:ken/ptrvar.go	interpreted				testdir	PASS	-	-	0.02
PASS	testdir:ken/ptrvar.go	native				testdir	PASS	-	-	0.05
PASS	testdir:ken/range.go	compiled				testdir	PASS	-	-	0.15
PASS	testdir:ken/range.go	interpreted				testdir	PASS	-	-	0.03
PASS	testdir:ken/range.go	native				testdir	PASS	-	-	0.05
PASS	testdir:ken/rob1.go	compiled				testdir	PASS	-	-	0.14
PASS	testdir:ken/rob1.go	interpreted				testdir	PASS	-	-	0.02
PASS	testdir:ken/rob1.go	native				testdir	PASS	-	-	0.05
PASS	testdir:ken/rob2.go	compiled				testdir	PASS	-	-	0.29
PASS	testdir:ken/rob2.go	interpreted				testdir	PASS	-	-	0.99
PASS	testdir:ken/rob2.go	native				testdir	PASS	-	-	0.07
PASS	testdir:ken/robfor.go	compiled				testdir	PASS	-	-	0.13
PASS	testdir:ken/robfor.go	interpreted				testdir	PASS	-	-	0.02
PASS	testdir:ken/robfor.go	native				testdir	PASS	-	-	0.05
PASS	testdir:ken/robfunc.go	compiled				testdir	PASS	-	-	0.14
PASS	testdir:ken/robfunc.go	interpreted				testdir	PASS	-	-	0.02
PASS	testdir:ken/robfunc.go	native				testdir	PASS	-	-	0.05
PASS	testdir:ken/shift.go	compiled				testdir	PASS	-	-	0.15
PASS	testdir:ken/shift.go	interpreted				testdir	PASS	-	-	0.02
PASS	testdir:ken/shift.go	native				testdir	PASS	-	-	0.06
PASS	testdir:ken/simparray.go	compiled				testdir	PASS	-	-	0.14
PASS	testdir:ken/simparray.go	interpreted				testdir	PASS	-	-	0.02
PASS	testdir:ken/simparray.go	native				testdir	PASS	-	-	0.05
PASS	testdir:ken/simpbool.go	compiled				testdir	PASS	-	-	0.14
PASS	testdir:ken/simpbool.go	interpreted				testdir	PASS	-	-	0.02
PASS	testdir:ken/simpbool.go	native				testdir	PASS	-	-	0.05
PASS	testdir:ken/simpconv.go	compiled				testdir	PASS	-	-	0.14
PASS	testdir:ken/simpconv.go	interpreted				testdir	PASS	-	-	0.02
PASS	testdir:ken/simpconv.go	native				testdir	PASS	-	-	0.05
PASS	testdir:ken/simpfun.go	compiled				testdir	PASS	-	-	0.14
PASS	testdir:ken/simpfun.go	interpreted				testdir	PASS	-	-	0.02
PASS	testdir:ken/simpfun.go	native				testdir	PASS	-	-	0.06
PASS	testdir:ken/simpswitch.go	compiled				testdir	PASS	-	-	0.17
PASS	testdir:ken/simpswitch.go	interpreted				testdir	PASS	-	-	0.02
PASS	testdir:ken/simpswitch.go	native				testdir	PASS	-	-	0.05
PASS	testdir:ken/simpvar.go	compiled				testdir	PASS	-	-	0.14
PASS	testdir:ken/simpvar.go	interpreted				testdir	PASS	-	-	0.02
PASS	testdir:ken/simpvar.go	native				testdir	PASS	-	-	0.05
PASS	testdir:ken/slicearray.go	compiled				testdir	PASS	-	-	0.14
PASS	testdir:ken/slicearray.go	interpreted				testdir	PASS	-	-	0.03
PASS	testdir:ken/slicearray.go	native				testdir	PASS	-	-	0.05
PASS	testdir:ken/sliceslice.go	compiled				testdir	PASS	-	-	0.15
PASS	testdir:ken/sliceslice.go	interpreted				testdir	PASS	-	-	0.03
PASS	testdir:ken/sliceslice.go	native				testdir	PASS	-	-	0.05
PASS	testdir:ken/string.go	compiled				testdir	PASS	-	-	0.14
PASS	testdir:ken/string.go	interpreted				testdir	PASS	-	-	0.02
PASS	testdir:ken/string.go	native				testdir	PASS	-	-	0.05
PASS	testdir:ken/strvar.go	compiled				testdir	PASS	-	-	0.14
PASS	testdir:ken/strvar.go	interpreted				testdir	PASS	-	-	0.02
PASS	testdir:ken/strvar.go	native				testdir	PASS	-	-	0.05
PASS	testdir:known_bits.go	compiled				testdir	PASS	-	-	0.06
EXCLUDED	testdir:known_bits.go	interpreted	compiler-diagnostic	test asserts gc optimizer output (-m/-d=); an interpreter has no optimizer to report on	testdir_test.go:153: Bash++ backend unsupported: optimizer diagnostics are a compiler artifact; the check interface has no inlining, escape-analysis or SSA meaning	testdir	FAIL	CATALOG	EXCLUDED	0
PASS	testdir:known_bits.go	native				testdir	PASS	-	-	0.02
PASS	testdir:label.go	compiled				testdir	PASS	-	-	0.01
PASS	testdir:label.go	interpreted				testdir	PASS	-	-	0.01
PASS	testdir:label.go	native				testdir	PASS	-	-	0.01
PASS	testdir:label1.go	compiled				testdir	PASS	-	-	0.01
PASS	testdir:label1.go	interpreted				testdir	PASS	-	-	0.01
PASS	testdir:label1.go	native				testdir	PASS	-	-	0.01
SKIP	testdir:linkmain.go	compiled			testdir_test.go:531: //go:build ignore	testdir	SKIP	-	-	0
SKIP	testdir:linkmain.go	interpreted			testdir_test.go:531: //go:build ignore	testdir	SKIP	-	-	0
SKIP	testdir:linkmain.go	native			testdir_test.go:531: //go:build ignore	testdir	SKIP	-	-	0
PASS	testdir:linkmain_run.go	compiled				testdir	PASS	-	-	0.84
PASS	testdir:linkmain_run.go	interpreted				testdir	PASS	-	-	2.09
PASS	testdir:linkmain_run.go	native				testdir	PASS	-	-	0.43
PASS	testdir:linkname.go	compiled				testdir	PASS	-	-	0.33
EXCLUDED	testdir:linkname.go	interpreted	compiler-diagnostic	errorcheck row expects gc inlining/intrinsic diagnostics; an interpreter has none	testdir_test.go:1278: gc output:	testdir	FAIL	CATALOG	EXCLUDED	0.01
PASS	testdir:linkname.go	native				testdir	PASS	-	-	0.1
PASS	testdir:linkname3.go	compiled				testdir	PASS	-	-	0.05
EXCLUDED	testdir:linkname3.go	interpreted	gc-only-check	errorcheck expects a gc-only diagnostic go/types cannot express	testdir_test.go:153: compilation succeeded unexpectedly	testdir	FAIL	CATALOG	EXCLUDED	0.01
PASS	testdir:linkname3.go	native				testdir	PASS	-	-	0.01
PASS	testdir:linknameasm.go	compiled				testdir	PASS	-	-	0.19
EXCLUDED	testdir:linknameasm.go	interpreted	assembly-input	tests the gc toolchain itself, not Go language behaviour: a buildrundir test linking a Go declaration to an assembly symbol	testdir_test.go:153: Bash++ backend unsupported generate phase: compile input "/SRV is not a Go source file	testdir	FAIL	CATALOG	EXCLUDED-NEW	0
PASS	testdir:linknameasm.go	native				testdir	PASS	-	-	0.1
PASS	testdir:linkobj.go	compiled				testdir	PASS	-	-	0.76
PASS	testdir:linkobj.go	interpreted				testdir	PASS	-	-	8.98
PASS	testdir:linkobj.go	native				testdir	PASS	-	-	0.27
SKIP	testdir:linkx.go	compiled			testdir_test.go:565: skip	testdir	SKIP	-	-	0
SKIP	testdir:linkx.go	interpreted			testdir_test.go:565: skip	testdir	SKIP	-	-	0
SKIP	testdir:linkx.go	native			testdir_test.go:565: skip	testdir	SKIP	-	-	0
PASS	testdir:linkx_run.go	compiled				testdir	PASS	-	-	0.68
PASS	testdir:linkx_run.go	interpreted				testdir	PASS	-	-	1.67
PASS	testdir:linkx_run.go	native				testdir	PASS	-	-	0.33
PASS	testdir:literal.go	compiled				testdir	PASS	-	-	0.16
PASS	testdir:literal.go	interpreted				testdir	PASS	-	-	0.03
PASS	testdir:literal.go	native				testdir	PASS	-	-	0.05
PASS	testdir:literal2.go	compiled				testdir	PASS	-	-	0.25
PASS	testdir:literal2.go	interpreted				testdir	PASS	-	-	0.85
PASS	testdir:literal2.go	native				testdir	PASS	-	-	0.07
SKIP	testdir:live.go	compiled			testdir_test.go:531: //go:build !ppc64 && !ppc64le && !goexperiment.regabiargs	testdir	SKIP	-	-	0
SKIP	testdir:live.go	interpreted			testdir_test.go:531: //go:build !ppc64 && !ppc64le && !goexperiment.regabiargs	testdir	SKIP	-	-	0
SKIP	testdir:live.go	native			testdir_test.go:531: //go:build !ppc64 && !ppc64le && !goexperiment.regabiargs	testdir	SKIP	-	-	0
PASS	testdir:live1.go	compiled				testdir	PASS	-	-	0.04
PASS	testdir:live1.go	interpreted				testdir	PASS	-	-	0.01
PASS	testdir:live1.go	native				testdir	PASS	-	-	0.01
PASS	testdir:live2.go	compiled				testdir	PASS	-	-	0.04
EXCLUDED	testdir:live2.go	interpreted	compiler-diagnostic	test asserts gc optimizer output (-m/-d=); an interpreter has no optimizer to report on	testdir_test.go:153: Bash++ backend unsupported: optimizer diagnostics are a compiler artifact; the check interface has no inlining, escape-analysis or SSA meaning	testdir	FAIL	CATALOG	EXCLUDED	0
PASS	testdir:live2.go	native				testdir	PASS	-	-	0.01
PASS	testdir:live_regabi.go	compiled				testdir	PASS	-	-	0.15
EXCLUDED	testdir:live_regabi.go	interpreted	compiler-diagnostic	tests the gc toolchain itself, not Go language behaviour: errorcheckwithauto with -live: asserts the compiler's liveness maps	testdir_test.go:153: Bash++ backend unsupported: optimizer diagnostics are a compiler artifact; the check interface has no inlining, escape-analysis or SSA meaning	testdir	FAIL	CATALOG	EXCLUDED-NEW	0
PASS	testdir:live_regabi.go	native				testdir	PASS	-	-	0.05
PASS	testdir:live_uintptrkeepalive.go	compiled				testdir	PASS	-	-	0.09
EXCLUDED	testdir:live_uintptrkeepalive.go	interpreted	compiler-diagnostic	test asserts gc optimizer output (-m/-d=); an interpreter has no optimizer to report on	testdir_test.go:153: Bash++ backend unsupported: optimizer diagnostics are a compiler artifact; the check interface has no inlining, escape-analysis or SSA meaning	testdir	FAIL	CATALOG	EXCLUDED	0
PASS	testdir:live_uintptrkeepalive.go	native				testdir	PASS	-	-	0.01
PASS	testdir:loopbce.go	compiled				testdir	PASS	-	-	0.13
EXCLUDED	testdir:loopbce.go	interpreted	compiler-diagnostic	test asserts gc optimizer output (-m/-d=); an interpreter has no optimizer to report on	testdir_test.go:153: Bash++ backend unsupported: optimizer diagnostics are a compiler artifact; the check interface has no inlining, escape-analysis or SSA meaning	testdir	FAIL	CATALOG	EXCLUDED	0
PASS	testdir:loopbce.go	native				testdir	PASS	-	-	0.04
PASS	testdir:mainsig.go	compiled				testdir	PASS	-	-	0.01
PASS	testdir:mainsig.go	interpreted				testdir	PASS	-	-	0.01
PASS	testdir:mainsig.go	native				testdir	PASS	-	-	0.01
PASS	testdir:makechan.go	compiled				testdir	PASS	-	-	0.01
PASS	testdir:makechan.go	interpreted				testdir	PASS	-	-	0.01
PASS	testdir:makechan.go	native				testdir	PASS	-	-	0.01
PASS	testdir:makemap.go	compiled				testdir	PASS	-	-	0.02
PASS	testdir:makemap.go	interpreted				testdir	PASS	-	-	0.01
PASS	testdir:makemap.go	native				testdir	PASS	-	-	0.01
PASS	testdir:makenew.go	compiled				testdir	PASS	-	-	0.01
PASS	testdir:makenew.go	interpreted				testdir	PASS	-	-	0.01
PASS	testdir:makenew.go	native				testdir	PASS	-	-	0.01
PASS	testdir:makeslice.go	compiled				testdir	PASS	-	-	0.23
PASS	testdir:makeslice.go	interpreted				testdir	PASS	-	-	0.9
PASS	testdir:makeslice.go	native				testdir	PASS	-	-	0.07
PASS	testdir:mallocfin.go	compiled				testdir	PASS	-	-	0.3
PASS	testdir:mallocfin.go	interpreted	gc-observation	runtime.SetFinalizer+runtime.GC on interpreter-owned values: D7's ground (165 D9)		testdir	PASS	-	-	1.09
PASS	testdir:mallocfin.go	native				testdir	PASS	-	-	0.06
PASS	testdir:map.go	compiled				testdir	PASS	-	-	0.32
PASS	testdir:map.go	interpreted				testdir	PASS	-	-	1.08
PASS	testdir:map.go	native				testdir	PASS	-	-	0.1
PASS	testdir:map1.go	compiled				testdir	PASS	-	-	0.01
PASS	testdir:map1.go	interpreted				testdir	PASS	-	-	0.01
PASS	testdir:map1.go	native				testdir	PASS	-	-	0.01
PASS	testdir:mapclear.go	compiled				testdir	PASS	-	-	0.28
PASS	testdir:mapclear.go	interpreted				testdir	PASS	-	-	1.01
PASS	testdir:mapclear.go	native				testdir	PASS	-	-	0.07
PASS	testdir:maplinear.go	compiled				testdir	PASS	-	-	0.33
PASS	testdir:maplinear.go	interpreted				testdir	PASS	-	-	3.14
PASS	testdir:maplinear.go	native				testdir	PASS	-	-	0.09
PASS	testdir:maymorestack.go	compiled				testdir	PASS	-	-	0.23
EXCLUDED	testdir:maymorestack.go	interpreted	compiler-diagnostic	-gcflags=-d=maymorestack=main.mayMoreStack makes gc call the hook from every stack-split prologue it emits; the asserted count 128 is the number of instrumented prologues, a gc code-generation artifact an interpreter has no analogue for	testdir_test.go:153: exit status 2	testdir	FAIL	CATALOG	EXCLUDED	0.88
PASS	testdir:maymorestack.go	native				testdir	PASS	-	-	0.07
PASS	testdir:mergemul.go	compiled				testdir	PASS	-	-	0.61
PASS	testdir:mergemul.go	interpreted				testdir	PASS	-	-	1.76
PASS	testdir:mergemul.go	native				testdir	PASS	-	-	0.23
PASS	testdir:method.go	compiled				testdir	PASS	-	-	0.16
PASS	testdir:method.go	interpreted				testdir	PASS	-	-	0.03
PASS	testdir:method.go	native				testdir	PASS	-	-	0.06
PASS	testdir:method1.go	compiled				testdir	PASS	-	-	0.01
PASS	testdir:method1.go	interpreted				testdir	PASS	-	-	0.01
PASS	testdir:method1.go	native				testdir	PASS	-	-	0.01
PASS	testdir:method2.go	compiled				testdir	PASS	-	-	0.01
PASS	testdir:method2.go	interpreted				testdir	PASS	-	-	0.01
PASS	testdir:method2.go	native				testdir	PASS	-	-	0.01
PASS	testdir:method3.go	compiled				testdir	PASS	-	-	0.13
PASS	testdir:method3.go	interpreted				testdir	PASS	-	-	0.02
PASS	testdir:method3.go	native				testdir	PASS	-	-	0.05
PASS	testdir:method4.go	compiled				testdir	PASS	-	-	0.15
PASS	testdir:method4.go	interpreted				testdir	PASS	-	-	0.04
PASS	testdir:method4.go	native				testdir	PASS	-	-	0.06
PASS	testdir:method5.go	compiled				testdir	PASS	-	-	0.19
PASS	testdir:method5.go	interpreted				testdir	PASS	-	-	0.79
PASS	testdir:method5.go	native				testdir	PASS	-	-	0.08
PASS	testdir:method6.go	compiled				testdir	PASS	-	-	0.01
PASS	testdir:method6.go	interpreted				testdir	PASS	-	-	0.01
PASS	testdir:method6.go	native				testdir	PASS	-	-	0.01
PASS	testdir:method7.go	compiled				testdir	PASS	-	-	0.15
PASS	testdir:method7.go	interpreted				testdir	PASS	-	-	0.02
PASS	testdir:method7.go	native				testdir	PASS	-	-	0.05
PASS	testdir:named.go	compiled				testdir	PASS	-	-	0.15
PASS	testdir:named.go	interpreted				testdir	PASS	-	-	1.14
PASS	testdir:named.go	native				testdir	PASS	-	-	0.06
PASS	testdir:named1.go	compiled				testdir	PASS	-	-	0.01
PASS	testdir:named1.go	interpreted				testdir	PASS	-	-	0.01
PASS	testdir:named1.go	native				testdir	PASS	-	-	0.01
PASS	testdir:newexpr.go	compiled				testdir	PASS	-	-	0.14
PASS	testdir:newexpr.go	interpreted				testdir	PASS	-	-	0.02
PASS	testdir:newexpr.go	native				testdir	PASS	-	-	0.05
SKIP	testdir:newinline.go	compiled			testdir_test.go:531: //go:build goexperiment.newinliner	testdir	SKIP	-	-	0
SKIP	testdir:newinline.go	interpreted			testdir_test.go:531: //go:build goexperiment.newinliner	testdir	SKIP	-	-	0
SKIP	testdir:newinline.go	native			testdir_test.go:531: //go:build goexperiment.newinliner	testdir	SKIP	-	-	0
PASS	testdir:nil.go	compiled				testdir	PASS	-	-	0.29
PASS	testdir:nil.go	interpreted				testdir	PASS	-	-	1.07
PASS	testdir:nil.go	native				testdir	PASS	-	-	0.1
PASS	testdir:nilcheck.go	compiled				testdir	PASS	-	-	0.06
EXCLUDED	testdir:nilcheck.go	interpreted	compiler-diagnostic	test asserts gc optimizer output (-m/-d=); an interpreter has no optimizer to report on	testdir_test.go:153: Bash++ backend unsupported: optimizer diagnostics are a compiler artifact; the check interface has no inlining, escape-analysis or SSA meaning	testdir	FAIL	CATALOG	EXCLUDED	0
PASS	testdir:nilcheck.go	native				testdir	PASS	-	-	0.01
PASS	testdir:nilptr.go	compiled				testdir	PASS	-	-	0.15
PASS	testdir:nilptr.go	interpreted				testdir	PASS	-	-	5.86
PASS	testdir:nilptr.go	native				testdir	PASS	-	-	0.05
PASS	testdir:nilptr2.go	compiled				testdir	PASS	-	-	0.16
PASS	testdir:nilptr2.go	interpreted				testdir	PASS	-	-	0.03
PASS	testdir:nilptr2.go	native				testdir	PASS	-	-	0.06
PASS	testdir:nilptr3.go	compiled				testdir	PASS	-	-	0.07
EXCLUDED	testdir:nilptr3.go	interpreted	compiler-diagnostic	tests the gc toolchain itself, not Go language behaviour: errorcheck with -d=nil: asserts which nil checks the optimizer removes	testdir_test.go:153: Bash++ backend unsupported: optimizer diagnostics are a compiler artifact; the check interface has no inlining, escape-analysis or SSA meaning	testdir	FAIL	CATALOG	EXCLUDED-NEW	0
PASS	testdir:nilptr3.go	native				testdir	PASS	-	-	0.02
PASS	testdir:nilptr4.go	compiled				testdir	PASS	-	-	0.13
PASS	testdir:nilptr4.go	interpreted				testdir	PASS	-	-	0.01
PASS	testdir:nilptr4.go	native				testdir	PASS	-	-	0.09
PASS	testdir:nilptr5.go	compiled				testdir	PASS	-	-	0.05
EXCLUDED	testdir:nilptr5.go	interpreted	compiler-diagnostic	test asserts gc optimizer output (-m/-d=); an interpreter has no optimizer to report on	testdir_test.go:153: Bash++ backend unsupported: optimizer diagnostics are a compiler artifact; the check interface has no inlining, escape-analysis or SSA meaning	testdir	FAIL	CATALOG	EXCLUDED	0
PASS	testdir:nilptr5.go	native				testdir	PASS	-	-	0.01
SKIP	testdir:nilptr5_aix.go	compiled			testdir_test.go:531: //go:build aix	testdir	SKIP	-	-	0
SKIP	testdir:nilptr5_aix.go	interpreted			testdir_test.go:531: //go:build aix	testdir	SKIP	-	-	0
SKIP	testdir:nilptr5_aix.go	native			testdir_test.go:531: //go:build aix	testdir	SKIP	-	-	0
SKIP	testdir:nilptr5_wasm.go	compiled			testdir_test.go:531: //go:build wasm	testdir	SKIP	-	-	0
SKIP	testdir:nilptr5_wasm.go	interpreted			testdir_test.go:531: //go:build wasm	testdir	SKIP	-	-	0
SKIP	testdir:nilptr5_wasm.go	native			testdir_test.go:531: //go:build wasm	testdir	SKIP	-	-	0
SKIP	testdir:nilptr_aix.go	compiled			testdir_test.go:531: //go:build aix	testdir	SKIP	-	-	0
SKIP	testdir:nilptr_aix.go	interpreted			testdir_test.go:531: //go:build aix	testdir	SKIP	-	-	0
SKIP	testdir:nilptr_aix.go	native			testdir_test.go:531: //go:build aix	testdir	SKIP	-	-	0
PASS	testdir:noinit.go	compiled				testdir	PASS	-	-	0.25
PASS	testdir:noinit.go	interpreted				testdir	PASS	-	-	1.01
PASS	testdir:noinit.go	native				testdir	PASS	-	-	0.05
PASS	testdir:nosplit.go	compiled				testdir	PASS	-	-	5
PASS	testdir:nosplit.go	interpreted				testdir	PASS	-	-	7.24
PASS	testdir:nosplit.go	native				testdir	PASS	-	-	4.45
PASS	testdir:nowritebarrier.go	compiled				testdir	PASS	-	-	0.06
EXCLUDED	testdir:nowritebarrier.go	interpreted	gc-only-check	errorcheck expects a gc-only diagnostic go/types cannot express	testdir_test.go:153: compilation succeeded unexpectedly	testdir	FAIL	CATALOG	EXCLUDED	0.01
PASS	testdir:nowritebarrier.go	native				testdir	PASS	-	-	0.01
PASS	testdir:nul1.go	compiled				testdir	PASS	-	-	0.29
PASS	testdir:nul1.go	interpreted				testdir	PASS	-	-	1.01
PASS	testdir:nul1.go	native				testdir	PASS	-	-	0.11
PASS	testdir:opt_branchlikely.go	compiled				testdir	PASS	-	-	0.05
EXCLUDED	testdir:opt_branchlikely.go	interpreted	compiler-diagnostic	test asserts gc optimizer output (-m/-d=); an interpreter has no optimizer to report on	testdir_test.go:153: Bash++ backend unsupported: optimizer diagnostics are a compiler artifact; the check interface has no inlining, escape-analysis or SSA meaning	testdir	FAIL	CATALOG	EXCLUDED	0
PASS	testdir:opt_branchlikely.go	native				testdir	PASS	-	-	0.01
PASS	testdir:parentype.go	compiled				testdir	PASS	-	-	0.06
PASS	testdir:parentype.go	interpreted				testdir	PASS	-	-	0.01
PASS	testdir:parentype.go	native				testdir	PASS	-	-	0.01
PASS	testdir:peano.go	compiled				testdir	PASS	-	-	0.26
PASS	testdir:peano.go	interpreted				testdir	PASS	-	FIXED	25.07
PASS	testdir:peano.go	native				testdir	PASS	-	-	0.08
PASS	testdir:phiopt.go	compiled				testdir	PASS	-	-	0.07
EXCLUDED	testdir:phiopt.go	interpreted	compiler-diagnostic	test asserts gc optimizer output (-m/-d=); an interpreter has no optimizer to report on	testdir_test.go:153: Bash++ backend unsupported: optimizer diagnostics are a compiler artifact; the check interface has no inlining, escape-analysis or SSA meaning	testdir	FAIL	CATALOG	EXCLUDED	0
PASS	testdir:phiopt.go	native				testdir	PASS	-	-	0.01
PASS	testdir:print.go	compiled				testdir	PASS	-	-	0.14
PASS	testdir:print.go	interpreted				testdir	PASS	-	-	0.03
PASS	testdir:print.go	native				testdir	PASS	-	-	0.05
PASS	testdir:printbig.go	compiled				testdir	PASS	-	-	0.14
PASS	testdir:printbig.go	interpreted				testdir	PASS	-	-	0.02
PASS	testdir:printbig.go	native				testdir	PASS	-	-	0.05
PASS	testdir:prove.go	compiled				testdir	PASS	-	-	0.32
EXCLUDED	testdir:prove.go	interpreted	compiler-diagnostic	tests the gc toolchain itself, not Go language behaviour: errorcheck with -d=ssa/prove/debug: asserts the prove pass's facts	testdir_test.go:153: Bash++ backend unsupported: optimizer diagnostics are a compiler artifact; the check interface has no inlining, escape-analysis or SSA meaning	testdir	FAIL	CATALOG	EXCLUDED-NEW	0
PASS	testdir:prove.go	native				testdir	PASS	-	-	0.12
PASS	testdir:prove_constant_folding.go	compiled				testdir	PASS	-	-	0.05
EXCLUDED	testdir:prove_constant_folding.go	interpreted	compiler-diagnostic	test asserts gc optimizer output (-m/-d=); an interpreter has no optimizer to report on	testdir_test.go:153: Bash++ backend unsupported: optimizer diagnostics are a compiler artifact; the check interface has no inlining, escape-analysis or SSA meaning	testdir	FAIL	CATALOG	EXCLUDED	0
PASS	testdir:prove_constant_folding.go	native				testdir	PASS	-	-	0.01
PASS	testdir:prove_invert_loop_with_unused_iterators.go	compiled				testdir	PASS	-	-	0.05
EXCLUDED	testdir:prove_invert_loop_with_unused_iterators.go	interpreted	compiler-diagnostic	test asserts gc optimizer output (-m/-d=); an interpreter has no optimizer to report on	testdir_test.go:153: Bash++ backend unsupported: optimizer diagnostics are a compiler artifact; the check interface has no inlining, escape-analysis or SSA meaning	testdir	FAIL	CATALOG	EXCLUDED	0
PASS	testdir:prove_invert_loop_with_unused_iterators.go	native				testdir	PASS	-	-	0.01
SKIP	testdir:prove_popcount.go	compiled			testdir_test.go:531: //go:build amd64.v3 || arm64	testdir	SKIP	-	-	0
SKIP	testdir:prove_popcount.go	interpreted			testdir_test.go:531: //go:build amd64.v3 || arm64	testdir	SKIP	-	-	0
SKIP	testdir:prove_popcount.go	native			testdir_test.go:531: //go:build amd64.v3 || arm64	testdir	SKIP	-	-	0
PASS	testdir:range.go	compiled				testdir	PASS	-	-	0.17
PASS	testdir:range.go	interpreted				testdir	PASS	-	-	0.03
PASS	testdir:range.go	native				testdir	PASS	-	-	0.06
PASS	testdir:range2.go	compiled				testdir	PASS	-	-	0.02
PASS	testdir:range2.go	interpreted				testdir	PASS	-	-	0.01
PASS	testdir:range2.go	native				testdir	PASS	-	-	0.01
PASS	testdir:range3.go	compiled				testdir	PASS	-	-	0.14
PASS	testdir:range3.go	interpreted				testdir	PASS	-	-	0.02
PASS	testdir:range3.go	native				testdir	PASS	-	-	0.05
PASS	testdir:range4.go	compiled				testdir	PASS	-	-	0.21
PASS	testdir:range4.go	interpreted				testdir	PASS	-	-	0.03
PASS	testdir:range4.go	native				testdir	PASS	-	-	0.06
PASS	testdir:rangegen.go	compiled				testdir	PASS	-	-	54.37
PASS	testdir:rangegen.go	interpreted				testdir	PASS	-	FIXED	50.65
PASS	testdir:rangegen.go	native				testdir	PASS	-	-	25.62
PASS	testdir:recover.go	compiled				testdir	PASS	-	-	0.44
PASS	testdir:recover.go	interpreted				testdir	PASS	-	-	1.42
PASS	testdir:recover.go	native				testdir	PASS	-	-	0.11
PASS	testdir:recover1.go	compiled				testdir	PASS	-	-	0.23
PASS	testdir:recover1.go	interpreted				testdir	PASS	-	-	0.89
PASS	testdir:recover1.go	native				testdir	PASS	-	-	0.05
PASS	testdir:recover2.go	compiled				testdir	PASS	-	-	0.24
PASS	testdir:recover2.go	interpreted				testdir	PASS	-	-	0.88
PASS	testdir:recover2.go	native				testdir	PASS	-	-	0.06
PASS	testdir:recover3.go	compiled				testdir	PASS	-	-	0.31
PASS	testdir:recover3.go	interpreted				testdir	PASS	-	-	1
PASS	testdir:recover3.go	native				testdir	PASS	-	-	0.06
PASS	testdir:recover4.go	compiled				testdir	PASS	-	-	0.38
PASS	testdir:recover4.go	interpreted				testdir	PASS	-	-	4.96
PASS	testdir:recover4.go	native				testdir	PASS	-	-	0.07
PASS	testdir:recover5.go	compiled				testdir	PASS	-	-	0.01
PASS	testdir:recover5.go	interpreted				testdir	PASS	-	-	0.01
PASS	testdir:recover5.go	native				testdir	PASS	-	-	0.01
PASS	testdir:reflectmethod1.go	compiled				testdir	PASS	-	-	0.26
PASS	testdir:reflectmethod1.go	interpreted				testdir	PASS	-	-	0.84
PASS	testdir:reflectmethod1.go	native				testdir	PASS	-	-	0.06
PASS	testdir:reflectmethod2.go	compiled				testdir	PASS	-	-	0.26
PASS	testdir:reflectmethod2.go	interpreted				testdir	PASS	-	-	0.86
PASS	testdir:reflectmethod2.go	native				testdir	PASS	-	-	0.06
PASS	testdir:reflectmethod3.go	compiled				testdir	PASS	-	-	0.28
PASS	testdir:reflectmethod3.go	interpreted				testdir	PASS	-	-	0.84
PASS	testdir:reflectmethod3.go	native				testdir	PASS	-	-	0.06
PASS	testdir:reflectmethod4.go	compiled				testdir	PASS	-	-	0.26
PASS	testdir:reflectmethod4.go	interpreted				testdir	PASS	-	-	0.84
PASS	testdir:reflectmethod4.go	native				testdir	PASS	-	-	0.07
PASS	testdir:reflectmethod5.go	compiled				testdir	PASS	-	-	0.25
PASS	testdir:reflectmethod5.go	interpreted				testdir	PASS	-	-	0.91
PASS	testdir:reflectmethod5.go	native				testdir	PASS	-	-	0.07
PASS	testdir:reflectmethod6.go	compiled				testdir	PASS	-	-	0.26
PASS	testdir:reflectmethod6.go	interpreted				testdir	PASS	-	-	0.88
PASS	testdir:reflectmethod6.go	native				testdir	PASS	-	-	0.07
PASS	testdir:reflectmethod7.go	compiled				testdir	PASS	-	-	0.23
PASS	testdir:reflectmethod7.go	interpreted				testdir	PASS	-	-	0.9
PASS	testdir:reflectmethod7.go	native				testdir	PASS	-	-	0.07
PASS	testdir:reflectmethod8.go	compiled				testdir	PASS	-	-	0.05
PASS	testdir:reflectmethod8.go	interpreted				testdir	PASS	-	-	0.01
PASS	testdir:reflectmethod8.go	native				testdir	PASS	-	-	0.01
PASS	testdir:rename.go	compiled				testdir	PASS	-	-	0.28
PASS	testdir:rename.go	interpreted				testdir	PASS	-	-	1.08
PASS	testdir:rename.go	native				testdir	PASS	-	-	0.07
PASS	testdir:rename1.go	compiled				testdir	PASS	-	-	0.01
PASS	testdir:rename1.go	interpreted				testdir	PASS	-	-	0.01
PASS	testdir:rename1.go	native				testdir	PASS	-	-	0.01
PASS	testdir:reorder.go	compiled				testdir	PASS	-	-	0.28
PASS	testdir:reorder.go	interpreted				testdir	PASS	-	-	0.9
PASS	testdir:reorder.go	native				testdir	PASS	-	-	0.08
PASS	testdir:reorder2.go	compiled				testdir	PASS	-	-	0.19
PASS	testdir:reorder2.go	interpreted				testdir	PASS	-	-	0.73
PASS	testdir:reorder2.go	native				testdir	PASS	-	-	0.08
PASS	testdir:retjmp.go	compiled				testdir	PASS	-	-	0.15
EXCLUDED	testdir:retjmp.go	interpreted	assembly-input	tests the gc toolchain itself, not Go language behaviour: a buildrundir test of the assembler's RET-to-symbol jump	testdir_test.go:153: Bash++ backend unsupported generate phase: compile input "/SRV is not a Go source file	testdir	FAIL	CATALOG	EXCLUDED-NEW	0
PASS	testdir:retjmp.go	native				testdir	PASS	-	-	0.12
PASS	testdir:return.go	compiled				testdir	PASS	-	-	0.02
PASS	testdir:return.go	interpreted				testdir	PASS	-	-	0.02
PASS	testdir:return.go	native				testdir	PASS	-	-	0.01
SKIP	testdir:rotate.go	compiled			testdir_test.go:565: skip	testdir	SKIP	-	-	0
SKIP	testdir:rotate.go	interpreted			testdir_test.go:565: skip	testdir	SKIP	-	-	0
SKIP	testdir:rotate.go	native			testdir_test.go:565: skip	testdir	SKIP	-	-	0
PASS	testdir:rotate0.go	compiled				testdir	PASS	-	-	4
PASS	testdir:rotate0.go	interpreted				testdir	PASS	-	-	7.5
PASS	testdir:rotate0.go	native				testdir	PASS	-	-	0.88
PASS	testdir:rotate1.go	compiled				testdir	PASS	-	-	4.05
PASS	testdir:rotate1.go	interpreted				testdir	PASS	-	-	7.59
PASS	testdir:rotate1.go	native				testdir	PASS	-	-	0.86
PASS	testdir:rotate2.go	compiled				testdir	PASS	-	-	4.08
PASS	testdir:rotate2.go	interpreted				testdir	PASS	-	-	7.7
PASS	testdir:rotate2.go	native				testdir	PASS	-	-	0.87
PASS	testdir:rotate3.go	compiled				testdir	PASS	-	-	4.08
PASS	testdir:rotate3.go	interpreted				testdir	PASS	-	-	7.43
PASS	testdir:rotate3.go	native				testdir	PASS	-	-	0.86
PASS	testdir:rune.go	compiled				testdir	PASS	-	-	0.05
PASS	testdir:rune.go	interpreted				testdir	PASS	-	-	0.01
PASS	testdir:rune.go	native				testdir	PASS	-	-	0.01
PASS	testdir:runtime.go	compiled				testdir	PASS	-	-	0.06
PASS	testdir:runtime.go	interpreted				testdir	PASS	-	-	0.05
PASS	testdir:runtime.go	native				testdir	PASS	-	-	0.01
PASS	testdir:shift1.go	compiled				testdir	PASS	-	-	0.02
PASS	testdir:shift1.go	interpreted				testdir	PASS	-	-	0.01
PASS	testdir:shift1.go	native				testdir	PASS	-	-	0.01
PASS	testdir:shift2.go	compiled				testdir	PASS	-	-	0.05
PASS	testdir:shift2.go	interpreted				testdir	PASS	-	-	0.01
PASS	testdir:shift2.go	native				testdir	PASS	-	-	0.01
PASS	testdir:shift3.go	compiled				testdir	PASS	-	-	0.28
PASS	testdir:shift3.go	interpreted				testdir	PASS	-	-	0.92
PASS	testdir:shift3.go	native				testdir	PASS	-	-	0.06
PASS	testdir:sieve.go	compiled				testdir	PASS	-	-	0.15
PASS	testdir:sieve.go	interpreted				testdir	PASS	-	-	0.01
PASS	testdir:sieve.go	native				testdir	PASS	-	-	0.1
PASS	testdir:sigchld.go	compiled				testdir	PASS	-	-	0.24
PASS	testdir:sigchld.go	interpreted				testdir	PASS	-	-	0.94
PASS	testdir:sigchld.go	native				testdir	PASS	-	-	0.05
PASS	testdir:simassign.go	compiled				testdir	PASS	-	-	0.16
PASS	testdir:simassign.go	interpreted				testdir	PASS	-	-	0.02
PASS	testdir:simassign.go	native				testdir	PASS	-	-	0.05
SKIP	testdir:simd.go	compiled			testdir_test.go:531: //go:build goexperiment.simd && amd64	testdir	SKIP	-	-	0
SKIP	testdir:simd.go	interpreted			testdir_test.go:531: //go:build goexperiment.simd && amd64	testdir	SKIP	-	-	0
SKIP	testdir:simd.go	native			testdir_test.go:531: //go:build goexperiment.simd && amd64	testdir	SKIP	-	-	0
SKIP	testdir:simd/bug1.go	compiled			testdir_test.go:531: //go:build amd64 && goexperiment.simd	testdir	SKIP	-	-	0
SKIP	testdir:simd/bug1.go	interpreted			testdir_test.go:531: //go:build amd64 && goexperiment.simd	testdir	SKIP	-	-	0
SKIP	testdir:simd/bug1.go	native			testdir_test.go:531: //go:build amd64 && goexperiment.simd	testdir	SKIP	-	-	0
SKIP	testdir:simd/bug2.go	compiled			testdir_test.go:531: //go:build amd64 && goexperiment.simd	testdir	SKIP	-	-	0
SKIP	testdir:simd/bug2.go	interpreted			testdir_test.go:531: //go:build amd64 && goexperiment.simd	testdir	SKIP	-	-	0
SKIP	testdir:simd/bug2.go	native			testdir_test.go:531: //go:build amd64 && goexperiment.simd	testdir	SKIP	-	-	0
SKIP	testdir:simd/bug3.go	compiled			testdir_test.go:531: //go:build goexperiment.simd && amd64	testdir	SKIP	-	-	0
SKIP	testdir:simd/bug3.go	interpreted			testdir_test.go:531: //go:build goexperiment.simd && amd64	testdir	SKIP	-	-	0
SKIP	testdir:simd/bug3.go	native			testdir_test.go:531: //go:build goexperiment.simd && amd64	testdir	SKIP	-	-	0
SKIP	testdir:simd_inline.go	compiled			testdir_test.go:531: //go:build goexperiment.simd && amd64	testdir	SKIP	-	-	0
SKIP	testdir:simd_inline.go	interpreted			testdir_test.go:531: //go:build goexperiment.simd && amd64	testdir	SKIP	-	-	0
SKIP	testdir:simd_inline.go	native			testdir_test.go:531: //go:build goexperiment.simd && amd64	testdir	SKIP	-	-	0
PASS	testdir:sizeof.go	compiled				testdir	PASS	-	-	0.17
PASS	testdir:sizeof.go	interpreted				testdir	PASS	-	-	0.99
PASS	testdir:sizeof.go	native				testdir	PASS	-	-	0.04
PASS	testdir:slice3.go	compiled				testdir	PASS	-	-	1.54
EXCLUDED	testdir:slice3.go	interpreted	unsafe-reinterpretation	a runoutput generator whose output reinterprets slice headers as *[3]uintptr to check cap arithmetic; the interpreter has no native memory layout for slice headers of interpreter-owned storage	testdir_test.go:153: exit status 2	testdir	FAIL	CATALOG	EXCLUDED-NEW	3.51
PASS	testdir:slice3.go	native				testdir	PASS	-	-	0.61
PASS	testdir:slice3err.go	compiled				testdir	PASS	-	-	0.02
PASS	testdir:slice3err.go	interpreted				testdir	PASS	-	-	0.01
PASS	testdir:slice3err.go	native				testdir	PASS	-	-	0.01
PASS	testdir:slicecap.go	compiled				testdir	PASS	-	-	0.15
EXCLUDED	testdir:slicecap.go	interpreted	unsafe-reinterpretation	unsafe.Pointer memory reinterpretation: the interpreter has no native memory model	testdir_test.go:153: exit status 2	testdir	FAIL	CATALOG	EXCLUDED	0.69
PASS	testdir:slicecap.go	native				testdir	PASS	-	-	0.05
PASS	testdir:sliceopt.go	compiled				testdir	PASS	-	-	0.05
EXCLUDED	testdir:sliceopt.go	interpreted	compiler-diagnostic	test asserts gc optimizer output (-m/-d=); an interpreter has no optimizer to report on	testdir_test.go:153: Bash++ backend unsupported: optimizer diagnostics are a compiler artifact; the check interface has no inlining, escape-analysis or SSA meaning	testdir	FAIL	CATALOG	EXCLUDED	0
PASS	testdir:sliceopt.go	native				testdir	PASS	-	-	0.01
PASS	testdir:solitaire.go	compiled				testdir	PASS	-	-	0.16
PASS	testdir:solitaire.go	interpreted				testdir	PASS	-	-	0.01
PASS	testdir:solitaire.go	native				testdir	PASS	-	-	0.1
PASS	testdir:stack.go	compiled				testdir	PASS	-	-	0.17
EXCLUDED	testdir:stack.go	interpreted	compute-bound	a CPU-bound loop whose interpreted evaluation exceeds the fixed 60 s leaf deadline (observed: evaluation); it shows no overhead a script would feel; put CPU-bound loops in a Go fence or embed	testdir_test.go:153: command exceeded time limit	testdir	FAIL	CATALOG	CARRIED-376	61.01
PASS	testdir:stack.go	native				testdir	PASS	-	-	0.06
PASS	testdir:stackobj.go	compiled				testdir	PASS	-	-	0.28
EXCLUDED	testdir:stackobj.go	interpreted	gc-observation	runtime.SetFinalizer+runtime.GC on interpreter-owned values: D7's ground (165 D9)	testdir_test.go:153: exit status 2	testdir	FAIL	CATALOG	EXCLUDED	1.08
PASS	testdir:stackobj.go	native				testdir	PASS	-	-	0.07
PASS	testdir:stackobj2.go	compiled				testdir	PASS	-	-	0.3
PASS	testdir:stackobj2.go	interpreted				testdir	PASS	-	-	1.43
PASS	testdir:stackobj2.go	native				testdir	PASS	-	-	0.07
PASS	testdir:stackobj3.go	compiled				testdir	PASS	-	-	0.24
EXCLUDED	testdir:stackobj3.go	interpreted	gc-observation	runtime.SetFinalizer+runtime.GC on interpreter-owned values: D7's ground (165 D9)	testdir_test.go:153: exit status 2	testdir	FAIL	CATALOG	EXCLUDED	0.93
PASS	testdir:stackobj3.go	native				testdir	PASS	-	-	0.05
PASS	testdir:strcopy.go	compiled				testdir	PASS	-	-	0.23
EXCLUDED	testdir:strcopy.go	interpreted	unsafe-reinterpretation	reads reflect.StringHeader.Data through unsafe.Pointer to assert distinct native backing addresses; interpreter strings have no native header layout	testdir_test.go:153: exit status 2	testdir	FAIL	CATALOG	EXCLUDED	0.87
PASS	testdir:strcopy.go	native				testdir	PASS	-	-	0.05
PASS	testdir:strength.go	compiled				testdir	PASS	-	-	0.67
PASS	testdir:strength.go	interpreted				testdir	PASS	-	-	1.91
PASS	testdir:strength.go	native				testdir	PASS	-	-	0.23
PASS	testdir:string_lit.go	compiled				testdir	PASS	-	-	0.26
PASS	testdir:string_lit.go	interpreted				testdir	PASS	-	-	0.9
PASS	testdir:string_lit.go	native				testdir	PASS	-	-	0.06
PASS	testdir:stringrange.go	compiled				testdir	PASS	-	-	0.27
PASS	testdir:stringrange.go	interpreted				testdir	PASS	-	-	1.02
PASS	testdir:stringrange.go	native				testdir	PASS	-	-	0.06
PASS	testdir:struct0.go	compiled				testdir	PASS	-	-	0.14
PASS	testdir:struct0.go	interpreted				testdir	PASS	-	-	0.02
PASS	testdir:struct0.go	native				testdir	PASS	-	-	0.04
PASS	testdir:switch.go	compiled				testdir	PASS	-	-	0.26
PASS	testdir:switch.go	interpreted				testdir	PASS	-	-	0.9
PASS	testdir:switch.go	native				testdir	PASS	-	-	0.06
PASS	testdir:switch2.go	compiled				testdir	PASS	-	-	0.01
PASS	testdir:switch2.go	interpreted				testdir	PASS	-	-	0.01
PASS	testdir:switch2.go	native				testdir	PASS	-	-	0.01
PASS	testdir:switch3.go	compiled				testdir	PASS	-	-	0.01
PASS	testdir:switch3.go	interpreted				testdir	PASS	-	-	0.01
PASS	testdir:switch3.go	native				testdir	PASS	-	-	0.01
PASS	testdir:switch4.go	compiled				testdir	PASS	-	-	0.01
PASS	testdir:switch4.go	interpreted				testdir	PASS	-	-	0.01
PASS	testdir:switch4.go	native				testdir	PASS	-	-	0.01
PASS	testdir:switch5.go	compiled				testdir	PASS	-	-	0.01
PASS	testdir:switch5.go	interpreted				testdir	PASS	-	-	0.01
PASS	testdir:switch5.go	native				testdir	PASS	-	-	0.01
PASS	testdir:switch6.go	compiled				testdir	PASS	-	-	0.01
PASS	testdir:switch6.go	interpreted				testdir	PASS	-	-	0.01
PASS	testdir:switch6.go	native				testdir	PASS	-	-	0.01
PASS	testdir:switch7.go	compiled				testdir	PASS	-	-	0.06
PASS	testdir:switch7.go	interpreted				testdir	PASS	-	-	0.06
PASS	testdir:switch7.go	native				testdir	PASS	-	-	0.01
PASS	testdir:syntax/chan.go	compiled				testdir	PASS	-	-	0.02
PASS	testdir:syntax/chan.go	interpreted				testdir	PASS	-	-	0.01
PASS	testdir:syntax/chan.go	native				testdir	PASS	-	-	0.01
PASS	testdir:syntax/chan1.go	compiled				testdir	PASS	-	-	0.01
PASS	testdir:syntax/chan1.go	interpreted				testdir	PASS	-	-	0.01
PASS	testdir:syntax/chan1.go	native				testdir	PASS	-	-	0.01
PASS	testdir:syntax/composite.go	compiled				testdir	PASS	-	-	0.01
PASS	testdir:syntax/composite.go	interpreted				testdir	PASS	-	-	0.01
PASS	testdir:syntax/composite.go	native				testdir	PASS	-	-	0.01
PASS	testdir:syntax/ddd.go	compiled				testdir	PASS	-	-	0.01
PASS	testdir:syntax/ddd.go	interpreted				testdir	PASS	-	-	0.01
PASS	testdir:syntax/ddd.go	native				testdir	PASS	-	-	0.01
PASS	testdir:syntax/else.go	compiled				testdir	PASS	-	-	0.01
PASS	testdir:syntax/else.go	interpreted				testdir	PASS	-	-	0.01
PASS	testdir:syntax/else.go	native				testdir	PASS	-	-	0.01
PASS	testdir:syntax/if.go	compiled				testdir	PASS	-	-	0.01
PASS	testdir:syntax/if.go	interpreted				testdir	PASS	-	-	0.01
PASS	testdir:syntax/if.go	native				testdir	PASS	-	-	0.01
PASS	testdir:syntax/import.go	compiled				testdir	PASS	-	-	0.01
PASS	testdir:syntax/import.go	interpreted				testdir	PASS	-	-	0.01
PASS	testdir:syntax/import.go	native				testdir	PASS	-	-	0.01
PASS	testdir:syntax/initvar.go	compiled				testdir	PASS	-	-	0.01
PASS	testdir:syntax/initvar.go	interpreted				testdir	PASS	-	-	0.01
PASS	testdir:syntax/initvar.go	native				testdir	PASS	-	-	0.01
PASS	testdir:syntax/semi1.go	compiled				testdir	PASS	-	-	0.01
PASS	testdir:syntax/semi1.go	interpreted				testdir	PASS	-	-	0.01
PASS	testdir:syntax/semi1.go	native				testdir	PASS	-	-	0.01
PASS	testdir:syntax/semi2.go	compiled				testdir	PASS	-	-	0.01
PASS	testdir:syntax/semi2.go	interpreted				testdir	PASS	-	-	0.01
PASS	testdir:syntax/semi2.go	native				testdir	PASS	-	-	0.01
PASS	testdir:syntax/semi3.go	compiled				testdir	PASS	-	-	0.01
PASS	testdir:syntax/semi3.go	interpreted				testdir	PASS	-	-	0.01
PASS	testdir:syntax/semi3.go	native				testdir	PASS	-	-	0.01
PASS	testdir:syntax/semi4.go	compiled				testdir	PASS	-	-	0.01
PASS	testdir:syntax/semi4.go	interpreted				testdir	PASS	-	-	0.01
PASS	testdir:syntax/semi4.go	native				testdir	PASS	-	-	0.01
PASS	testdir:syntax/semi5.go	compiled				testdir	PASS	-	-	0.01
PASS	testdir:syntax/semi5.go	interpreted				testdir	PASS	-	-	0.01
PASS	testdir:syntax/semi5.go	native				testdir	PASS	-	-	0.01
PASS	testdir:syntax/semi6.go	compiled				testdir	PASS	-	-	0.01
PASS	testdir:syntax/semi6.go	interpreted				testdir	PASS	-	-	0.01
PASS	testdir:syntax/semi6.go	native				testdir	PASS	-	-	0.01
PASS	testdir:syntax/semi7.go	compiled				testdir	PASS	-	-	0.01
PASS	testdir:syntax/semi7.go	interpreted				testdir	PASS	-	-	0.01
PASS	testdir:syntax/semi7.go	native				testdir	PASS	-	-	0.01
PASS	testdir:syntax/topexpr.go	compiled				testdir	PASS	-	-	0.01
PASS	testdir:syntax/topexpr.go	interpreted				testdir	PASS	-	-	0.01
PASS	testdir:syntax/topexpr.go	native				testdir	PASS	-	-	0.01
PASS	testdir:syntax/typesw.go	compiled				testdir	PASS	-	-	0.01
PASS	testdir:syntax/typesw.go	interpreted				testdir	PASS	-	-	0.01
PASS	testdir:syntax/typesw.go	native				testdir	PASS	-	-	0.01
PASS	testdir:syntax/vareq.go	compiled				testdir	PASS	-	-	0.01
PASS	testdir:syntax/vareq.go	interpreted				testdir	PASS	-	-	0.01
PASS	testdir:syntax/vareq.go	native				testdir	PASS	-	-	0.01
PASS	testdir:syntax/vareq1.go	compiled				testdir	PASS	-	-	0.01
PASS	testdir:syntax/vareq1.go	interpreted				testdir	PASS	-	-	0.01
PASS	testdir:syntax/vareq1.go	native				testdir	PASS	-	-	0.01
PASS	testdir:tailcall.go	compiled				testdir	PASS	-	-	0.06
EXCLUDED	testdir:tailcall.go	interpreted	compiler-diagnostic	test asserts gc optimizer output (-m/-d=); an interpreter has no optimizer to report on	testdir_test.go:153: Bash++ backend unsupported: optimizer diagnostics are a compiler artifact; the check interface has no inlining, escape-analysis or SSA meaning	testdir	FAIL	CATALOG	EXCLUDED	0
PASS	testdir:tailcall.go	native				testdir	PASS	-	-	0.01
SKIP	testdir:tighten.go	compiled			testdir_test.go:531: //go:build arm64	testdir	SKIP	-	-	0
SKIP	testdir:tighten.go	interpreted			testdir_test.go:531: //go:build arm64	testdir	SKIP	-	-	0
SKIP	testdir:tighten.go	native			testdir_test.go:531: //go:build arm64	testdir	SKIP	-	-	0
PASS	testdir:tinyfin.go	compiled				testdir	PASS	-	-	0.3
PASS	testdir:tinyfin.go	interpreted	gc-observation	runtime.SetFinalizer+runtime.GC on interpreter-owned values: D7's ground (165 D9)		testdir	PASS	-	-	1.1
PASS	testdir:tinyfin.go	native				testdir	PASS	-	-	0.05
PASS	testdir:torture.go	compiled				testdir	PASS	-	-	0.07
PASS	testdir:torture.go	interpreted				testdir	PASS	-	-	0.01
PASS	testdir:torture.go	native				testdir	PASS	-	-	0.02
PASS	testdir:turing.go	compiled				testdir	PASS	-	-	0.14
PASS	testdir:turing.go	interpreted				testdir	PASS	-	-	0.03
PASS	testdir:turing.go	native				testdir	PASS	-	-	0.05
PASS	testdir:typecheck.go	compiled				testdir	PASS	-	-	0.01
PASS	testdir:typecheck.go	interpreted				testdir	PASS	-	-	0.01
PASS	testdir:typecheck.go	native				testdir	PASS	-	-	0.01
PASS	testdir:typecheckloop.go	compiled				testdir	PASS	-	-	0.01
PASS	testdir:typecheckloop.go	interpreted				testdir	PASS	-	-	0.01
PASS	testdir:typecheckloop.go	native				testdir	PASS	-	-	0.01
PASS	testdir:typeparam/absdiff.go	compiled				testdir	PASS	-	-	0.12
PASS	testdir:typeparam/absdiff.go	interpreted				testdir	PASS	-	-	0.02
PASS	testdir:typeparam/absdiff.go	native				testdir	PASS	-	-	0.05
PASS	testdir:typeparam/absdiff2.go	compiled				testdir	PASS	-	-	0.27
PASS	testdir:typeparam/absdiff2.go	interpreted				testdir	PASS	-	-	0.98
PASS	testdir:typeparam/absdiff2.go	native				testdir	PASS	-	-	0.07
PASS	testdir:typeparam/absdiff3.go	compiled				testdir	PASS	-	-	0.25
PASS	testdir:typeparam/absdiff3.go	interpreted				testdir	PASS	-	-	0.9
PASS	testdir:typeparam/absdiff3.go	native				testdir	PASS	-	-	0.08
PASS	testdir:typeparam/absdiffimp.go	compiled				testdir	PASS	-	-	0.12
PASS	testdir:typeparam/absdiffimp.go	interpreted				testdir	PASS	-	-	0.03
PASS	testdir:typeparam/absdiffimp.go	native				testdir	PASS	-	-	0.05
PASS	testdir:typeparam/absdiffimp2.go	compiled				testdir	PASS	-	-	0.23
PASS	testdir:typeparam/absdiffimp2.go	interpreted				testdir	PASS	-	-	1.05
PASS	testdir:typeparam/absdiffimp2.go	native				testdir	PASS	-	-	0.08
PASS	testdir:typeparam/adder.go	compiled				testdir	PASS	-	-	0.26
PASS	testdir:typeparam/adder.go	interpreted				testdir	PASS	-	-	0.87
PASS	testdir:typeparam/adder.go	native				testdir	PASS	-	-	0.07
PASS	testdir:typeparam/aliasimp.go	compiled				testdir	PASS	-	-	0.12
PASS	testdir:typeparam/aliasimp.go	interpreted				testdir	PASS	-	-	0.04
PASS	testdir:typeparam/aliasimp.go	native				testdir	PASS	-	-	0.05
PASS	testdir:typeparam/append.go	compiled				testdir	PASS	-	-	0.14
PASS	testdir:typeparam/append.go	interpreted				testdir	PASS	-	-	0.68
PASS	testdir:typeparam/append.go	native				testdir	PASS	-	-	0.05
PASS	testdir:typeparam/boundmethod.go	compiled				testdir	PASS	-	-	0.27
PASS	testdir:typeparam/boundmethod.go	interpreted				testdir	PASS	-	-	1.08
PASS	testdir:typeparam/boundmethod.go	native				testdir	PASS	-	-	0.07
PASS	testdir:typeparam/builtins.go	compiled				testdir	PASS	-	-	0.04
PASS	testdir:typeparam/builtins.go	interpreted				testdir	PASS	-	-	0.01
PASS	testdir:typeparam/builtins.go	native				testdir	PASS	-	-	0.01
PASS	testdir:typeparam/chans.go	compiled				testdir	PASS	-	-	0.44
EXCLUDED	testdir:typeparam/chans.go	interpreted	gc-observation	runtime.SetFinalizer+runtime.GC on interpreter-owned values: D7's ground (165 D9)	testdir_test.go:153: command exceeded time limit	testdir	FAIL	CATALOG	EXCLUDED	61
PASS	testdir:typeparam/chans.go	native				testdir	PASS	-	-	0.1
PASS	testdir:typeparam/chansimp.go	compiled				testdir	PASS	-	-	0.34
EXCLUDED	testdir:typeparam/chansimp.go	interpreted	gc-observation	runtime.SetFinalizer+runtime.GC on interpreter-owned values: D7's ground (165 D9)	testdir_test.go:153: command exceeded time limit	testdir	FAIL	CATALOG	EXCLUDED	61.2
PASS	testdir:typeparam/chansimp.go	native				testdir	PASS	-	-	0.11
PASS	testdir:typeparam/combine.go	compiled				testdir	PASS	-	-	0.25
PASS	testdir:typeparam/combine.go	interpreted				testdir	PASS	-	-	0.9
PASS	testdir:typeparam/combine.go	native				testdir	PASS	-	-	0.07
PASS	testdir:typeparam/cons.go	compiled				testdir	PASS	-	-	0.26
PASS	testdir:typeparam/cons.go	interpreted				testdir	PASS	-	FIXED	0.92
PASS	testdir:typeparam/cons.go	native				testdir	PASS	-	-	0.08
PASS	testdir:typeparam/dedup.go	compiled				testdir	PASS	-	-	0.2
PASS	testdir:typeparam/dedup.go	interpreted				testdir	PASS	-	-	0.05
PASS	testdir:typeparam/dedup.go	native				testdir	PASS	-	-	0.07
PASS	testdir:typeparam/devirtualize1.go	compiled				testdir	PASS	-	-	0.13
PASS	testdir:typeparam/devirtualize1.go	interpreted				testdir	PASS	-	-	0.02
PASS	testdir:typeparam/devirtualize1.go	native				testdir	PASS	-	-	0.05
PASS	testdir:typeparam/devirtualize2.go	compiled				testdir	PASS	-	-	0.13
PASS	testdir:typeparam/devirtualize2.go	interpreted				testdir	PASS	-	-	0.02
PASS	testdir:typeparam/devirtualize2.go	native				testdir	PASS	-	-	0.05
PASS	testdir:typeparam/dictionaryCapture-noinline.go	compiled				testdir	PASS	-	-	0.15
PASS	testdir:typeparam/dictionaryCapture-noinline.go	interpreted				testdir	PASS	-	-	0.03
PASS	testdir:typeparam/dictionaryCapture-noinline.go	native				testdir	PASS	-	-	0.08
PASS	testdir:typeparam/dictionaryCapture.go	compiled				testdir	PASS	-	-	0.28
PASS	testdir:typeparam/dictionaryCapture.go	interpreted				testdir	PASS	-	-	0.93
PASS	testdir:typeparam/dictionaryCapture.go	native				testdir	PASS	-	-	0.08
PASS	testdir:typeparam/dottype.go	compiled				testdir	PASS	-	-	0.14
PASS	testdir:typeparam/dottype.go	interpreted				testdir	PASS	-	-	0.03
PASS	testdir:typeparam/dottype.go	native				testdir	PASS	-	-	0.06
PASS	testdir:typeparam/double.go	compiled				testdir	PASS	-	-	0.26
PASS	testdir:typeparam/double.go	interpreted				testdir	PASS	-	-	1.04
PASS	testdir:typeparam/double.go	native				testdir	PASS	-	-	0.07
PASS	testdir:typeparam/eface.go	compiled				testdir	PASS	-	-	0.13
PASS	testdir:typeparam/eface.go	interpreted				testdir	PASS	-	-	0.02
PASS	testdir:typeparam/eface.go	native				testdir	PASS	-	-	0.05
PASS	testdir:typeparam/equal.go	compiled				testdir	PASS	-	-	0.13
PASS	testdir:typeparam/equal.go	interpreted				testdir	PASS	-	-	0.03
PASS	testdir:typeparam/equal.go	native				testdir	PASS	-	-	0.05
PASS	testdir:typeparam/fact.go	compiled				testdir	PASS	-	-	0.26
PASS	testdir:typeparam/fact.go	interpreted				testdir	PASS	-	-	0.89
PASS	testdir:typeparam/fact.go	native				testdir	PASS	-	-	0.07
PASS	testdir:typeparam/factimp.go	compiled				testdir	PASS	-	-	0.19
PASS	testdir:typeparam/factimp.go	interpreted				testdir	PASS	-	-	0.94
PASS	testdir:typeparam/factimp.go	native				testdir	PASS	-	-	0.07
PASS	testdir:typeparam/gencrawler.go	compiled				testdir	PASS	-	-	0.13
PASS	testdir:typeparam/gencrawler.go	interpreted				testdir	PASS	-	-	0.03
PASS	testdir:typeparam/gencrawler.go	native				testdir	PASS	-	-	0.06
PASS	testdir:typeparam/genembed.go	compiled				testdir	PASS	-	-	0.26
PASS	testdir:typeparam/genembed.go	interpreted				testdir	PASS	-	FIXED	0.95
PASS	testdir:typeparam/genembed.go	native				testdir	PASS	-	-	0.06
PASS	testdir:typeparam/genembed2.go	compiled				testdir	PASS	-	-	0.25
PASS	testdir:typeparam/genembed2.go	interpreted				testdir	PASS	-	-	1
PASS	testdir:typeparam/genembed2.go	native				testdir	PASS	-	-	0.07
PASS	testdir:typeparam/geninline.go	compiled				testdir	PASS	-	-	0.13
PASS	testdir:typeparam/geninline.go	interpreted				testdir	PASS	-	-	0.03
PASS	testdir:typeparam/geninline.go	native				testdir	PASS	-	-	0.06
PASS	testdir:typeparam/graph.go	compiled				testdir	PASS	-	-	0.35
PASS	testdir:typeparam/graph.go	interpreted				testdir	PASS	-	-	1.18
PASS	testdir:typeparam/graph.go	native				testdir	PASS	-	-	0.07
PASS	testdir:typeparam/ifaceconv.go	compiled				testdir	PASS	-	-	0.25
PASS	testdir:typeparam/ifaceconv.go	interpreted				testdir	PASS	-	-	0.87
PASS	testdir:typeparam/ifaceconv.go	native				testdir	PASS	-	-	0.06
PASS	testdir:typeparam/importtest.go	compiled				testdir	PASS	-	-	0.09
PASS	testdir:typeparam/importtest.go	interpreted				testdir	PASS	-	-	0.06
PASS	testdir:typeparam/importtest.go	native				testdir	PASS	-	-	0.01
PASS	testdir:typeparam/index.go	compiled				testdir	PASS	-	-	0.26
PASS	testdir:typeparam/index.go	interpreted				testdir	PASS	-	-	0.95
PASS	testdir:typeparam/index.go	native				testdir	PASS	-	-	0.07
PASS	testdir:typeparam/index2.go	compiled				testdir	PASS	-	-	0.26
PASS	testdir:typeparam/index2.go	interpreted				testdir	PASS	-	-	0.84
PASS	testdir:typeparam/index2.go	native				testdir	PASS	-	-	0.07
PASS	testdir:typeparam/interfacearg.go	compiled				testdir	PASS	-	-	0.13
PASS	testdir:typeparam/interfacearg.go	interpreted				testdir	PASS	-	-	0.02
PASS	testdir:typeparam/interfacearg.go	native				testdir	PASS	-	-	0.05
PASS	testdir:typeparam/issue23536.go	compiled				testdir	PASS	-	-	0.13
PASS	testdir:typeparam/issue23536.go	interpreted				testdir	PASS	-	-	0.02
PASS	testdir:typeparam/issue23536.go	native				testdir	PASS	-	-	0.04
PASS	testdir:typeparam/issue376214.go	compiled				testdir	PASS	-	-	0.13
PASS	testdir:typeparam/issue376214.go	interpreted				testdir	PASS	-	-	0.02
PASS	testdir:typeparam/issue376214.go	native				testdir	PASS	-	-	0.05
PASS	testdir:typeparam/issue39755.go	compiled				testdir	PASS	-	-	0.04
PASS	testdir:typeparam/issue39755.go	interpreted				testdir	PASS	-	-	0.01
PASS	testdir:typeparam/issue39755.go	native				testdir	PASS	-	-	0.01
PASS	testdir:typeparam/issue42758.go	compiled				testdir	PASS	-	-	0.14
PASS	testdir:typeparam/issue42758.go	interpreted				testdir	PASS	-	-	0.02
PASS	testdir:typeparam/issue42758.go	native				testdir	PASS	-	-	0.05
PASS	testdir:typeparam/issue44688.go	compiled				testdir	PASS	-	-	0.14
PASS	testdir:typeparam/issue44688.go	interpreted				testdir	PASS	-	-	0.02
PASS	testdir:typeparam/issue44688.go	native				testdir	PASS	-	-	0.05
PASS	testdir:typeparam/issue45547.go	compiled				testdir	PASS	-	-	0.04
PASS	testdir:typeparam/issue45547.go	interpreted				testdir	PASS	-	-	0.01
PASS	testdir:typeparam/issue45547.go	native				testdir	PASS	-	-	0.01
PASS	testdir:typeparam/issue45722.go	compiled				testdir	PASS	-	-	0.34
PASS	testdir:typeparam/issue45722.go	interpreted				testdir	PASS	-	-	1.03
PASS	testdir:typeparam/issue45722.go	native				testdir	PASS	-	-	0.06
PASS	testdir:typeparam/issue45738.go	compiled				testdir	PASS	-	-	0.05
PASS	testdir:typeparam/issue45738.go	interpreted				testdir	PASS	-	-	0.01
PASS	testdir:typeparam/issue45738.go	native				testdir	PASS	-	-	0.01
PASS	testdir:typeparam/issue45817.go	compiled				testdir	PASS	-	-	0.25
PASS	testdir:typeparam/issue45817.go	interpreted				testdir	PASS	-	-	0.86
PASS	testdir:typeparam/issue45817.go	native				testdir	PASS	-	-	0.06
PASS	testdir:typeparam/issue46461.go	compiled				testdir	PASS	-	-	0.05
PASS	testdir:typeparam/issue46461.go	interpreted				testdir	PASS	-	-	0.01
PASS	testdir:typeparam/issue46461.go	native				testdir	PASS	-	-	0.01
PASS	testdir:typeparam/issue46461b.go	compiled				testdir	PASS	-	-	0.09
PASS	testdir:typeparam/issue46461b.go	interpreted				testdir	PASS	-	-	0.02
PASS	testdir:typeparam/issue46461b.go	native				testdir	PASS	-	-	0.02
PASS	testdir:typeparam/issue46472.go	compiled				testdir	PASS	-	-	0.14
PASS	testdir:typeparam/issue46472.go	interpreted				testdir	PASS	-	-	0.02
PASS	testdir:typeparam/issue46472.go	native				testdir	PASS	-	-	0.05
PASS	testdir:typeparam/issue46591.go	compiled				testdir	PASS	-	-	0.14
PASS	testdir:typeparam/issue46591.go	interpreted				testdir	PASS	-	-	0.02
PASS	testdir:typeparam/issue46591.go	native				testdir	PASS	-	-	0.05
PASS	testdir:typeparam/issue47258.go	compiled				testdir	PASS	-	-	0.26
PASS	testdir:typeparam/issue47258.go	interpreted				testdir	PASS	-	-	0.83
PASS	testdir:typeparam/issue47258.go	native				testdir	PASS	-	-	0.06
PASS	testdir:typeparam/issue47272.go	compiled				testdir	PASS	-	-	0.34
PASS	testdir:typeparam/issue47272.go	interpreted				testdir	PASS	-	-	1.03
PASS	testdir:typeparam/issue47272.go	native				testdir	PASS	-	-	0.07
PASS	testdir:typeparam/issue47514.go	compiled				testdir	PASS	-	-	0.14
PASS	testdir:typeparam/issue47514.go	interpreted				testdir	PASS	-	-	0.02
PASS	testdir:typeparam/issue47514.go	native				testdir	PASS	-	-	0.05
PASS	testdir:typeparam/issue47514b.go	compiled				testdir	PASS	-	-	0.14
PASS	testdir:typeparam/issue47514b.go	interpreted				testdir	PASS	-	-	0.02
PASS	testdir:typeparam/issue47514b.go	native				testdir	PASS	-	-	0.05
PASS	testdir:typeparam/issue47514c.go	compiled				testdir	PASS	-	-	0.12
PASS	testdir:typeparam/issue47514c.go	interpreted				testdir	PASS	-	-	0.03
PASS	testdir:typeparam/issue47514c.go	native				testdir	PASS	-	-	0.05
PASS	testdir:typeparam/issue47631.go	compiled				testdir	PASS	-	-	0.04
PASS	testdir:typeparam/issue47631.go	interpreted				testdir	PASS	-	-	0.01
PASS	testdir:typeparam/issue47631.go	native				testdir	PASS	-	-	0.01
PASS	testdir:typeparam/issue47676.go	compiled				testdir	PASS	-	-	0.14
PASS	testdir:typeparam/issue47676.go	interpreted				testdir	PASS	-	-	0.02
PASS	testdir:typeparam/issue47676.go	native				testdir	PASS	-	-	0.05
PASS	testdir:typeparam/issue47684.go	compiled				testdir	PASS	-	-	0.14
PASS	testdir:typeparam/issue47684.go	interpreted				testdir	PASS	-	-	0.02
PASS	testdir:typeparam/issue47684.go	native				testdir	PASS	-	-	0.05
PASS	testdir:typeparam/issue47684b.go	compiled				testdir	PASS	-	-	0.15
PASS	testdir:typeparam/issue47684b.go	interpreted				testdir	PASS	-	-	0.02
PASS	testdir:typeparam/issue47684b.go	native				testdir	PASS	-	-	0.04
PASS	testdir:typeparam/issue47684c.go	compiled				testdir	PASS	-	-	0.15
PASS	testdir:typeparam/issue47684c.go	interpreted				testdir	PASS	-	-	0.02
PASS	testdir:typeparam/issue47684c.go	native				testdir	PASS	-	-	0.05
PASS	testdir:typeparam/issue47708.go	compiled				testdir	PASS	-	-	0.15
PASS	testdir:typeparam/issue47708.go	interpreted				testdir	PASS	-	-	0.02
PASS	testdir:typeparam/issue47708.go	native				testdir	PASS	-	-	0.04
PASS	testdir:typeparam/issue47710.go	compiled				testdir	PASS	-	-	0.05
PASS	testdir:typeparam/issue47710.go	interpreted				testdir	PASS	-	-	0.01
PASS	testdir:typeparam/issue47710.go	native				testdir	PASS	-	-	0.01
PASS	testdir:typeparam/issue47713.go	compiled				testdir	PASS	-	-	0.29
PASS	testdir:typeparam/issue47713.go	interpreted				testdir	PASS	-	-	0.89
PASS	testdir:typeparam/issue47713.go	native				testdir	PASS	-	-	0.07
PASS	testdir:typeparam/issue47716.go	compiled				testdir	PASS	-	-	0.26
PASS	testdir:typeparam/issue47716.go	interpreted				testdir	PASS	-	-	0.88
PASS	testdir:typeparam/issue47716.go	native				testdir	PASS	-	-	0.06
PASS	testdir:typeparam/issue47723.go	compiled				testdir	PASS	-	-	0.14
PASS	testdir:typeparam/issue47723.go	interpreted				testdir	PASS	-	-	0.02
PASS	testdir:typeparam/issue47723.go	native				testdir	PASS	-	-	0.05
PASS	testdir:typeparam/issue47740.go	compiled				testdir	PASS	-	-	0.24
PASS	testdir:typeparam/issue47740.go	interpreted				testdir	PASS	-	-	0.84
PASS	testdir:typeparam/issue47740.go	native				testdir	PASS	-	-	0.06
PASS	testdir:typeparam/issue47740b.go	compiled				testdir	PASS	-	-	0.22
PASS	testdir:typeparam/issue47740b.go	interpreted				testdir	PASS	-	-	0.83
PASS	testdir:typeparam/issue47740b.go	native				testdir	PASS	-	-	0.07
PASS	testdir:typeparam/issue47775.go	compiled				testdir	PASS	-	-	0.13
PASS	testdir:typeparam/issue47775.go	interpreted				testdir	PASS	-	-	0.03
PASS	testdir:typeparam/issue47775.go	native				testdir	PASS	-	-	0.05
PASS	testdir:typeparam/issue47775b.go	compiled				testdir	PASS	-	-	0.14
PASS	testdir:typeparam/issue47775b.go	interpreted				testdir	PASS	-	-	0.02
PASS	testdir:typeparam/issue47775b.go	native				testdir	PASS	-	-	0.05
PASS	testdir:typeparam/issue47797.go	compiled				testdir	PASS	-	-	0.05
PASS	testdir:typeparam/issue47797.go	interpreted				testdir	PASS	-	-	0.01
PASS	testdir:typeparam/issue47797.go	native				testdir	PASS	-	-	0.01
PASS	testdir:typeparam/issue47877.go	compiled				testdir	PASS	-	-	0.15
PASS	testdir:typeparam/issue47877.go	interpreted				testdir	PASS	-	-	0.02
PASS	testdir:typeparam/issue47877.go	native				testdir	PASS	-	-	0.05
PASS	testdir:typeparam/issue47878.go	compiled				testdir	PASS	-	-	0.07
PASS	testdir:typeparam/issue47878.go	interpreted				testdir	PASS	-	-	0.01
PASS	testdir:typeparam/issue47878.go	native				testdir	PASS	-	-	0.01
PASS	testdir:typeparam/issue47892.go	compiled				testdir	PASS	-	-	0.15
PASS	testdir:typeparam/issue47892.go	interpreted				testdir	PASS	-	-	0.04
PASS	testdir:typeparam/issue47892.go	native				testdir	PASS	-	-	0.05
PASS	testdir:typeparam/issue47892b.go	compiled				testdir	PASS	-	-	0.1
PASS	testdir:typeparam/issue47892b.go	interpreted				testdir	PASS	-	-	0.02
PASS	testdir:typeparam/issue47892b.go	native				testdir	PASS	-	-	0.02
PASS	testdir:typeparam/issue47896.go	compiled				testdir	PASS	-	-	0.13
PASS	testdir:typeparam/issue47896.go	interpreted				testdir	PASS	-	-	0.06
PASS	testdir:typeparam/issue47896.go	native				testdir	PASS	-	-	0.03
PASS	testdir:typeparam/issue47901.go	compiled				testdir	PASS	-	-	0.13
PASS	testdir:typeparam/issue47901.go	interpreted				testdir	PASS	-	-	0.02
PASS	testdir:typeparam/issue47901.go	native				testdir	PASS	-	-	0.05
PASS	testdir:typeparam/issue47924.go	compiled				testdir	PASS	-	-	0.06
PASS	testdir:typeparam/issue47924.go	interpreted				testdir	PASS	-	-	0.01
PASS	testdir:typeparam/issue47924.go	native				testdir	PASS	-	-	0.01
PASS	testdir:typeparam/issue47925.go	compiled				testdir	PASS	-	-	0.14
PASS	testdir:typeparam/issue47925.go	interpreted				testdir	PASS	-	-	0.02
PASS	testdir:typeparam/issue47925.go	native				testdir	PASS	-	-	0.05
PASS	testdir:typeparam/issue47925b.go	compiled				testdir	PASS	-	-	0.15
PASS	testdir:typeparam/issue47925b.go	interpreted				testdir	PASS	-	-	0.02
PASS	testdir:typeparam/issue47925b.go	native				testdir	PASS	-	-	0.05
PASS	testdir:typeparam/issue47925c.go	compiled				testdir	PASS	-	-	0.14
PASS	testdir:typeparam/issue47925c.go	interpreted				testdir	PASS	-	-	0.02
PASS	testdir:typeparam/issue47925c.go	native				testdir	PASS	-	-	0.04
PASS	testdir:typeparam/issue47925d.go	compiled				testdir	PASS	-	-	0.14
PASS	testdir:typeparam/issue47925d.go	interpreted				testdir	PASS	-	-	0.02
PASS	testdir:typeparam/issue47925d.go	native				testdir	PASS	-	-	0.04
PASS	testdir:typeparam/issue47929.go	compiled				testdir	PASS	-	-	0.05
PASS	testdir:typeparam/issue47929.go	interpreted				testdir	PASS	-	-	0.01
PASS	testdir:typeparam/issue47929.go	native				testdir	PASS	-	-	0.01
PASS	testdir:typeparam/issue47948.go	compiled				testdir	PASS	-	-	0.06
PASS	testdir:typeparam/issue47948.go	interpreted				testdir	PASS	-	-	0.01
PASS	testdir:typeparam/issue47948.go	native				testdir	PASS	-	-	0.01
PASS	testdir:typeparam/issue47966.go	compiled				testdir	PASS	-	-	0.04
PASS	testdir:typeparam/issue47966.go	interpreted				testdir	PASS	-	-	0.01
PASS	testdir:typeparam/issue47966.go	native				testdir	PASS	-	-	0.01
PASS	testdir:typeparam/issue48013.go	compiled				testdir	PASS	-	-	0.26
PASS	testdir:typeparam/issue48013.go	interpreted				testdir	PASS	-	-	0.87
PASS	testdir:typeparam/issue48013.go	native				testdir	PASS	-	-	0.06
PASS	testdir:typeparam/issue48016.go	compiled				testdir	PASS	-	-	0.27
PASS	testdir:typeparam/issue48016.go	interpreted				testdir	PASS	-	-	0.95
PASS	testdir:typeparam/issue48016.go	native				testdir	PASS	-	-	0.07
PASS	testdir:typeparam/issue48030.go	compiled				testdir	PASS	-	-	0.15
PASS	testdir:typeparam/issue48030.go	interpreted				testdir	PASS	-	-	0.02
PASS	testdir:typeparam/issue48030.go	native				testdir	PASS	-	-	0.05
PASS	testdir:typeparam/issue48042.go	compiled				testdir	PASS	-	-	0.29
PASS	testdir:typeparam/issue48042.go	interpreted				testdir	PASS	-	FIXED	1.02
PASS	testdir:typeparam/issue48042.go	native				testdir	PASS	-	-	0.08
PASS	testdir:typeparam/issue48047.go	compiled				testdir	PASS	-	-	0.16
PASS	testdir:typeparam/issue48047.go	interpreted				testdir	PASS	-	-	0.02
PASS	testdir:typeparam/issue48047.go	native				testdir	PASS	-	-	0.05
PASS	testdir:typeparam/issue48049.go	compiled				testdir	PASS	-	-	0.14
PASS	testdir:typeparam/issue48049.go	interpreted				testdir	PASS	-	-	0.02
PASS	testdir:typeparam/issue48049.go	native				testdir	PASS	-	-	0.05
PASS	testdir:typeparam/issue48056.go	compiled				testdir	PASS	-	-	0.04
PASS	testdir:typeparam/issue48056.go	interpreted				testdir	PASS	-	-	0.01
PASS	testdir:typeparam/issue48056.go	native				testdir	PASS	-	-	0.01
PASS	testdir:typeparam/issue48094.go	compiled				testdir	PASS	-	-	0.13
PASS	testdir:typeparam/issue48094.go	interpreted				testdir	PASS	-	-	0.7
PASS	testdir:typeparam/issue48094.go	native				testdir	PASS	-	-	0.05
PASS	testdir:typeparam/issue48094b.go	compiled				testdir	PASS	-	-	0.1
PASS	testdir:typeparam/issue48094b.go	interpreted				testdir	PASS	-	-	0.03
PASS	testdir:typeparam/issue48094b.go	native				testdir	PASS	-	-	0.02
PASS	testdir:typeparam/issue48137.go	compiled				testdir	PASS	-	-	0.14
PASS	testdir:typeparam/issue48137.go	interpreted				testdir	PASS	-	-	0.02
PASS	testdir:typeparam/issue48137.go	native				testdir	PASS	-	-	0.05
PASS	testdir:typeparam/issue48185a.go	compiled				testdir	PASS	-	-	0.14
PASS	testdir:typeparam/issue48185a.go	interpreted				testdir	PASS	-	-	0.04
PASS	testdir:typeparam/issue48185a.go	native				testdir	PASS	-	-	0.05
PASS	testdir:typeparam/issue48185b.go	compiled				testdir	PASS	-	-	0.44
PASS	testdir:typeparam/issue48185b.go	interpreted				testdir	PASS	-	-	1.49
PASS	testdir:typeparam/issue48185b.go	native				testdir	PASS	-	-	0.2
PASS	testdir:typeparam/issue48191.go	compiled				testdir	PASS	-	-	0.11
PASS	testdir:typeparam/issue48191.go	interpreted				testdir	PASS	-	-	0.02
PASS	testdir:typeparam/issue48191.go	native				testdir	PASS	-	-	0.03
PASS	testdir:typeparam/issue48198.go	compiled				testdir	PASS	-	-	0.06
PASS	testdir:typeparam/issue48198.go	interpreted				testdir	PASS	-	-	0.01
PASS	testdir:typeparam/issue48198.go	native				testdir	PASS	-	-	0.01
PASS	testdir:typeparam/issue48225.go	compiled				testdir	PASS	-	-	0.26
PASS	testdir:typeparam/issue48225.go	interpreted				testdir	PASS	-	-	0.87
PASS	testdir:typeparam/issue48225.go	native				testdir	PASS	-	-	0.06
PASS	testdir:typeparam/issue48253.go	compiled				testdir	PASS	-	-	0.24
PASS	testdir:typeparam/issue48253.go	interpreted				testdir	PASS	-	-	0.91
PASS	testdir:typeparam/issue48253.go	native				testdir	PASS	-	-	0.06
PASS	testdir:typeparam/issue48276a.go	compiled				testdir	PASS	-	-	0.26
PASS	testdir:typeparam/issue48276a.go	interpreted				testdir	PASS	-	-	0.88
PASS	testdir:typeparam/issue48276a.go	native				testdir	PASS	-	-	0.06
PASS	testdir:typeparam/issue48276b.go	compiled				testdir	PASS	-	-	0.13
PASS	testdir:typeparam/issue48276b.go	interpreted				testdir	PASS	-	-	0.02
PASS	testdir:typeparam/issue48276b.go	native				testdir	PASS	-	-	0.04
PASS	testdir:typeparam/issue48280.go	compiled				testdir	PASS	-	-	0.13
PASS	testdir:typeparam/issue48280.go	interpreted				testdir	PASS	-	-	0.03
PASS	testdir:typeparam/issue48280.go	native				testdir	PASS	-	-	0.05
PASS	testdir:typeparam/issue48306.go	compiled				testdir	PASS	-	-	0.12
PASS	testdir:typeparam/issue48306.go	interpreted				testdir	PASS	-	-	0.03
PASS	testdir:typeparam/issue48306.go	native				testdir	PASS	-	-	0.06
PASS	testdir:typeparam/issue48317.go	compiled				testdir	PASS	-	-	0.3
PASS	testdir:typeparam/issue48317.go	interpreted				testdir	PASS	-	-	0.97
PASS	testdir:typeparam/issue48317.go	native				testdir	PASS	-	-	0.08
PASS	testdir:typeparam/issue48318.go	compiled				testdir	PASS	-	-	0.28
PASS	testdir:typeparam/issue48318.go	interpreted				testdir	PASS	-	-	1.03
PASS	testdir:typeparam/issue48318.go	native				testdir	PASS	-	-	0.07
PASS	testdir:typeparam/issue48337a.go	compiled				testdir	PASS	-	-	0.24
PASS	testdir:typeparam/issue48337a.go	interpreted				testdir	PASS	-	FIXED	1.06
PASS	testdir:typeparam/issue48337a.go	native				testdir	PASS	-	-	0.07
PASS	testdir:typeparam/issue48337b.go	compiled				testdir	PASS	-	-	0.14
PASS	testdir:typeparam/issue48337b.go	interpreted				testdir	PASS	-	-	0.03
PASS	testdir:typeparam/issue48337b.go	native				testdir	PASS	-	-	0.05
PASS	testdir:typeparam/issue48344.go	compiled				testdir	PASS	-	-	0.16
PASS	testdir:typeparam/issue48344.go	interpreted				testdir	PASS	-	-	0.02
PASS	testdir:typeparam/issue48344.go	native				testdir	PASS	-	-	0.05
PASS	testdir:typeparam/issue48424.go	compiled				testdir	PASS	-	-	0.16
PASS	testdir:typeparam/issue48424.go	interpreted				testdir	PASS	-	-	0.02
PASS	testdir:typeparam/issue48424.go	native				testdir	PASS	-	-	0.04
PASS	testdir:typeparam/issue48453.go	compiled				testdir	PASS	-	-	0.14
PASS	testdir:typeparam/issue48453.go	interpreted				testdir	PASS	-	-	0.02
PASS	testdir:typeparam/issue48453.go	native				testdir	PASS	-	-	0.05
PASS	testdir:typeparam/issue48454.go	compiled				testdir	PASS	-	-	0.29
PASS	testdir:typeparam/issue48454.go	interpreted				testdir	PASS	-	-	0.93
PASS	testdir:typeparam/issue48454.go	native				testdir	PASS	-	-	0.06
PASS	testdir:typeparam/issue48462.go	compiled				testdir	PASS	-	-	0.21
PASS	testdir:typeparam/issue48462.go	interpreted				testdir	PASS	-	-	1.03
PASS	testdir:typeparam/issue48462.go	native				testdir	PASS	-	-	0.07
PASS	testdir:typeparam/issue48537.go	compiled				testdir	PASS	-	-	0.05
PASS	testdir:typeparam/issue48537.go	interpreted				testdir	PASS	-	-	0.01
PASS	testdir:typeparam/issue48537.go	native				testdir	PASS	-	-	0.01
PASS	testdir:typeparam/issue48538.go	compiled				testdir	PASS	-	-	0.04
PASS	testdir:typeparam/issue48538.go	interpreted				testdir	PASS	-	-	0.01
PASS	testdir:typeparam/issue48538.go	native				testdir	PASS	-	-	0.01
PASS	testdir:typeparam/issue48598.go	compiled				testdir	PASS	-	-	0.13
PASS	testdir:typeparam/issue48598.go	interpreted				testdir	PASS	-	-	0.02
PASS	testdir:typeparam/issue48598.go	native				testdir	PASS	-	-	0.05
PASS	testdir:typeparam/issue48602.go	compiled				testdir	PASS	-	-	0.13
PASS	testdir:typeparam/issue48602.go	interpreted				testdir	PASS	-	-	0.02
PASS	testdir:typeparam/issue48602.go	native				testdir	PASS	-	-	0.05
PASS	testdir:typeparam/issue48604.go	compiled				testdir	PASS	-	-	0.13
PASS	testdir:typeparam/issue48604.go	interpreted				testdir	PASS	-	-	0.01
PASS	testdir:typeparam/issue48604.go	native				testdir	PASS	-	-	0.09
PASS	testdir:typeparam/issue48609.go	compiled				testdir	PASS	-	-	0.04
PASS	testdir:typeparam/issue48609.go	interpreted				testdir	PASS	-	-	0.01
PASS	testdir:typeparam/issue48609.go	native				testdir	PASS	-	-	0.01
PASS	testdir:typeparam/issue48617.go	compiled				testdir	PASS	-	-	0.13
PASS	testdir:typeparam/issue48617.go	interpreted				testdir	PASS	-	-	0.03
PASS	testdir:typeparam/issue48617.go	native				testdir	PASS	-	-	0.05
PASS	testdir:typeparam/issue48645a.go	compiled				testdir	PASS	-	-	0.26
PASS	testdir:typeparam/issue48645a.go	interpreted				testdir	PASS	-	-	1.1
PASS	testdir:typeparam/issue48645a.go	native				testdir	PASS	-	-	0.08
PASS	testdir:typeparam/issue48645b.go	compiled				testdir	PASS	-	-	0.14
PASS	testdir:typeparam/issue48645b.go	interpreted				testdir	PASS	-	-	0.03
PASS	testdir:typeparam/issue48645b.go	native				testdir	PASS	-	-	0.05
PASS	testdir:typeparam/issue48711.go	compiled				testdir	PASS	-	-	0.01
PASS	testdir:typeparam/issue48711.go	interpreted				testdir	PASS	-	-	0.01
PASS	testdir:typeparam/issue48711.go	native				testdir	PASS	-	-	0.01
PASS	testdir:typeparam/issue48716.go	compiled				testdir	PASS	-	-	0.14
PASS	testdir:typeparam/issue48716.go	interpreted				testdir	PASS	-	-	0.04
PASS	testdir:typeparam/issue48716.go	native				testdir	PASS	-	-	0.07
PASS	testdir:typeparam/issue48838.go	compiled				testdir	PASS	-	-	0.13
PASS	testdir:typeparam/issue48838.go	interpreted				testdir	PASS	-	-	0.02
PASS	testdir:typeparam/issue48838.go	native				testdir	PASS	-	-	0.05
PASS	testdir:typeparam/issue48962.go	compiled				testdir	PASS	-	-	0.05
PASS	testdir:typeparam/issue48962.go	interpreted				testdir	PASS	-	-	0.02
PASS	testdir:typeparam/issue48962.go	native				testdir	PASS	-	-	0.02
PASS	testdir:typeparam/issue49027.go	compiled				testdir	PASS	-	-	0.22
PASS	testdir:typeparam/issue49027.go	interpreted				testdir	PASS	-	-	0.92
PASS	testdir:typeparam/issue49027.go	native				testdir	PASS	-	-	0.08
PASS	testdir:typeparam/issue49049.go	compiled				testdir	PASS	-	-	0.13
PASS	testdir:typeparam/issue49049.go	interpreted				testdir	PASS	-	-	0.02
PASS	testdir:typeparam/issue49049.go	native				testdir	PASS	-	-	0.05
PASS	testdir:typeparam/issue49241.go	compiled				testdir	PASS	-	-	0.19
PASS	testdir:typeparam/issue49241.go	interpreted				testdir	PASS	-	-	0.05
PASS	testdir:typeparam/issue49241.go	native				testdir	PASS	-	-	0.08
PASS	testdir:typeparam/issue49246.go	compiled				testdir	PASS	-	-	0.09
PASS	testdir:typeparam/issue49246.go	interpreted				testdir	PASS	-	-	0.02
PASS	testdir:typeparam/issue49246.go	native				testdir	PASS	-	-	0.02
PASS	testdir:typeparam/issue49295.go	compiled				testdir	PASS	-	-	0.22
PASS	testdir:typeparam/issue49295.go	interpreted				testdir	PASS	-	-	0.85
PASS	testdir:typeparam/issue49295.go	native				testdir	PASS	-	-	0.05
PASS	testdir:typeparam/issue49309.go	compiled				testdir	PASS	-	-	0.13
PASS	testdir:typeparam/issue49309.go	interpreted				testdir	PASS	-	-	0.02
PASS	testdir:typeparam/issue49309.go	native				testdir	PASS	-	-	0.05
PASS	testdir:typeparam/issue49421.go	compiled				testdir	PASS	-	-	0.14
PASS	testdir:typeparam/issue49421.go	interpreted				testdir	PASS	-	-	0.02
PASS	testdir:typeparam/issue49421.go	native				testdir	PASS	-	-	0.05
PASS	testdir:typeparam/issue49432.go	compiled				testdir	PASS	-	-	0.05
PASS	testdir:typeparam/issue49432.go	interpreted				testdir	PASS	-	-	0.01
PASS	testdir:typeparam/issue49432.go	native				testdir	PASS	-	-	0.01
PASS	testdir:typeparam/issue49497.go	compiled				testdir	PASS	-	-	0.12
PASS	testdir:typeparam/issue49497.go	interpreted				testdir	PASS	-	-	0.04
PASS	testdir:typeparam/issue49497.go	native				testdir	PASS	-	-	0.07
PASS	testdir:typeparam/issue49516.go	compiled				testdir	PASS	-	-	0.04
PASS	testdir:typeparam/issue49516.go	interpreted				testdir	PASS	-	-	0.01
PASS	testdir:typeparam/issue49516.go	native				testdir	PASS	-	-	0.01
PASS	testdir:typeparam/issue49524.go	compiled				testdir	PASS	-	-	0.12
PASS	testdir:typeparam/issue49524.go	interpreted				testdir	PASS	-	-	0.04
PASS	testdir:typeparam/issue49524.go	native				testdir	PASS	-	-	0.06
PASS	testdir:typeparam/issue49536.go	compiled				testdir	PASS	-	-	0.09
PASS	testdir:typeparam/issue49536.go	interpreted				testdir	PASS	-	-	0.02
PASS	testdir:typeparam/issue49536.go	native				testdir	PASS	-	-	0.04
PASS	testdir:typeparam/issue49538.go	compiled				testdir	PASS	-	-	0.04
PASS	testdir:typeparam/issue49538.go	interpreted				testdir	PASS	-	-	0.01
PASS	testdir:typeparam/issue49538.go	native				testdir	PASS	-	-	0.01
PASS	testdir:typeparam/issue49547.go	compiled				testdir	PASS	-	-	0.25
PASS	testdir:typeparam/issue49547.go	interpreted				testdir	PASS	-	FIXED	0.89
PASS	testdir:typeparam/issue49547.go	native				testdir	PASS	-	-	0.07
PASS	testdir:typeparam/issue49611.go	compiled				testdir	PASS	-	-	0.04
PASS	testdir:typeparam/issue49611.go	interpreted				testdir	PASS	-	-	0.01
PASS	testdir:typeparam/issue49611.go	native				testdir	PASS	-	-	0.01
PASS	testdir:typeparam/issue49659.go	compiled				testdir	PASS	-	-	0.08
PASS	testdir:typeparam/issue49659.go	interpreted				testdir	PASS	-	-	0.02
PASS	testdir:typeparam/issue49659.go	native				testdir	PASS	-	-	0.02
PASS	testdir:typeparam/issue49659b.go	compiled				testdir	PASS	-	-	0.13
PASS	testdir:typeparam/issue49659b.go	interpreted				testdir	PASS	-	-	0.02
PASS	testdir:typeparam/issue49659b.go	native				testdir	PASS	-	-	0.05
PASS	testdir:typeparam/issue49667.go	compiled				testdir	PASS	-	-	0.17
PASS	testdir:typeparam/issue49667.go	interpreted				testdir	PASS	-	-	0.05
PASS	testdir:typeparam/issue49667.go	native				testdir	PASS	-	-	0.06
PASS	testdir:typeparam/issue49875.go	compiled				testdir	PASS	-	-	0.04
PASS	testdir:typeparam/issue49875.go	interpreted				testdir	PASS	-	-	0.01
PASS	testdir:typeparam/issue49875.go	native				testdir	PASS	-	-	0.01
PASS	testdir:typeparam/issue49893.go	compiled				testdir	PASS	-	-	0.19
PASS	testdir:typeparam/issue49893.go	interpreted				testdir	PASS	-	-	0.09
PASS	testdir:typeparam/issue49893.go	native				testdir	PASS	-	-	0.03
PASS	testdir:typeparam/issue50002.go	compiled				testdir	PASS	-	-	0.26
PASS	testdir:typeparam/issue50002.go	interpreted				testdir	PASS	-	FIXED	0.92
PASS	testdir:typeparam/issue50002.go	native				testdir	PASS	-	-	0.08
PASS	testdir:typeparam/issue50109.go	compiled				testdir	PASS	-	-	0.27
PASS	testdir:typeparam/issue50109.go	interpreted				testdir	PASS	-	FIXED	0.94
PASS	testdir:typeparam/issue50109.go	native				testdir	PASS	-	-	0.08
PASS	testdir:typeparam/issue50109b.go	compiled				testdir	PASS	-	-	0.13
PASS	testdir:typeparam/issue50109b.go	interpreted				testdir	PASS	-	-	0.02
PASS	testdir:typeparam/issue50109b.go	native				testdir	PASS	-	-	0.05
PASS	testdir:typeparam/issue50121.go	compiled				testdir	PASS	-	-	0.2
PASS	testdir:typeparam/issue50121.go	interpreted				testdir	PASS	-	-	0.96
PASS	testdir:typeparam/issue50121.go	native				testdir	PASS	-	-	0.07
PASS	testdir:typeparam/issue50121b.go	compiled				testdir	PASS	-	-	0.32
PASS	testdir:typeparam/issue50121b.go	interpreted				testdir	PASS	-	-	0.97
PASS	testdir:typeparam/issue50121b.go	native				testdir	PASS	-	-	0.1
PASS	testdir:typeparam/issue50147.go	compiled				testdir	PASS	-	-	0.04
PASS	testdir:typeparam/issue50147.go	interpreted				testdir	PASS	-	-	0.01
PASS	testdir:typeparam/issue50147.go	native				testdir	PASS	-	-	0.01
PASS	testdir:typeparam/issue50177.go	compiled				testdir	PASS	-	-	0.1
PASS	testdir:typeparam/issue50177.go	interpreted				testdir	PASS	-	-	0.06
PASS	testdir:typeparam/issue50177.go	native				testdir	PASS	-	-	0.02
PASS	testdir:typeparam/issue50193.go	compiled				testdir	PASS	-	-	0.25
PASS	testdir:typeparam/issue50193.go	interpreted				testdir	PASS	-	-	0.91
PASS	testdir:typeparam/issue50193.go	native				testdir	PASS	-	-	0.07
PASS	testdir:typeparam/issue50259.go	compiled				testdir	PASS	-	-	0.05
PASS	testdir:typeparam/issue50259.go	interpreted				testdir	PASS	-	-	0.01
PASS	testdir:typeparam/issue50259.go	native				testdir	PASS	-	-	0.01
PASS	testdir:typeparam/issue50264.go	compiled				testdir	PASS	-	-	0.13
PASS	testdir:typeparam/issue50264.go	interpreted				testdir	PASS	-	-	0.02
PASS	testdir:typeparam/issue50264.go	native				testdir	PASS	-	-	0.05
PASS	testdir:typeparam/issue50317.go	compiled				testdir	PASS	-	-	0.01
PASS	testdir:typeparam/issue50317.go	interpreted				testdir	PASS	-	-	0.01
PASS	testdir:typeparam/issue50317.go	native				testdir	PASS	-	-	0.01
PASS	testdir:typeparam/issue50417.go	compiled				testdir	PASS	-	-	0.13
PASS	testdir:typeparam/issue50417.go	interpreted				testdir	PASS	-	-	0.02
PASS	testdir:typeparam/issue50417.go	native				testdir	PASS	-	-	0.05
PASS	testdir:typeparam/issue50417b.go	compiled				testdir	PASS	-	-	0.13
PASS	testdir:typeparam/issue50417b.go	interpreted				testdir	PASS	-	-	0.02
PASS	testdir:typeparam/issue50417b.go	native				testdir	PASS	-	-	0.05
PASS	testdir:typeparam/issue50419.go	compiled				testdir	PASS	-	-	0.26
PASS	testdir:typeparam/issue50419.go	interpreted				testdir	PASS	-	-	0.91
PASS	testdir:typeparam/issue50419.go	native				testdir	PASS	-	-	0.06
PASS	testdir:typeparam/issue50437.go	compiled				testdir	PASS	-	-	0.09
PASS	testdir:typeparam/issue50437.go	interpreted				testdir	PASS	-	-	0.02
PASS	testdir:typeparam/issue50437.go	native				testdir	PASS	-	-	0.02
PASS	testdir:typeparam/issue50481b.go	compiled				testdir	PASS	-	-	0.23
PASS	testdir:typeparam/issue50481b.go	interpreted				testdir	PASS	-	-	1.08
PASS	testdir:typeparam/issue50481b.go	native				testdir	PASS	-	-	0.07
PASS	testdir:typeparam/issue50481c.go	compiled				testdir	PASS	-	-	0.2
PASS	testdir:typeparam/issue50481c.go	interpreted				testdir	PASS	-	-	0.97
PASS	testdir:typeparam/issue50481c.go	native				testdir	PASS	-	-	0.07
PASS	testdir:typeparam/issue50485.go	compiled				testdir	PASS	-	-	0.25
PASS	testdir:typeparam/issue50485.go	interpreted				testdir	PASS	-	-	0.13
PASS	testdir:typeparam/issue50485.go	native				testdir	PASS	-	-	0.09
PASS	testdir:typeparam/issue50486.go	compiled				testdir	PASS	-	-	0.1
PASS	testdir:typeparam/issue50486.go	interpreted				testdir	PASS	-	-	0.02
PASS	testdir:typeparam/issue50486.go	native				testdir	PASS	-	-	0.03
PASS	testdir:typeparam/issue50552.go	compiled				testdir	PASS	-	-	0.15
PASS	testdir:typeparam/issue50552.go	interpreted				testdir	PASS	-	-	0.08
PASS	testdir:typeparam/issue50552.go	native				testdir	PASS	-	-	0.02
PASS	testdir:typeparam/issue50561.go	compiled				testdir	PASS	-	-	0.1
PASS	testdir:typeparam/issue50561.go	interpreted				testdir	PASS	-	-	0.02
PASS	testdir:typeparam/issue50561.go	native				testdir	PASS	-	-	0.03
PASS	testdir:typeparam/issue50598.go	compiled				testdir	PASS	-	-	0.3
PASS	testdir:typeparam/issue50598.go	interpreted				testdir	PASS	-	-	0.98
PASS	testdir:typeparam/issue50598.go	native				testdir	PASS	-	-	0.1
PASS	testdir:typeparam/issue50642.go	compiled				testdir	PASS	-	-	0.28
PASS	testdir:typeparam/issue50642.go	interpreted				testdir	PASS	-	-	0.94
PASS	testdir:typeparam/issue50642.go	native				testdir	PASS	-	-	0.07
PASS	testdir:typeparam/issue50690a.go	compiled				testdir	PASS	-	-	0.27
PASS	testdir:typeparam/issue50690a.go	interpreted				testdir	PASS	-	-	0.9
PASS	testdir:typeparam/issue50690a.go	native				testdir	PASS	-	-	0.07
PASS	testdir:typeparam/issue50690b.go	compiled				testdir	PASS	-	-	0.27
PASS	testdir:typeparam/issue50690b.go	interpreted				testdir	PASS	-	-	0.9
PASS	testdir:typeparam/issue50690b.go	native				testdir	PASS	-	-	0.08
PASS	testdir:typeparam/issue50690c.go	compiled				testdir	PASS	-	-	0.26
PASS	testdir:typeparam/issue50690c.go	interpreted				testdir	PASS	-	-	0.97
PASS	testdir:typeparam/issue50690c.go	native				testdir	PASS	-	-	0.08
PASS	testdir:typeparam/issue50833.go	compiled				testdir	PASS	-	-	0.14
PASS	testdir:typeparam/issue50833.go	interpreted				testdir	PASS	-	-	0.02
PASS	testdir:typeparam/issue50833.go	native				testdir	PASS	-	-	0.05
PASS	testdir:typeparam/issue50841.go	compiled				testdir	PASS	-	-	0.09
PASS	testdir:typeparam/issue50841.go	interpreted				testdir	PASS	-	-	0.02
PASS	testdir:typeparam/issue50841.go	native				testdir	PASS	-	-	0.02
PASS	testdir:typeparam/issue50993.go	compiled				testdir	PASS	-	-	0.08
PASS	testdir:typeparam/issue50993.go	interpreted				testdir	PASS	-	-	0.03
PASS	testdir:typeparam/issue50993.go	native				testdir	PASS	-	-	0.01
PASS	testdir:typeparam/issue51219.go	compiled				testdir	PASS	-	-	0.2
PASS	testdir:typeparam/issue51219.go	interpreted				testdir	PASS	-	-	0.96
PASS	testdir:typeparam/issue51219.go	native				testdir	PASS	-	-	0.08
PASS	testdir:typeparam/issue51219b.go	compiled				testdir	PASS	-	-	0.13
PASS	testdir:typeparam/issue51219b.go	interpreted				testdir	PASS	-	-	0.03
PASS	testdir:typeparam/issue51219b.go	native				testdir	PASS	-	-	0.03
PASS	testdir:typeparam/issue51232.go	compiled				testdir	PASS	-	-	0.01
PASS	testdir:typeparam/issue51232.go	interpreted				testdir	PASS	-	-	0.01
PASS	testdir:typeparam/issue51232.go	native				testdir	PASS	-	-	0.01
PASS	testdir:typeparam/issue51233.go	compiled				testdir	PASS	-	-	0.01
PASS	testdir:typeparam/issue51233.go	interpreted				testdir	PASS	-	-	0.01
PASS	testdir:typeparam/issue51233.go	native				testdir	PASS	-	-	0.01
PASS	testdir:typeparam/issue51236.go	compiled				testdir	PASS	-	-	0.14
PASS	testdir:typeparam/issue51236.go	interpreted				testdir	PASS	-	-	0.02
PASS	testdir:typeparam/issue51236.go	native				testdir	PASS	-	-	0.05
PASS	testdir:typeparam/issue51245.go	compiled				testdir	PASS	-	-	0.13
PASS	testdir:typeparam/issue51245.go	interpreted				testdir	PASS	-	-	0.01
PASS	testdir:typeparam/issue51245.go	native				testdir	PASS	-	-	0.09
PASS	testdir:typeparam/issue51250a.go	compiled				testdir	PASS	-	-	0.17
PASS	testdir:typeparam/issue51250a.go	interpreted				testdir	PASS	-	-	0.04
PASS	testdir:typeparam/issue51250a.go	native				testdir	PASS	-	-	0.07
PASS	testdir:typeparam/issue51303.go	compiled				testdir	PASS	-	-	0.27
PASS	testdir:typeparam/issue51303.go	interpreted				testdir	PASS	-	-	0.89
PASS	testdir:typeparam/issue51303.go	native				testdir	PASS	-	-	0.08
PASS	testdir:typeparam/issue51355.go	compiled				testdir	PASS	-	-	0.05
PASS	testdir:typeparam/issue51355.go	interpreted				testdir	PASS	-	-	0.01
PASS	testdir:typeparam/issue51355.go	native				testdir	PASS	-	-	0.01
PASS	testdir:typeparam/issue51367.go	compiled				testdir	PASS	-	-	0.12
PASS	testdir:typeparam/issue51367.go	interpreted				testdir	PASS	-	-	0.03
PASS	testdir:typeparam/issue51367.go	native				testdir	PASS	-	-	0.06
PASS	testdir:typeparam/issue51423.go	compiled				testdir	PASS	-	-	0.08
PASS	testdir:typeparam/issue51423.go	interpreted				testdir	PASS	-	-	0.03
PASS	testdir:typeparam/issue51423.go	native				testdir	PASS	-	-	4.08
PASS	testdir:typeparam/issue51521.go	compiled				testdir	PASS	-	-	0.35
PASS	testdir:typeparam/issue51521.go	interpreted				testdir	PASS	-	-	1.08
PASS	testdir:typeparam/issue51521.go	native				testdir	PASS	-	-	0.08
PASS	testdir:typeparam/issue51522a.go	compiled				testdir	PASS	-	-	0.14
PASS	testdir:typeparam/issue51522a.go	interpreted				testdir	PASS	-	-	0.02
PASS	testdir:typeparam/issue51522a.go	native				testdir	PASS	-	-	0.05
PASS	testdir:typeparam/issue51522b.go	compiled				testdir	PASS	-	-	0.14
PASS	testdir:typeparam/issue51522b.go	interpreted				testdir	PASS	-	-	0.02
PASS	testdir:typeparam/issue51522b.go	native				testdir	PASS	-	-	0.05
PASS	testdir:typeparam/issue51700.go	compiled				testdir	PASS	-	-	0.13
PASS	testdir:typeparam/issue51700.go	interpreted				testdir	PASS	-	-	0.02
PASS	testdir:typeparam/issue51700.go	native				testdir	PASS	-	-	0.05
PASS	testdir:typeparam/issue51765.go	compiled				testdir	PASS	-	-	0.07
PASS	testdir:typeparam/issue51765.go	interpreted				testdir	PASS	-	-	0.01
PASS	testdir:typeparam/issue51765.go	native				testdir	PASS	-	-	0.01
PASS	testdir:typeparam/issue51832.go	compiled				testdir	PASS	-	-	0.06
PASS	testdir:typeparam/issue51832.go	interpreted				testdir	PASS	-	-	0.01
PASS	testdir:typeparam/issue51832.go	native				testdir	PASS	-	-	0.01
PASS	testdir:typeparam/issue51836.go	compiled				testdir	PASS	-	-	0.16
PASS	testdir:typeparam/issue51836.go	interpreted				testdir	PASS	-	-	0.03
PASS	testdir:typeparam/issue51836.go	native				testdir	PASS	-	-	0.03
PASS	testdir:typeparam/issue51840.go	compiled				testdir	PASS	-	-	0.06
PASS	testdir:typeparam/issue51840.go	interpreted				testdir	PASS	-	-	0.01
PASS	testdir:typeparam/issue51840.go	native				testdir	PASS	-	-	0.01
PASS	testdir:typeparam/issue51909.go	compiled				testdir	PASS	-	-	0.05
PASS	testdir:typeparam/issue51909.go	interpreted				testdir	PASS	-	-	0.01
PASS	testdir:typeparam/issue51909.go	native				testdir	PASS	-	-	0.01
PASS	testdir:typeparam/issue51925.go	compiled				testdir	PASS	-	-	0.18
PASS	testdir:typeparam/issue51925.go	interpreted				testdir	PASS	-	-	0.06
PASS	testdir:typeparam/issue51925.go	native				testdir	PASS	-	-	0.02
PASS	testdir:typeparam/issue52026.go	compiled				testdir	PASS	-	-	0.14
PASS	testdir:typeparam/issue52026.go	interpreted				testdir	PASS	-	-	0.02
PASS	testdir:typeparam/issue52026.go	native				testdir	PASS	-	-	0.05
PASS	testdir:typeparam/issue52117.go	compiled				testdir	PASS	-	-	0.08
PASS	testdir:typeparam/issue52117.go	interpreted				testdir	PASS	-	-	0.02
PASS	testdir:typeparam/issue52117.go	native				testdir	PASS	-	-	0.02
PASS	testdir:typeparam/issue52124.go	compiled				testdir	PASS	-	-	0.06
PASS	testdir:typeparam/issue52124.go	interpreted				testdir	PASS	-	-	0.01
PASS	testdir:typeparam/issue52124.go	native				testdir	PASS	-	-	0.01
PASS	testdir:typeparam/issue52228.go	compiled				testdir	PASS	-	-	0.14
PASS	testdir:typeparam/issue52228.go	interpreted				testdir	PASS	-	-	0.02
PASS	testdir:typeparam/issue52228.go	native				testdir	PASS	-	-	0.05
PASS	testdir:typeparam/issue52241.go	compiled				testdir	PASS	-	-	0.07
PASS	testdir:typeparam/issue52241.go	interpreted				testdir	PASS	-	-	0.01
PASS	testdir:typeparam/issue52241.go	native				testdir	PASS	-	-	0.01
PASS	testdir:typeparam/issue53087.go	compiled				testdir	PASS	-	-	0.28
PASS	testdir:typeparam/issue53087.go	interpreted				testdir	PASS	-	-	0.93
PASS	testdir:typeparam/issue53087.go	native				testdir	PASS	-	-	0.07
PASS	testdir:typeparam/issue53254.go	compiled				testdir	PASS	-	-	0.06
PASS	testdir:typeparam/issue53254.go	interpreted				testdir	PASS	-	-	0.01
PASS	testdir:typeparam/issue53254.go	native				testdir	PASS	-	-	0.01
PASS	testdir:typeparam/issue53390.go	compiled				testdir	PASS	-	-	0.05
PASS	testdir:typeparam/issue53390.go	interpreted				testdir	PASS	-	-	0.01
PASS	testdir:typeparam/issue53390.go	native				testdir	PASS	-	-	0.01
PASS	testdir:typeparam/issue53406.go	compiled				testdir	PASS	-	-	0.06
PASS	testdir:typeparam/issue53406.go	interpreted				testdir	PASS	-	-	0.01
PASS	testdir:typeparam/issue53406.go	native				testdir	PASS	-	-	0.01
PASS	testdir:typeparam/issue53419.go	compiled				testdir	PASS	-	-	0.13
PASS	testdir:typeparam/issue53419.go	interpreted				testdir	PASS	-	-	0.02
PASS	testdir:typeparam/issue53419.go	native				testdir	PASS	-	-	0.05
PASS	testdir:typeparam/issue53477.go	compiled				testdir	PASS	-	-	0.13
PASS	testdir:typeparam/issue53477.go	interpreted				testdir	PASS	-	-	0.02
PASS	testdir:typeparam/issue53477.go	native				testdir	PASS	-	-	0.05
PASS	testdir:typeparam/issue53762.go	compiled				testdir	PASS	-	-	0.06
PASS	testdir:typeparam/issue53762.go	interpreted				testdir	PASS	-	-	0.01
PASS	testdir:typeparam/issue53762.go	native				testdir	PASS	-	-	0.01
PASS	testdir:typeparam/issue54135.go	compiled				testdir	PASS	-	-	0.14
PASS	testdir:typeparam/issue54135.go	interpreted				testdir	PASS	-	-	0.02
PASS	testdir:typeparam/issue54135.go	native				testdir	PASS	-	-	0.05
PASS	testdir:typeparam/issue54225.go	compiled				testdir	PASS	-	-	0.14
PASS	testdir:typeparam/issue54225.go	interpreted				testdir	PASS	-	-	0.02
PASS	testdir:typeparam/issue54225.go	native				testdir	PASS	-	-	0.05
PASS	testdir:typeparam/issue54302.go	compiled				testdir	PASS	-	-	0.13
PASS	testdir:typeparam/issue54302.go	interpreted				testdir	PASS	-	-	0.04
PASS	testdir:typeparam/issue54302.go	native				testdir	PASS	-	-	0.06
PASS	testdir:typeparam/issue54456.go	compiled				testdir	PASS	-	-	0.25
PASS	testdir:typeparam/issue54456.go	interpreted				testdir	PASS	-	-	0.87
PASS	testdir:typeparam/issue54456.go	native				testdir	PASS	-	-	0.06
PASS	testdir:typeparam/issue54497.go	compiled				testdir	PASS	-	-	0.05
EXCLUDED	testdir:typeparam/issue54497.go	interpreted	compiler-diagnostic	test asserts gc optimizer output (-m/-d=); an interpreter has no optimizer to report on	testdir_test.go:153: Bash++ backend unsupported: optimizer diagnostics are a compiler artifact; the check interface has no inlining, escape-analysis or SSA meaning	testdir	FAIL	CATALOG	EXCLUDED	0
PASS	testdir:typeparam/issue54497.go	native				testdir	PASS	-	-	0.01
PASS	testdir:typeparam/issue54535.go	compiled				testdir	PASS	-	-	0.14
PASS	testdir:typeparam/issue54535.go	interpreted				testdir	PASS	-	-	0.02
PASS	testdir:typeparam/issue54535.go	native				testdir	PASS	-	-	0.06
PASS	testdir:typeparam/issue54537.go	compiled				testdir	PASS	-	-	0.13
PASS	testdir:typeparam/issue54537.go	interpreted				testdir	PASS	-	-	0.02
PASS	testdir:typeparam/issue54537.go	native				testdir	PASS	-	-	0.05
PASS	testdir:typeparam/issue54765.go	compiled				testdir	PASS	-	-	0.1
EXCLUDED	testdir:typeparam/issue54765.go	interpreted	gc-only-check	errorcheck expects a gc-only diagnostic go/types cannot express	testdir_test.go:153: compilation succeeded unexpectedly	testdir	FAIL	CATALOG	EXCLUDED	0.05
PASS	testdir:typeparam/issue54765.go	native				testdir	PASS	-	-	0.01
PASS	testdir:typeparam/issue55101.go	compiled				testdir	PASS	-	-	0.04
PASS	testdir:typeparam/issue55101.go	interpreted				testdir	PASS	-	-	0.01
PASS	testdir:typeparam/issue55101.go	native				testdir	PASS	-	-	0.01
PASS	testdir:typeparam/issue58513.go	compiled				testdir	PASS	-	-	0.24
PASS	testdir:typeparam/issue58513.go	interpreted				testdir	PASS	-	-	0.9
PASS	testdir:typeparam/issue58513.go	native				testdir	PASS	-	-	0.06
PASS	testdir:typeparam/list.go	compiled				testdir	PASS	-	-	0.29
PASS	testdir:typeparam/list.go	interpreted				testdir	PASS	-	-	1.02
PASS	testdir:typeparam/list.go	native				testdir	PASS	-	-	0.07
PASS	testdir:typeparam/list2.go	compiled				testdir	PASS	-	-	0.36
PASS	testdir:typeparam/list2.go	interpreted				testdir	PASS	-	FIXED	1.2
PASS	testdir:typeparam/list2.go	native				testdir	PASS	-	-	0.12
PASS	testdir:typeparam/listimp.go	compiled				testdir	PASS	-	-	0.22
PASS	testdir:typeparam/listimp.go	interpreted				testdir	PASS	-	-	1.06
PASS	testdir:typeparam/listimp.go	native				testdir	PASS	-	-	0.08
PASS	testdir:typeparam/listimp2.go	compiled				testdir	PASS	-	-	0.35
PASS	testdir:typeparam/listimp2.go	interpreted				testdir	PASS	-	FIXED	1.4
PASS	testdir:typeparam/listimp2.go	native				testdir	PASS	-	-	0.14
PASS	testdir:typeparam/lockable.go	compiled				testdir	PASS	-	-	0.24
PASS	testdir:typeparam/lockable.go	interpreted				testdir	PASS	-	-	0.92
PASS	testdir:typeparam/lockable.go	native				testdir	PASS	-	-	0.05
PASS	testdir:typeparam/map.go	compiled				testdir	PASS	-	-	0.29
PASS	testdir:typeparam/map.go	interpreted				testdir	PASS	-	-	1.14
PASS	testdir:typeparam/map.go	native				testdir	PASS	-	-	0.07
PASS	testdir:typeparam/mapimp.go	compiled				testdir	PASS	-	-	0.24
PASS	testdir:typeparam/mapimp.go	interpreted				testdir	PASS	-	-	1.12
PASS	testdir:typeparam/mapimp.go	native				testdir	PASS	-	-	0.08
PASS	testdir:typeparam/maps.go	compiled				testdir	PASS	-	-	0.43
PASS	testdir:typeparam/maps.go	interpreted				testdir	PASS	-	-	1.13
PASS	testdir:typeparam/maps.go	native				testdir	PASS	-	-	0.1
PASS	testdir:typeparam/mapsimp.go	compiled				testdir	PASS	-	-	0.3
PASS	testdir:typeparam/mapsimp.go	interpreted				testdir	PASS	-	-	1.15
PASS	testdir:typeparam/mapsimp.go	native				testdir	PASS	-	-	0.11
PASS	testdir:typeparam/mdempsky/1.go	compiled				testdir	PASS	-	-	0.08
PASS	testdir:typeparam/mdempsky/1.go	interpreted				testdir	PASS	-	-	0.03
PASS	testdir:typeparam/mdempsky/1.go	native				testdir	PASS	-	-	0.02
PASS	testdir:typeparam/mdempsky/10.go	compiled				testdir	PASS	-	-	0.12
PASS	testdir:typeparam/mdempsky/10.go	interpreted				testdir	PASS	-	-	0.04
PASS	testdir:typeparam/mdempsky/10.go	native				testdir	PASS	-	-	0.06
PASS	testdir:typeparam/mdempsky/12.go	compiled				testdir	PASS	-	-	0.14
PASS	testdir:typeparam/mdempsky/12.go	interpreted				testdir	PASS	-	-	0.04
PASS	testdir:typeparam/mdempsky/12.go	native				testdir	PASS	-	-	0.06
PASS	testdir:typeparam/mdempsky/13.go	compiled				testdir	PASS	-	-	0.15
PASS	testdir:typeparam/mdempsky/13.go	interpreted				testdir	PASS	-	-	0.03
PASS	testdir:typeparam/mdempsky/13.go	native				testdir	PASS	-	-	0.06
PASS	testdir:typeparam/mdempsky/14.go	compiled				testdir	PASS	-	-	0.15
PASS	testdir:typeparam/mdempsky/14.go	interpreted				testdir	PASS	-	-	0.03
PASS	testdir:typeparam/mdempsky/14.go	native				testdir	PASS	-	-	0.05
PASS	testdir:typeparam/mdempsky/15.go	compiled				testdir	PASS	-	-	0.26
PASS	testdir:typeparam/mdempsky/15.go	interpreted				testdir	PASS	-	-	1.11
PASS	testdir:typeparam/mdempsky/15.go	native				testdir	PASS	-	-	4.18
PASS	testdir:typeparam/mdempsky/16.go	compiled				testdir	PASS	-	-	0.35
PASS	testdir:typeparam/mdempsky/16.go	interpreted				testdir	PASS	-	-	1.23
PASS	testdir:typeparam/mdempsky/16.go	native				testdir	PASS	-	-	0.07
PASS	testdir:typeparam/mdempsky/17.go	compiled				testdir	PASS	-	-	0.29
PASS	testdir:typeparam/mdempsky/17.go	interpreted				testdir	PASS	-	-	1.03
PASS	testdir:typeparam/mdempsky/17.go	native				testdir	PASS	-	-	0.09
PASS	testdir:typeparam/mdempsky/18.go	compiled				testdir	PASS	-	-	0.26
PASS	testdir:typeparam/mdempsky/18.go	interpreted				testdir	PASS	-	-	0.88
PASS	testdir:typeparam/mdempsky/18.go	native				testdir	PASS	-	-	0.08
PASS	testdir:typeparam/mdempsky/19.go	compiled				testdir	PASS	-	-	0.13
PASS	testdir:typeparam/mdempsky/19.go	interpreted				testdir	PASS	-	-	0.02
PASS	testdir:typeparam/mdempsky/19.go	native				testdir	PASS	-	-	0.06
PASS	testdir:typeparam/mdempsky/2.go	compiled				testdir	PASS	-	-	0.06
PASS	testdir:typeparam/mdempsky/2.go	interpreted				testdir	PASS	-	-	0.01
PASS	testdir:typeparam/mdempsky/2.go	native				testdir	PASS	-	-	0.01
PASS	testdir:typeparam/mdempsky/20.go	compiled				testdir	PASS	-	-	0.14
PASS	testdir:typeparam/mdempsky/20.go	interpreted				testdir	PASS	-	-	0.02
PASS	testdir:typeparam/mdempsky/20.go	native				testdir	PASS	-	-	0.05
PASS	testdir:typeparam/mdempsky/21.go	compiled				testdir	PASS	-	-	0.12
PASS	testdir:typeparam/mdempsky/21.go	interpreted				testdir	PASS	-	-	0.02
PASS	testdir:typeparam/mdempsky/21.go	native				testdir	PASS	-	-	0.05
PASS	testdir:typeparam/mdempsky/3.go	compiled				testdir	PASS	-	-	0.08
PASS	testdir:typeparam/mdempsky/3.go	interpreted				testdir	PASS	-	-	0.03
PASS	testdir:typeparam/mdempsky/3.go	native				testdir	PASS	-	-	0.02
PASS	testdir:typeparam/mdempsky/4.go	compiled				testdir	PASS	-	-	0.09
PASS	testdir:typeparam/mdempsky/4.go	interpreted				testdir	PASS	-	-	0.02
PASS	testdir:typeparam/mdempsky/4.go	native				testdir	PASS	-	-	0.02
PASS	testdir:typeparam/mdempsky/5.go	compiled				testdir	PASS	-	-	0.05
PASS	testdir:typeparam/mdempsky/5.go	interpreted				testdir	PASS	-	-	0.01
PASS	testdir:typeparam/mdempsky/5.go	native				testdir	PASS	-	-	0.01
PASS	testdir:typeparam/mdempsky/6.go	compiled				testdir	PASS	-	-	0.05
PASS	testdir:typeparam/mdempsky/6.go	interpreted				testdir	PASS	-	-	0.01
PASS	testdir:typeparam/mdempsky/6.go	native				testdir	PASS	-	-	0.01
PASS	testdir:typeparam/mdempsky/7.go	compiled				testdir	PASS	-	-	0.11
PASS	testdir:typeparam/mdempsky/7.go	interpreted				testdir	PASS	-	-	0.02
PASS	testdir:typeparam/mdempsky/7.go	native				testdir	PASS	-	-	0.02
PASS	testdir:typeparam/mdempsky/8.go	compiled				testdir	PASS	-	-	0.1
PASS	testdir:typeparam/mdempsky/8.go	interpreted				testdir	PASS	-	-	0.02
PASS	testdir:typeparam/mdempsky/8.go	native				testdir	PASS	-	-	0.02
PASS	testdir:typeparam/mdempsky/9.go	compiled				testdir	PASS	-	-	0.04
PASS	testdir:typeparam/mdempsky/9.go	interpreted				testdir	PASS	-	-	0.01
PASS	testdir:typeparam/mdempsky/9.go	native				testdir	PASS	-	-	0.01
PASS	testdir:typeparam/metrics.go	compiled				testdir	PASS	-	-	0.4
PASS	testdir:typeparam/metrics.go	interpreted				testdir	PASS	-	-	1.32
PASS	testdir:typeparam/metrics.go	native				testdir	PASS	-	-	0.08
PASS	testdir:typeparam/min.go	compiled				testdir	PASS	-	-	0.27
PASS	testdir:typeparam/min.go	interpreted				testdir	PASS	-	-	0.89
PASS	testdir:typeparam/min.go	native				testdir	PASS	-	-	0.06
PASS	testdir:typeparam/mincheck.go	compiled				testdir	PASS	-	-	0.13
PASS	testdir:typeparam/mincheck.go	interpreted				testdir	PASS	-	-	0.08
PASS	testdir:typeparam/mincheck.go	native				testdir	PASS	-	-	0.02
PASS	testdir:typeparam/minimp.go	compiled				testdir	PASS	-	-	0.21
PASS	testdir:typeparam/minimp.go	interpreted				testdir	PASS	-	-	0.93
PASS	testdir:typeparam/minimp.go	native				testdir	PASS	-	-	0.08
PASS	testdir:typeparam/mutualimp.go	compiled				testdir	PASS	-	-	0.1
PASS	testdir:typeparam/mutualimp.go	interpreted				testdir	PASS	-	-	0.02
PASS	testdir:typeparam/mutualimp.go	native				testdir	PASS	-	-	0.02
PASS	testdir:typeparam/nested.go	compiled				testdir	PASS	-	-	0.32
PASS	testdir:typeparam/nested.go	interpreted				testdir	PASS	-	FIXED	5.12
PASS	testdir:typeparam/nested.go	native				testdir	PASS	-	-	0.08
PASS	testdir:typeparam/ordered.go	compiled				testdir	PASS	-	-	0.38
PASS	testdir:typeparam/ordered.go	interpreted				testdir	PASS	-	FIXED-AFTER-BARRIER	1.16
PASS	testdir:typeparam/ordered.go	native				testdir	PASS	-	-	0.09
PASS	testdir:typeparam/orderedmap.go	compiled				testdir	PASS	-	-	0.47
PASS	testdir:typeparam/orderedmap.go	interpreted				testdir	PASS	-	-	1.57
PASS	testdir:typeparam/orderedmap.go	native				testdir	PASS	-	-	0.08
PASS	testdir:typeparam/orderedmapsimp.go	compiled				testdir	PASS	-	-	0.35
PASS	testdir:typeparam/orderedmapsimp.go	interpreted				testdir	PASS	-	-	1.67
PASS	testdir:typeparam/orderedmapsimp.go	native				testdir	PASS	-	-	0.08
PASS	testdir:typeparam/pair.go	compiled				testdir	PASS	-	-	0.26
PASS	testdir:typeparam/pair.go	interpreted				testdir	PASS	-	-	0.95
PASS	testdir:typeparam/pair.go	native				testdir	PASS	-	-	0.07
PASS	testdir:typeparam/pairimp.go	compiled				testdir	PASS	-	-	0.2
PASS	testdir:typeparam/pairimp.go	interpreted				testdir	PASS	-	-	0.97
PASS	testdir:typeparam/pairimp.go	native				testdir	PASS	-	-	0.07
PASS	testdir:typeparam/pragma.go	compiled				testdir	PASS	-	-	0.08
EXCLUDED	testdir:typeparam/pragma.go	interpreted	compiler-diagnostic	test asserts gc optimizer output (-m/-d=); an interpreter has no optimizer to report on	testdir_test.go:153: Bash++ backend unsupported: optimizer diagnostics are a compiler artifact; the check interface has no inlining, escape-analysis or SSA meaning	testdir	FAIL	CATALOG	EXCLUDED	0
PASS	testdir:typeparam/pragma.go	native				testdir	PASS	-	-	0.01
PASS	testdir:typeparam/recoverimp.go	compiled				testdir	PASS	-	-	0.25
PASS	testdir:typeparam/recoverimp.go	interpreted				testdir	PASS	-	-	0.99
PASS	testdir:typeparam/recoverimp.go	native				testdir	PASS	-	-	0.08
PASS	testdir:typeparam/select.go	compiled				testdir	PASS	-	-	0.17
PASS	testdir:typeparam/select.go	interpreted				testdir	PASS	-	-	0.9
PASS	testdir:typeparam/select.go	native				testdir	PASS	-	-	0.06
PASS	testdir:typeparam/sets.go	compiled				testdir	PASS	-	-	0.4
PASS	testdir:typeparam/sets.go	interpreted				testdir	PASS	-	-	1.22
PASS	testdir:typeparam/sets.go	native				testdir	PASS	-	-	0.11
PASS	testdir:typeparam/setsimp.go	compiled				testdir	PASS	-	-	0.52
PASS	testdir:typeparam/setsimp.go	interpreted				testdir	PASS	-	-	1.25
PASS	testdir:typeparam/setsimp.go	native				testdir	PASS	-	-	0.12
PASS	testdir:typeparam/settable.go	compiled				testdir	PASS	-	-	0.26
PASS	testdir:typeparam/settable.go	interpreted				testdir	PASS	-	-	1.05
PASS	testdir:typeparam/settable.go	native				testdir	PASS	-	-	0.07
PASS	testdir:typeparam/shape1.go	compiled				testdir	PASS	-	-	0.14
PASS	testdir:typeparam/shape1.go	interpreted				testdir	PASS	-	-	0.03
PASS	testdir:typeparam/shape1.go	native				testdir	PASS	-	-	0.05
PASS	testdir:typeparam/shape_assert.go	compiled				testdir	PASS	-	-	0.28
PASS	testdir:typeparam/shape_assert.go	interpreted				testdir	PASS	-	-	0.93
PASS	testdir:typeparam/shape_assert.go	native				testdir	PASS	-	-	0.08
PASS	testdir:typeparam/sliceimp.go	compiled				testdir	PASS	-	-	0.29
PASS	testdir:typeparam/sliceimp.go	interpreted				testdir	PASS	-	-	1.19
PASS	testdir:typeparam/sliceimp.go	native				testdir	PASS	-	-	0.1
PASS	testdir:typeparam/slices.go	compiled				testdir	PASS	-	-	0.38
PASS	testdir:typeparam/slices.go	interpreted				testdir	PASS	-	-	1.15
PASS	testdir:typeparam/slices.go	native				testdir	PASS	-	-	0.09
PASS	testdir:typeparam/smallest.go	compiled				testdir	PASS	-	-	0.27
PASS	testdir:typeparam/smallest.go	interpreted				testdir	PASS	-	-	0.82
PASS	testdir:typeparam/smallest.go	native				testdir	PASS	-	-	0.07
PASS	testdir:typeparam/smoketest.go	compiled				testdir	PASS	-	-	0.05
PASS	testdir:typeparam/smoketest.go	interpreted				testdir	PASS	-	-	0.01
PASS	testdir:typeparam/smoketest.go	native				testdir	PASS	-	-	0.01
PASS	testdir:typeparam/stringable.go	compiled				testdir	PASS	-	-	0.33
PASS	testdir:typeparam/stringable.go	interpreted				testdir	PASS	-	-	1.23
PASS	testdir:typeparam/stringable.go	native				testdir	PASS	-	-	0.07
PASS	testdir:typeparam/stringer.go	compiled				testdir	PASS	-	-	0.27
PASS	testdir:typeparam/stringer.go	interpreted				testdir	PASS	-	-	1.77
PASS	testdir:typeparam/stringer.go	native				testdir	PASS	-	-	0.07
PASS	testdir:typeparam/stringerimp.go	compiled				testdir	PASS	-	-	0.19
PASS	testdir:typeparam/stringerimp.go	interpreted				testdir	PASS	-	-	1.02
PASS	testdir:typeparam/stringerimp.go	native				testdir	PASS	-	-	0.08
PASS	testdir:typeparam/struct.go	compiled				testdir	PASS	-	-	0.25
PASS	testdir:typeparam/struct.go	interpreted				testdir	PASS	-	-	0.92
PASS	testdir:typeparam/struct.go	native				testdir	PASS	-	-	0.06
PASS	testdir:typeparam/structinit.go	compiled				testdir	PASS	-	-	0.18
PASS	testdir:typeparam/structinit.go	interpreted				testdir	PASS	-	-	0.05
PASS	testdir:typeparam/structinit.go	native				testdir	PASS	-	-	0.06
PASS	testdir:typeparam/subdict.go	compiled				testdir	PASS	-	-	0.26
PASS	testdir:typeparam/subdict.go	interpreted				testdir	PASS	-	-	0.88
PASS	testdir:typeparam/subdict.go	native				testdir	PASS	-	-	0.06
PASS	testdir:typeparam/sum.go	compiled				testdir	PASS	-	-	0.26
PASS	testdir:typeparam/sum.go	interpreted				testdir	PASS	-	-	0.84
PASS	testdir:typeparam/sum.go	native				testdir	PASS	-	-	0.07
PASS	testdir:typeparam/tparam1.go	compiled				testdir	PASS	-	-	0.01
PASS	testdir:typeparam/tparam1.go	interpreted				testdir	PASS	-	-	0.01
PASS	testdir:typeparam/tparam1.go	native				testdir	PASS	-	-	0.01
PASS	testdir:typeparam/typelist.go	compiled				testdir	PASS	-	-	0.04
PASS	testdir:typeparam/typelist.go	interpreted				testdir	PASS	-	-	0.01
PASS	testdir:typeparam/typelist.go	native				testdir	PASS	-	-	0.01
PASS	testdir:typeparam/typeswitch1.go	compiled				testdir	PASS	-	-	0.14
PASS	testdir:typeparam/typeswitch1.go	interpreted				testdir	PASS	-	-	0.03
PASS	testdir:typeparam/typeswitch1.go	native				testdir	PASS	-	-	0.06
PASS	testdir:typeparam/typeswitch2.go	compiled				testdir	PASS	-	-	0.28
PASS	testdir:typeparam/typeswitch2.go	interpreted				testdir	PASS	-	-	0.9
PASS	testdir:typeparam/typeswitch2.go	native				testdir	PASS	-	-	0.08
PASS	testdir:typeparam/typeswitch3.go	compiled				testdir	PASS	-	-	0.13
PASS	testdir:typeparam/typeswitch3.go	interpreted				testdir	PASS	-	-	0.03
PASS	testdir:typeparam/typeswitch3.go	native				testdir	PASS	-	-	0.05
PASS	testdir:typeparam/typeswitch4.go	compiled				testdir	PASS	-	-	0.13
PASS	testdir:typeparam/typeswitch4.go	interpreted				testdir	PASS	-	-	0.03
PASS	testdir:typeparam/typeswitch4.go	native				testdir	PASS	-	-	0.05
PASS	testdir:typeparam/typeswitch5.go	compiled				testdir	PASS	-	-	0.14
PASS	testdir:typeparam/typeswitch5.go	interpreted				testdir	PASS	-	-	0.03
PASS	testdir:typeparam/typeswitch5.go	native				testdir	PASS	-	-	0.05
PASS	testdir:typeparam/typeswitch6.go	compiled				testdir	PASS	-	-	0.13
PASS	testdir:typeparam/typeswitch6.go	interpreted				testdir	PASS	-	-	0.02
PASS	testdir:typeparam/typeswitch6.go	native				testdir	PASS	-	-	0.05
PASS	testdir:typeparam/typeswitch7.go	compiled				testdir	PASS	-	-	0.14
PASS	testdir:typeparam/typeswitch7.go	interpreted				testdir	PASS	-	-	0.03
PASS	testdir:typeparam/typeswitch7.go	native				testdir	PASS	-	-	0.05
PASS	testdir:typeparam/valimp.go	compiled				testdir	PASS	-	-	0.2
PASS	testdir:typeparam/valimp.go	interpreted				testdir	PASS	-	-	0.98
PASS	testdir:typeparam/valimp.go	native				testdir	PASS	-	-	0.08
PASS	testdir:typeparam/value.go	compiled				testdir	PASS	-	-	0.26
PASS	testdir:typeparam/value.go	interpreted				testdir	PASS	-	-	0.95
PASS	testdir:typeparam/value.go	native				testdir	PASS	-	-	0.07
PASS	testdir:typeswitch.go	compiled				testdir	PASS	-	-	0.25
PASS	testdir:typeswitch.go	interpreted				testdir	PASS	-	-	0.9
PASS	testdir:typeswitch.go	native				testdir	PASS	-	-	0.06
PASS	testdir:typeswitch1.go	compiled				testdir	PASS	-	-	0.27
PASS	testdir:typeswitch1.go	interpreted				testdir	PASS	-	-	0.91
PASS	testdir:typeswitch1.go	native				testdir	PASS	-	-	0.07
PASS	testdir:typeswitch2.go	compiled				testdir	PASS	-	-	0.05
PASS	testdir:typeswitch2.go	interpreted				testdir	PASS	-	-	0.05
PASS	testdir:typeswitch2.go	native				testdir	PASS	-	-	0.01
PASS	testdir:typeswitch2b.go	compiled				testdir	PASS	-	-	0.01
PASS	testdir:typeswitch2b.go	interpreted				testdir	PASS	-	-	0.01
PASS	testdir:typeswitch2b.go	native				testdir	PASS	-	-	0.01
PASS	testdir:typeswitch3.go	compiled				testdir	PASS	-	-	0.05
PASS	testdir:typeswitch3.go	interpreted				testdir	PASS	-	-	0.05
PASS	testdir:typeswitch3.go	native				testdir	PASS	-	-	0.01
PASS	testdir:uintptrescapes.go	compiled				testdir	PASS	-	-	0.23
EXCLUDED	testdir:uintptrescapes.go	interpreted	unsafe-reinterpretation	unsafe.Pointer memory reinterpretation: the interpreter has no native memory model	testdir_test.go:153: exit status 2	testdir	FAIL	CATALOG	EXCLUDED	1.72
PASS	testdir:uintptrescapes.go	native				testdir	PASS	-	-	0.09
PASS	testdir:uintptrescapes2.go	compiled				testdir	PASS	-	-	0.05
EXCLUDED	testdir:uintptrescapes2.go	interpreted	compiler-diagnostic	test asserts gc optimizer output (-m/-d=); an interpreter has no optimizer to report on	testdir_test.go:153: Bash++ backend unsupported: optimizer diagnostics are a compiler artifact; the check interface has no inlining, escape-analysis or SSA meaning	testdir	FAIL	CATALOG	EXCLUDED	0
PASS	testdir:uintptrescapes2.go	native				testdir	PASS	-	-	0.01
PASS	testdir:uintptrescapes3.go	compiled				testdir	PASS	-	-	0.28
PASS	testdir:uintptrescapes3.go	interpreted	gc-observation	runtime.SetFinalizer+runtime.GC on interpreter-owned values: D7's ground (165 D9)		testdir	PASS	-	FIXED	1.06
PASS	testdir:uintptrescapes3.go	native				testdir	PASS	-	-	0.07
PASS	testdir:uintptrkeepalive.go	compiled				testdir	PASS	-	-	0.04
EXCLUDED	testdir:uintptrkeepalive.go	interpreted	gc-only-check	errorcheck expects a gc-only diagnostic go/types cannot express	testdir_test.go:153: compilation succeeded unexpectedly	testdir	FAIL	CATALOG	EXCLUDED	0.01
PASS	testdir:uintptrkeepalive.go	native				testdir	PASS	-	-	0.01
PASS	testdir:undef.go	compiled				testdir	PASS	-	-	0.01
PASS	testdir:undef.go	interpreted				testdir	PASS	-	-	0.01
PASS	testdir:undef.go	native				testdir	PASS	-	-	0.01
PASS	testdir:unsafe_slice_data.go	compiled				testdir	PASS	-	-	0.25
EXCLUDED	testdir:unsafe_slice_data.go	interpreted	unsafe-reinterpretation	unsafe.Pointer memory reinterpretation: the interpreter has no native memory model	testdir_test.go:153: exit status 2	testdir	FAIL	CATALOG	EXCLUDED	1.08
PASS	testdir:unsafe_slice_data.go	native				testdir	PASS	-	-	0.06
PASS	testdir:unsafe_string.go	compiled				testdir	PASS	-	-	0.13
PASS	testdir:unsafe_string.go	interpreted				testdir	PASS	-	-	0.7
PASS	testdir:unsafe_string.go	native				testdir	PASS	-	-	0.05
PASS	testdir:unsafe_string_data.go	compiled				testdir	PASS	-	-	0.26
EXCLUDED	testdir:unsafe_string_data.go	interpreted	unsafe-reinterpretation	unsafe.Pointer memory reinterpretation: the interpreter has no native memory model	testdir_test.go:153: exit status 2	testdir	FAIL	CATALOG	EXCLUDED	1.05
PASS	testdir:unsafe_string_data.go	native				testdir	PASS	-	-	0.06
PASS	testdir:unsafebuiltins.go	compiled				testdir	PASS	-	-	0.19
PASS	testdir:unsafebuiltins.go	interpreted				testdir	PASS	-	-	0.76
PASS	testdir:unsafebuiltins.go	native				testdir	PASS	-	-	0.05
PASS	testdir:used.go	compiled				testdir	PASS	-	-	0.02
PASS	testdir:used.go	interpreted				testdir	PASS	-	-	0.01
PASS	testdir:used.go	native				testdir	PASS	-	-	0.01
PASS	testdir:utf.go	compiled				testdir	PASS	-	-	0.15
PASS	testdir:utf.go	interpreted				testdir	PASS	-	-	0.75
PASS	testdir:utf.go	native				testdir	PASS	-	-	0.05
PASS	testdir:varerr.go	compiled				testdir	PASS	-	-	0.01
PASS	testdir:varerr.go	interpreted				testdir	PASS	-	-	0.01
PASS	testdir:varerr.go	native				testdir	PASS	-	-	0.01
PASS	testdir:varinit.go	compiled				testdir	PASS	-	-	0.14
PASS	testdir:varinit.go	interpreted				testdir	PASS	-	-	0.02
PASS	testdir:varinit.go	native				testdir	PASS	-	-	0.05
SKIP	testdir:wasmexport.go	compiled			testdir_test.go:531: //go:build wasm	testdir	SKIP	-	-	0
SKIP	testdir:wasmexport.go	interpreted			testdir_test.go:531: //go:build wasm	testdir	SKIP	-	-	0
SKIP	testdir:wasmexport.go	native			testdir_test.go:531: //go:build wasm	testdir	SKIP	-	-	0
SKIP	testdir:wasmexport2.go	compiled			testdir_test.go:531: //go:build wasm	testdir	SKIP	-	-	0
SKIP	testdir:wasmexport2.go	interpreted			testdir_test.go:531: //go:build wasm	testdir	SKIP	-	-	0
SKIP	testdir:wasmexport2.go	native			testdir_test.go:531: //go:build wasm	testdir	SKIP	-	-	0
SKIP	testdir:wasmmemsize.go	compiled			testdir_test.go:531: //go:build wasm	testdir	SKIP	-	-	0
SKIP	testdir:wasmmemsize.go	interpreted			testdir_test.go:531: //go:build wasm	testdir	SKIP	-	-	0
SKIP	testdir:wasmmemsize.go	native			testdir_test.go:531: //go:build wasm	testdir	SKIP	-	-	0
PASS	testdir:weak.go	compiled				testdir	PASS	-	-	0.09
PASS	testdir:weak.go	interpreted				testdir	PASS	-	-	0.09
PASS	testdir:weak.go	native				testdir	PASS	-	-	0.01
PASS	testdir:winbatch.go	compiled				testdir	PASS	-	-	0.63
PASS	testdir:winbatch.go	interpreted				testdir	PASS	-	-	2.01
PASS	testdir:winbatch.go	native				testdir	PASS	-	-	0.07
PASS	testdir:writebarrier.go	compiled				testdir	PASS	-	-	0.08
EXCLUDED	testdir:writebarrier.go	interpreted	compiler-diagnostic	test asserts gc optimizer output (-m/-d=); an interpreter has no optimizer to report on	testdir_test.go:153: Bash++ backend unsupported: optimizer diagnostics are a compiler artifact; the check interface has no inlining, escape-analysis or SSA meaning	testdir	FAIL	CATALOG	EXCLUDED	0
PASS	testdir:writebarrier.go	native				testdir	PASS	-	-	0.03
PASS	testdir:zerodivide.go	compiled				testdir	PASS	-	-	0.36
PASS	testdir:zerodivide.go	interpreted				testdir	PASS	-	-	1.3
PASS	testdir:zerodivide.go	native				testdir	PASS	-	-	0.07
PASS	testdir:zerosize.go	compiled				testdir	PASS	-	-	0.14
PASS	testdir:zerosize.go	interpreted				testdir	PASS	-	-	0.02
PASS	testdir:zerosize.go	native				testdir	PASS	-	-	0.05
NATIVE-ONLY	typechecker:cmd/compile/internal/types2/TestAtomicAlign/386	compiled			declared native-only, no credit	typechecker	NATIVE-ONLY	-	-	0
NATIVE-ONLY	typechecker:cmd/compile/internal/types2/TestAtomicAlign/386	interpreted			declared native-only, no credit	typechecker	NATIVE-ONLY	-	-	0
NATIVE-ONLY	typechecker:cmd/compile/internal/types2/TestAtomicAlign/386	native			declared native-only, no credit	typechecker	NATIVE-ONLY	-	-	0
NATIVE-ONLY	typechecker:cmd/compile/internal/types2/TestAtomicAlign/amd64	compiled			declared native-only, no credit	typechecker	NATIVE-ONLY	-	-	0
NATIVE-ONLY	typechecker:cmd/compile/internal/types2/TestAtomicAlign/amd64	interpreted			declared native-only, no credit	typechecker	NATIVE-ONLY	-	-	0
NATIVE-ONLY	typechecker:cmd/compile/internal/types2/TestAtomicAlign/amd64	native			declared native-only, no credit	typechecker	NATIVE-ONLY	-	-	0
PASS	typechecker:cmd/compile/internal/types2/TestCheck/blank.go	compiled				typechecker	PASS	-	-	0.01
PASS	typechecker:cmd/compile/internal/types2/TestCheck/blank.go	interpreted				typechecker	PASS	-	-	0.01
PASS	typechecker:cmd/compile/internal/types2/TestCheck/blank.go	native				typechecker	PASS	-	-	0
PASS	typechecker:cmd/compile/internal/types2/TestCheck/builtins0.go	compiled				typechecker	PASS	-	-	0.02
PASS	typechecker:cmd/compile/internal/types2/TestCheck/builtins0.go	interpreted				typechecker	PASS	-	-	0.02
PASS	typechecker:cmd/compile/internal/types2/TestCheck/builtins0.go	native				typechecker	PASS	-	-	0.01
PASS	typechecker:cmd/compile/internal/types2/TestCheck/builtins1.go	compiled				typechecker	PASS	-	-	0.01
PASS	typechecker:cmd/compile/internal/types2/TestCheck/builtins1.go	interpreted				typechecker	PASS	-	-	0.01
PASS	typechecker:cmd/compile/internal/types2/TestCheck/builtins1.go	native				typechecker	PASS	-	-	0.01
PASS	typechecker:cmd/compile/internal/types2/TestCheck/chans.go	compiled				typechecker	PASS	-	-	0.11
PASS	typechecker:cmd/compile/internal/types2/TestCheck/chans.go	interpreted				typechecker	PASS	-	-	0.61
PASS	typechecker:cmd/compile/internal/types2/TestCheck/chans.go	native				typechecker	PASS	-	-	0.06
PASS	typechecker:cmd/compile/internal/types2/TestCheck/compliterals.go	compiled				typechecker	PASS	-	-	0.01
PASS	typechecker:cmd/compile/internal/types2/TestCheck/compliterals.go	interpreted				typechecker	PASS	-	-	0.01
PASS	typechecker:cmd/compile/internal/types2/TestCheck/compliterals.go	native				typechecker	PASS	-	-	0
PASS	typechecker:cmd/compile/internal/types2/TestCheck/const0.go	compiled				typechecker	PASS	-	-	0.01
PASS	typechecker:cmd/compile/internal/types2/TestCheck/const0.go	interpreted				typechecker	PASS	-	-	0.01
PASS	typechecker:cmd/compile/internal/types2/TestCheck/const0.go	native				typechecker	PASS	-	-	0
PASS	typechecker:cmd/compile/internal/types2/TestCheck/const1.go	compiled				typechecker	PASS	-	-	0.04
PASS	typechecker:cmd/compile/internal/types2/TestCheck/const1.go	interpreted				typechecker	PASS	-	-	0.09
PASS	typechecker:cmd/compile/internal/types2/TestCheck/const1.go	native				typechecker	PASS	-	-	0
PASS	typechecker:cmd/compile/internal/types2/TestCheck/constdecl.go	compiled				typechecker	PASS	-	-	0.04
PASS	typechecker:cmd/compile/internal/types2/TestCheck/constdecl.go	interpreted				typechecker	PASS	-	-	0.03
PASS	typechecker:cmd/compile/internal/types2/TestCheck/constdecl.go	native				typechecker	PASS	-	-	0
PASS	typechecker:cmd/compile/internal/types2/TestCheck/conversions0.go	compiled				typechecker	PASS	-	-	0.01
PASS	typechecker:cmd/compile/internal/types2/TestCheck/conversions0.go	interpreted				typechecker	PASS	-	-	0.01
PASS	typechecker:cmd/compile/internal/types2/TestCheck/conversions0.go	native				typechecker	PASS	-	-	0
PASS	typechecker:cmd/compile/internal/types2/TestCheck/conversions1.go	compiled				typechecker	PASS	-	-	0.01
PASS	typechecker:cmd/compile/internal/types2/TestCheck/conversions1.go	interpreted				typechecker	PASS	-	-	0.01
PASS	typechecker:cmd/compile/internal/types2/TestCheck/conversions1.go	native				typechecker	PASS	-	-	0
PASS	typechecker:cmd/compile/internal/types2/TestCheck/cycles0.go	compiled				typechecker	PASS	-	-	0.01
PASS	typechecker:cmd/compile/internal/types2/TestCheck/cycles0.go	interpreted				typechecker	PASS	-	-	0.01
PASS	typechecker:cmd/compile/internal/types2/TestCheck/cycles0.go	native				typechecker	PASS	-	-	0
PASS	typechecker:cmd/compile/internal/types2/TestCheck/cycles1.go	compiled				typechecker	PASS	-	-	0.01
PASS	typechecker:cmd/compile/internal/types2/TestCheck/cycles1.go	interpreted				typechecker	PASS	-	-	0.01
PASS	typechecker:cmd/compile/internal/types2/TestCheck/cycles1.go	native				typechecker	PASS	-	-	0
PASS	typechecker:cmd/compile/internal/types2/TestCheck/cycles2.go	compiled				typechecker	PASS	-	-	0.01
PASS	typechecker:cmd/compile/internal/types2/TestCheck/cycles2.go	interpreted				typechecker	PASS	-	-	0.01
PASS	typechecker:cmd/compile/internal/types2/TestCheck/cycles2.go	native				typechecker	PASS	-	-	0
PASS	typechecker:cmd/compile/internal/types2/TestCheck/cycles3.go	compiled				typechecker	PASS	-	-	0.01
PASS	typechecker:cmd/compile/internal/types2/TestCheck/cycles3.go	interpreted				typechecker	PASS	-	-	0.01
PASS	typechecker:cmd/compile/internal/types2/TestCheck/cycles3.go	native				typechecker	PASS	-	-	0
PASS	typechecker:cmd/compile/internal/types2/TestCheck/cycles4.go	compiled				typechecker	PASS	-	-	0.01
PASS	typechecker:cmd/compile/internal/types2/TestCheck/cycles4.go	interpreted				typechecker	PASS	-	-	0.01
PASS	typechecker:cmd/compile/internal/types2/TestCheck/cycles4.go	native				typechecker	PASS	-	-	0
PASS	typechecker:cmd/compile/internal/types2/TestCheck/cycles5.go	compiled				typechecker	PASS	-	-	0.01
PASS	typechecker:cmd/compile/internal/types2/TestCheck/cycles5.go	interpreted				typechecker	PASS	-	-	0.01
PASS	typechecker:cmd/compile/internal/types2/TestCheck/cycles5.go	native				typechecker	PASS	-	-	0
PASS	typechecker:cmd/compile/internal/types2/TestCheck/cycles6.go	compiled				typechecker	PASS	-	-	0.01
PASS	typechecker:cmd/compile/internal/types2/TestCheck/cycles6.go	interpreted				typechecker	PASS	-	-	0.01
PASS	typechecker:cmd/compile/internal/types2/TestCheck/cycles6.go	native				typechecker	PASS	-	-	0
PASS	typechecker:cmd/compile/internal/types2/TestCheck/decls0.go	compiled				typechecker	PASS	-	-	0.01
PASS	typechecker:cmd/compile/internal/types2/TestCheck/decls0.go	interpreted				typechecker	PASS	-	-	0.01
PASS	typechecker:cmd/compile/internal/types2/TestCheck/decls0.go	native				typechecker	PASS	-	-	0
PASS	typechecker:cmd/compile/internal/types2/TestCheck/decls1.go	compiled				typechecker	PASS	-	-	0.04
PASS	typechecker:cmd/compile/internal/types2/TestCheck/decls1.go	interpreted				typechecker	PASS	-	-	0.03
PASS	typechecker:cmd/compile/internal/types2/TestCheck/decls1.go	native				typechecker	PASS	-	-	0
PASS	typechecker:cmd/compile/internal/types2/TestCheck/decls2	compiled				typechecker	PASS	-	-	0.15
PASS	typechecker:cmd/compile/internal/types2/TestCheck/decls2	interpreted				typechecker	PASS	-	-	0.54
PASS	typechecker:cmd/compile/internal/types2/TestCheck/decls2	native				typechecker	PASS	-	-	0.04
PASS	typechecker:cmd/compile/internal/types2/TestCheck/decls3.go	compiled				typechecker	PASS	-	-	0.11
PASS	typechecker:cmd/compile/internal/types2/TestCheck/decls3.go	interpreted				typechecker	PASS	-	-	0.17
PASS	typechecker:cmd/compile/internal/types2/TestCheck/decls3.go	native				typechecker	PASS	-	-	0
PASS	typechecker:cmd/compile/internal/types2/TestCheck/decls4.go	compiled				typechecker	PASS	-	-	0.01
PASS	typechecker:cmd/compile/internal/types2/TestCheck/decls4.go	interpreted				typechecker	PASS	-	-	0.01
PASS	typechecker:cmd/compile/internal/types2/TestCheck/decls4.go	native				typechecker	PASS	-	-	0
PASS	typechecker:cmd/compile/internal/types2/TestCheck/decls5.go	compiled				typechecker	PASS	-	-	0.01
PASS	typechecker:cmd/compile/internal/types2/TestCheck/decls5.go	interpreted				typechecker	PASS	-	-	0.01
PASS	typechecker:cmd/compile/internal/types2/TestCheck/decls5.go	native				typechecker	PASS	-	-	0
PASS	typechecker:cmd/compile/internal/types2/TestCheck/doubled_labels.go	compiled				typechecker	PASS	-	-	0.01
PASS	typechecker:cmd/compile/internal/types2/TestCheck/doubled_labels.go	interpreted				typechecker	PASS	-	-	0.01
PASS	typechecker:cmd/compile/internal/types2/TestCheck/doubled_labels.go	native				typechecker	PASS	-	-	0
PASS	typechecker:cmd/compile/internal/types2/TestCheck/errors.go	compiled				typechecker	PASS	-	-	0.01
PASS	typechecker:cmd/compile/internal/types2/TestCheck/errors.go	interpreted				typechecker	PASS	-	-	0.01
PASS	typechecker:cmd/compile/internal/types2/TestCheck/errors.go	native				typechecker	PASS	-	-	0
PASS	typechecker:cmd/compile/internal/types2/TestCheck/expr0.go	compiled				typechecker	PASS	-	-	0.01
PASS	typechecker:cmd/compile/internal/types2/TestCheck/expr0.go	interpreted				typechecker	PASS	-	-	0.01
PASS	typechecker:cmd/compile/internal/types2/TestCheck/expr0.go	native				typechecker	PASS	-	-	0
PASS	typechecker:cmd/compile/internal/types2/TestCheck/expr1.go	compiled				typechecker	PASS	-	-	0.01
PASS	typechecker:cmd/compile/internal/types2/TestCheck/expr1.go	interpreted				typechecker	PASS	-	-	0.01
PASS	typechecker:cmd/compile/internal/types2/TestCheck/expr1.go	native				typechecker	PASS	-	-	0
PASS	typechecker:cmd/compile/internal/types2/TestCheck/expr2.go	compiled				typechecker	PASS	-	-	0.01
PASS	typechecker:cmd/compile/internal/types2/TestCheck/expr2.go	interpreted				typechecker	PASS	-	-	0.01
PASS	typechecker:cmd/compile/internal/types2/TestCheck/expr2.go	native				typechecker	PASS	-	-	0
PASS	typechecker:cmd/compile/internal/types2/TestCheck/expr3.go	compiled				typechecker	PASS	-	-	0.07
PASS	typechecker:cmd/compile/internal/types2/TestCheck/expr3.go	interpreted				typechecker	PASS	-	-	0.07
PASS	typechecker:cmd/compile/internal/types2/TestCheck/expr3.go	native				typechecker	PASS	-	-	0
PASS	typechecker:cmd/compile/internal/types2/TestCheck/funcinference.go	compiled				typechecker	PASS	-	-	0.07
PASS	typechecker:cmd/compile/internal/types2/TestCheck/funcinference.go	interpreted				typechecker	PASS	-	-	0.06
PASS	typechecker:cmd/compile/internal/types2/TestCheck/funcinference.go	native				typechecker	PASS	-	-	0.03
PASS	typechecker:cmd/compile/internal/types2/TestCheck/go1_12.go	compiled				typechecker	PASS	-	-	0.01
PASS	typechecker:cmd/compile/internal/types2/TestCheck/go1_12.go	interpreted				typechecker	PASS	-	-	0.01
PASS	typechecker:cmd/compile/internal/types2/TestCheck/go1_12.go	native				typechecker	PASS	-	-	0
PASS	typechecker:cmd/compile/internal/types2/TestCheck/go1_13.go	compiled				typechecker	PASS	-	-	0.01
PASS	typechecker:cmd/compile/internal/types2/TestCheck/go1_13.go	interpreted				typechecker	PASS	-	-	0.01
PASS	typechecker:cmd/compile/internal/types2/TestCheck/go1_13.go	native				typechecker	PASS	-	-	0
PASS	typechecker:cmd/compile/internal/types2/TestCheck/go1_16.go	compiled				typechecker	PASS	-	-	0.01
PASS	typechecker:cmd/compile/internal/types2/TestCheck/go1_16.go	interpreted				typechecker	PASS	-	-	0.01
PASS	typechecker:cmd/compile/internal/types2/TestCheck/go1_16.go	native				typechecker	PASS	-	-	0
PASS	typechecker:cmd/compile/internal/types2/TestCheck/go1_19.go	compiled				typechecker	PASS	-	-	0.01
PASS	typechecker:cmd/compile/internal/types2/TestCheck/go1_19.go	interpreted				typechecker	PASS	-	-	0.01
PASS	typechecker:cmd/compile/internal/types2/TestCheck/go1_19.go	native				typechecker	PASS	-	-	0.01
PASS	typechecker:cmd/compile/internal/types2/TestCheck/go1_19_20.go	compiled				typechecker	PASS	-	-	0.01
PASS	typechecker:cmd/compile/internal/types2/TestCheck/go1_19_20.go	interpreted				typechecker	PASS	-	-	0.01
PASS	typechecker:cmd/compile/internal/types2/TestCheck/go1_19_20.go	native				typechecker	PASS	-	-	0
PASS	typechecker:cmd/compile/internal/types2/TestCheck/go1_20_19.go	compiled				typechecker	PASS	-	-	0.01
PASS	typechecker:cmd/compile/internal/types2/TestCheck/go1_20_19.go	interpreted				typechecker	PASS	-	-	0.01
PASS	typechecker:cmd/compile/internal/types2/TestCheck/go1_20_19.go	native				typechecker	PASS	-	-	0
PASS	typechecker:cmd/compile/internal/types2/TestCheck/go1_21_19.go	compiled				typechecker	PASS	-	-	0.01
PASS	typechecker:cmd/compile/internal/types2/TestCheck/go1_21_19.go	interpreted				typechecker	PASS	-	-	0.01
PASS	typechecker:cmd/compile/internal/types2/TestCheck/go1_21_19.go	native				typechecker	PASS	-	-	0
PASS	typechecker:cmd/compile/internal/types2/TestCheck/go1_21_22.go	compiled				typechecker	PASS	-	-	0.01
PASS	typechecker:cmd/compile/internal/types2/TestCheck/go1_21_22.go	interpreted				typechecker	PASS	-	-	0.01
PASS	typechecker:cmd/compile/internal/types2/TestCheck/go1_21_22.go	native				typechecker	PASS	-	-	0
PASS	typechecker:cmd/compile/internal/types2/TestCheck/go1_22_21.go	compiled				typechecker	PASS	-	-	0.01
PASS	typechecker:cmd/compile/internal/types2/TestCheck/go1_22_21.go	interpreted				typechecker	PASS	-	-	0.01
PASS	typechecker:cmd/compile/internal/types2/TestCheck/go1_22_21.go	native				typechecker	PASS	-	-	0
PASS	typechecker:cmd/compile/internal/types2/TestCheck/go1_25.go	compiled				typechecker	PASS	-	-	0.01
PASS	typechecker:cmd/compile/internal/types2/TestCheck/go1_25.go	interpreted				typechecker	PASS	-	-	0.01
PASS	typechecker:cmd/compile/internal/types2/TestCheck/go1_25.go	native				typechecker	PASS	-	-	0
PASS	typechecker:cmd/compile/internal/types2/TestCheck/go1_8.go	compiled				typechecker	PASS	-	-	0.01
PASS	typechecker:cmd/compile/internal/types2/TestCheck/go1_8.go	interpreted				typechecker	PASS	-	-	0.01
PASS	typechecker:cmd/compile/internal/types2/TestCheck/go1_8.go	native				typechecker	PASS	-	-	0
PASS	typechecker:cmd/compile/internal/types2/TestCheck/go1_xx_19.go	compiled				typechecker	PASS	-	-	0.01
PASS	typechecker:cmd/compile/internal/types2/TestCheck/go1_xx_19.go	interpreted				typechecker	PASS	-	-	0.01
PASS	typechecker:cmd/compile/internal/types2/TestCheck/go1_xx_19.go	native				typechecker	PASS	-	-	0
PASS	typechecker:cmd/compile/internal/types2/TestCheck/gotos.go	compiled				typechecker	PASS	-	-	0.01
PASS	typechecker:cmd/compile/internal/types2/TestCheck/gotos.go	interpreted				typechecker	PASS	-	-	0.01
PASS	typechecker:cmd/compile/internal/types2/TestCheck/gotos.go	native				typechecker	PASS	-	-	0
PASS	typechecker:cmd/compile/internal/types2/TestCheck/importC.go	compiled				typechecker	PASS	-	-	0.01
PASS	typechecker:cmd/compile/internal/types2/TestCheck/importC.go	interpreted				typechecker	PASS	-	-	0.01
PASS	typechecker:cmd/compile/internal/types2/TestCheck/importC.go	native				typechecker	PASS	-	-	0
PASS	typechecker:cmd/compile/internal/types2/TestCheck/importdecl0	compiled				typechecker	PASS	-	-	0.52
PASS	typechecker:cmd/compile/internal/types2/TestCheck/importdecl0	interpreted				typechecker	PASS	-	-	0.39
PASS	typechecker:cmd/compile/internal/types2/TestCheck/importdecl0	native				typechecker	PASS	-	-	0.2
PASS	typechecker:cmd/compile/internal/types2/TestCheck/importdecl1	compiled				typechecker	PASS	-	-	0.1
PASS	typechecker:cmd/compile/internal/types2/TestCheck/importdecl1	interpreted				typechecker	PASS	-	-	0.08
PASS	typechecker:cmd/compile/internal/types2/TestCheck/importdecl1	native				typechecker	PASS	-	-	0.04
PASS	typechecker:cmd/compile/internal/types2/TestCheck/init0.go	compiled				typechecker	PASS	-	-	0.01
PASS	typechecker:cmd/compile/internal/types2/TestCheck/init0.go	interpreted				typechecker	PASS	-	-	0.01
PASS	typechecker:cmd/compile/internal/types2/TestCheck/init0.go	native				typechecker	PASS	-	-	0
PASS	typechecker:cmd/compile/internal/types2/TestCheck/init1.go	compiled				typechecker	PASS	-	-	0.01
PASS	typechecker:cmd/compile/internal/types2/TestCheck/init1.go	interpreted				typechecker	PASS	-	-	0.01
PASS	typechecker:cmd/compile/internal/types2/TestCheck/init1.go	native				typechecker	PASS	-	-	0
PASS	typechecker:cmd/compile/internal/types2/TestCheck/init2.go	compiled				typechecker	PASS	-	-	0.01
PASS	typechecker:cmd/compile/internal/types2/TestCheck/init2.go	interpreted				typechecker	PASS	-	-	0.01
PASS	typechecker:cmd/compile/internal/types2/TestCheck/init2.go	native				typechecker	PASS	-	-	0
PASS	typechecker:cmd/compile/internal/types2/TestCheck/issue25008	compiled				typechecker	PASS	-	-	0.07
PASS	typechecker:cmd/compile/internal/types2/TestCheck/issue25008	interpreted				typechecker	PASS	-	-	0.06
PASS	typechecker:cmd/compile/internal/types2/TestCheck/issue25008	native				typechecker	PASS	-	-	0
PASS	typechecker:cmd/compile/internal/types2/TestCheck/issue70974.go	compiled				typechecker	PASS	-	-	0.01
PASS	typechecker:cmd/compile/internal/types2/TestCheck/issue70974.go	interpreted				typechecker	PASS	-	-	0.01
PASS	typechecker:cmd/compile/internal/types2/TestCheck/issue70974.go	native				typechecker	PASS	-	-	0
PASS	typechecker:cmd/compile/internal/types2/TestCheck/issues0.go	compiled				typechecker	PASS	-	-	0.31
PASS	typechecker:cmd/compile/internal/types2/TestCheck/issues0.go	interpreted				typechecker	PASS	-	-	0.27
PASS	typechecker:cmd/compile/internal/types2/TestCheck/issues0.go	native				typechecker	PASS	-	-	0.12
PASS	typechecker:cmd/compile/internal/types2/TestCheck/issues1.go	compiled				typechecker	PASS	-	-	0.14
PASS	typechecker:cmd/compile/internal/types2/TestCheck/issues1.go	interpreted				typechecker	PASS	-	-	0.12
PASS	typechecker:cmd/compile/internal/types2/TestCheck/issues1.go	native				typechecker	PASS	-	-	0.03
PASS	typechecker:cmd/compile/internal/types2/TestCheck/labels.go	compiled				typechecker	PASS	-	-	0.02
PASS	typechecker:cmd/compile/internal/types2/TestCheck/labels.go	interpreted				typechecker	PASS	-	-	0.01
PASS	typechecker:cmd/compile/internal/types2/TestCheck/labels.go	native				typechecker	PASS	-	-	0
PASS	typechecker:cmd/compile/internal/types2/TestCheck/linalg.go	compiled				typechecker	PASS	-	-	0.03
PASS	typechecker:cmd/compile/internal/types2/TestCheck/linalg.go	interpreted				typechecker	PASS	-	-	0.01
PASS	typechecker:cmd/compile/internal/types2/TestCheck/linalg.go	native				typechecker	PASS	-	-	0.01
PASS	typechecker:cmd/compile/internal/types2/TestCheck/literals.go	compiled				typechecker	PASS	-	-	0.01
PASS	typechecker:cmd/compile/internal/types2/TestCheck/literals.go	interpreted				typechecker	PASS	-	-	0.01
PASS	typechecker:cmd/compile/internal/types2/TestCheck/literals.go	native				typechecker	PASS	-	-	0.01
PASS	typechecker:cmd/compile/internal/types2/TestCheck/lookup1.go	compiled				typechecker	PASS	-	-	0.09
PASS	typechecker:cmd/compile/internal/types2/TestCheck/lookup1.go	interpreted				typechecker	PASS	-	-	0.08
PASS	typechecker:cmd/compile/internal/types2/TestCheck/lookup1.go	native				typechecker	PASS	-	-	0
PASS	typechecker:cmd/compile/internal/types2/TestCheck/lookup2.go	compiled				typechecker	PASS	-	-	0.18
PASS	typechecker:cmd/compile/internal/types2/TestCheck/lookup2.go	interpreted				typechecker	PASS	-	-	0.14
PASS	typechecker:cmd/compile/internal/types2/TestCheck/lookup2.go	native				typechecker	PASS	-	-	0
PASS	typechecker:cmd/compile/internal/types2/TestCheck/main0.go	compiled				typechecker	PASS	-	-	0.01
PASS	typechecker:cmd/compile/internal/types2/TestCheck/main0.go	interpreted				typechecker	PASS	-	-	0.01
PASS	typechecker:cmd/compile/internal/types2/TestCheck/main0.go	native				typechecker	PASS	-	-	0
PASS	typechecker:cmd/compile/internal/types2/TestCheck/main1.go	compiled				typechecker	PASS	-	-	0.01
PASS	typechecker:cmd/compile/internal/types2/TestCheck/main1.go	interpreted				typechecker	PASS	-	-	0.01
PASS	typechecker:cmd/compile/internal/types2/TestCheck/main1.go	native				typechecker	PASS	-	-	0
PASS	typechecker:cmd/compile/internal/types2/TestCheck/map0.go	compiled				typechecker	PASS	-	-	0.11
PASS	typechecker:cmd/compile/internal/types2/TestCheck/map0.go	interpreted				typechecker	PASS	-	-	0.07
PASS	typechecker:cmd/compile/internal/types2/TestCheck/map0.go	native				typechecker	PASS	-	-	0
PASS	typechecker:cmd/compile/internal/types2/TestCheck/map1.go	compiled				typechecker	PASS	-	-	0.01
PASS	typechecker:cmd/compile/internal/types2/TestCheck/map1.go	interpreted				typechecker	PASS	-	-	0.01
PASS	typechecker:cmd/compile/internal/types2/TestCheck/map1.go	native				typechecker	PASS	-	-	0
PASS	typechecker:cmd/compile/internal/types2/TestCheck/methodsets.go	compiled				typechecker	PASS	-	-	0.01
PASS	typechecker:cmd/compile/internal/types2/TestCheck/methodsets.go	interpreted				typechecker	PASS	-	-	0.01
PASS	typechecker:cmd/compile/internal/types2/TestCheck/methodsets.go	native				typechecker	PASS	-	-	0
PASS	typechecker:cmd/compile/internal/types2/TestCheck/shifts.go	compiled				typechecker	PASS	-	-	0.01
PASS	typechecker:cmd/compile/internal/types2/TestCheck/shifts.go	interpreted				typechecker	PASS	-	-	0.01
PASS	typechecker:cmd/compile/internal/types2/TestCheck/shifts.go	native				typechecker	PASS	-	-	0
PASS	typechecker:cmd/compile/internal/types2/TestCheck/slices.go	compiled				typechecker	PASS	-	-	0.01
PASS	typechecker:cmd/compile/internal/types2/TestCheck/slices.go	interpreted				typechecker	PASS	-	-	0.01
PASS	typechecker:cmd/compile/internal/types2/TestCheck/slices.go	native				typechecker	PASS	-	-	0
PASS	typechecker:cmd/compile/internal/types2/TestCheck/stmt0.go	compiled				typechecker	PASS	-	-	0.02
PASS	typechecker:cmd/compile/internal/types2/TestCheck/stmt0.go	interpreted				typechecker	PASS	-	-	0.01
PASS	typechecker:cmd/compile/internal/types2/TestCheck/stmt0.go	native				typechecker	PASS	-	-	0
PASS	typechecker:cmd/compile/internal/types2/TestCheck/stmt1.go	compiled				typechecker	PASS	-	-	0.01
PASS	typechecker:cmd/compile/internal/types2/TestCheck/stmt1.go	interpreted				typechecker	PASS	-	-	0.01
PASS	typechecker:cmd/compile/internal/types2/TestCheck/stmt1.go	native				typechecker	PASS	-	-	0.01
PASS	typechecker:cmd/compile/internal/types2/TestCheck/typeinference.go	compiled				typechecker	PASS	-	-	0.01
PASS	typechecker:cmd/compile/internal/types2/TestCheck/typeinference.go	interpreted				typechecker	PASS	-	-	0.01
PASS	typechecker:cmd/compile/internal/types2/TestCheck/typeinference.go	native				typechecker	PASS	-	-	0
PASS	typechecker:cmd/compile/internal/types2/TestCheck/typeinst0.go	compiled				typechecker	PASS	-	-	0.01
PASS	typechecker:cmd/compile/internal/types2/TestCheck/typeinst0.go	interpreted				typechecker	PASS	-	-	0.01
PASS	typechecker:cmd/compile/internal/types2/TestCheck/typeinst0.go	native				typechecker	PASS	-	-	0
PASS	typechecker:cmd/compile/internal/types2/TestCheck/typeinst1.go	compiled				typechecker	PASS	-	-	0.01
PASS	typechecker:cmd/compile/internal/types2/TestCheck/typeinst1.go	interpreted				typechecker	PASS	-	-	0.01
PASS	typechecker:cmd/compile/internal/types2/TestCheck/typeinst1.go	native				typechecker	PASS	-	-	0.01
PASS	typechecker:cmd/compile/internal/types2/TestCheck/typeinstcycles.go	compiled				typechecker	PASS	-	-	0.01
PASS	typechecker:cmd/compile/internal/types2/TestCheck/typeinstcycles.go	interpreted				typechecker	PASS	-	-	0.01
PASS	typechecker:cmd/compile/internal/types2/TestCheck/typeinstcycles.go	native				typechecker	PASS	-	-	0
PASS	typechecker:cmd/compile/internal/types2/TestCheck/typeparams.go	compiled				typechecker	PASS	-	-	0.02
PASS	typechecker:cmd/compile/internal/types2/TestCheck/typeparams.go	interpreted				typechecker	PASS	-	-	0.01
PASS	typechecker:cmd/compile/internal/types2/TestCheck/typeparams.go	native				typechecker	PASS	-	-	0
PASS	typechecker:cmd/compile/internal/types2/TestCheck/unions.go	compiled				typechecker	PASS	-	-	0.01
PASS	typechecker:cmd/compile/internal/types2/TestCheck/unions.go	interpreted				typechecker	PASS	-	-	0.01
PASS	typechecker:cmd/compile/internal/types2/TestCheck/unions.go	native				typechecker	PASS	-	-	0
PASS	typechecker:cmd/compile/internal/types2/TestCheck/vardecl.go	compiled				typechecker	PASS	-	-	0.03
PASS	typechecker:cmd/compile/internal/types2/TestCheck/vardecl.go	interpreted				typechecker	PASS	-	-	0.03
PASS	typechecker:cmd/compile/internal/types2/TestCheck/vardecl.go	native				typechecker	PASS	-	-	0
PASS	typechecker:cmd/compile/internal/types2/TestExamples/constraints.go	compiled				typechecker	PASS	-	-	0.01
PASS	typechecker:cmd/compile/internal/types2/TestExamples/constraints.go	interpreted				typechecker	PASS	-	-	0.01
PASS	typechecker:cmd/compile/internal/types2/TestExamples/constraints.go	native				typechecker	PASS	-	-	0
PASS	typechecker:cmd/compile/internal/types2/TestExamples/functions.go	compiled				typechecker	PASS	-	-	0.01
PASS	typechecker:cmd/compile/internal/types2/TestExamples/functions.go	interpreted				typechecker	PASS	-	-	0.01
PASS	typechecker:cmd/compile/internal/types2/TestExamples/functions.go	native				typechecker	PASS	-	-	0
PASS	typechecker:cmd/compile/internal/types2/TestExamples/inference.go	compiled				typechecker	PASS	-	-	0.01
PASS	typechecker:cmd/compile/internal/types2/TestExamples/inference.go	interpreted				typechecker	PASS	-	-	0.01
PASS	typechecker:cmd/compile/internal/types2/TestExamples/inference.go	native				typechecker	PASS	-	-	0
PASS	typechecker:cmd/compile/internal/types2/TestExamples/inference2.go	compiled				typechecker	PASS	-	-	0.01
PASS	typechecker:cmd/compile/internal/types2/TestExamples/inference2.go	interpreted				typechecker	PASS	-	-	0.01
PASS	typechecker:cmd/compile/internal/types2/TestExamples/inference2.go	native				typechecker	PASS	-	-	0
PASS	typechecker:cmd/compile/internal/types2/TestExamples/methods.go	compiled				typechecker	PASS	-	-	0.01
PASS	typechecker:cmd/compile/internal/types2/TestExamples/methods.go	interpreted				typechecker	PASS	-	-	0.01
PASS	typechecker:cmd/compile/internal/types2/TestExamples/methods.go	native				typechecker	PASS	-	-	0
PASS	typechecker:cmd/compile/internal/types2/TestExamples/operations.go	compiled				typechecker	PASS	-	-	0.01
PASS	typechecker:cmd/compile/internal/types2/TestExamples/operations.go	interpreted				typechecker	PASS	-	-	0.01
PASS	typechecker:cmd/compile/internal/types2/TestExamples/operations.go	native				typechecker	PASS	-	-	0
PASS	typechecker:cmd/compile/internal/types2/TestExamples/types.go	compiled				typechecker	PASS	-	-	0.01
PASS	typechecker:cmd/compile/internal/types2/TestExamples/types.go	interpreted				typechecker	PASS	-	-	0.01
PASS	typechecker:cmd/compile/internal/types2/TestExamples/types.go	native				typechecker	PASS	-	-	0
PASS	typechecker:cmd/compile/internal/types2/TestExamples/typesets.go	compiled				typechecker	PASS	-	-	0.01
PASS	typechecker:cmd/compile/internal/types2/TestExamples/typesets.go	interpreted				typechecker	PASS	-	-	0.01
PASS	typechecker:cmd/compile/internal/types2/TestExamples/typesets.go	native				typechecker	PASS	-	-	0
PASS	typechecker:cmd/compile/internal/types2/TestFixedbugs/issue20583.go	compiled				typechecker	PASS	-	-	0.01
PASS	typechecker:cmd/compile/internal/types2/TestFixedbugs/issue20583.go	interpreted				typechecker	PASS	-	-	0.01
PASS	typechecker:cmd/compile/internal/types2/TestFixedbugs/issue20583.go	native				typechecker	PASS	-	-	0
PASS	typechecker:cmd/compile/internal/types2/TestFixedbugs/issue23203a.go	compiled				typechecker	PASS	-	-	0.01
PASS	typechecker:cmd/compile/internal/types2/TestFixedbugs/issue23203a.go	interpreted				typechecker	PASS	-	-	0.01
PASS	typechecker:cmd/compile/internal/types2/TestFixedbugs/issue23203a.go	native				typechecker	PASS	-	-	0
PASS	typechecker:cmd/compile/internal/types2/TestFixedbugs/issue23203b.go	compiled				typechecker	PASS	-	-	0.01
PASS	typechecker:cmd/compile/internal/types2/TestFixedbugs/issue23203b.go	interpreted				typechecker	PASS	-	-	0.01
PASS	typechecker:cmd/compile/internal/types2/TestFixedbugs/issue23203b.go	native				typechecker	PASS	-	-	0
PASS	typechecker:cmd/compile/internal/types2/TestFixedbugs/issue25838.go	compiled				typechecker	PASS	-	-	0.01
PASS	typechecker:cmd/compile/internal/types2/TestFixedbugs/issue25838.go	interpreted				typechecker	PASS	-	-	0.01
PASS	typechecker:cmd/compile/internal/types2/TestFixedbugs/issue25838.go	native				typechecker	PASS	-	-	0
PASS	typechecker:cmd/compile/internal/types2/TestFixedbugs/issue26390.go	compiled				typechecker	PASS	-	-	0.01
PASS	typechecker:cmd/compile/internal/types2/TestFixedbugs/issue26390.go	interpreted				typechecker	PASS	-	-	0.01
PASS	typechecker:cmd/compile/internal/types2/TestFixedbugs/issue26390.go	native				typechecker	PASS	-	-	0
PASS	typechecker:cmd/compile/internal/types2/TestFixedbugs/issue28251.go	compiled				typechecker	PASS	-	-	0.01
PASS	typechecker:cmd/compile/internal/types2/TestFixedbugs/issue28251.go	interpreted				typechecker	PASS	-	-	0.01
PASS	typechecker:cmd/compile/internal/types2/TestFixedbugs/issue28251.go	native				typechecker	PASS	-	-	0
PASS	typechecker:cmd/compile/internal/types2/TestFixedbugs/issue3117.go	compiled				typechecker	PASS	-	-	0.01
PASS	typechecker:cmd/compile/internal/types2/TestFixedbugs/issue3117.go	interpreted				typechecker	PASS	-	-	0.01
PASS	typechecker:cmd/compile/internal/types2/TestFixedbugs/issue3117.go	native				typechecker	PASS	-	-	0
PASS	typechecker:cmd/compile/internal/types2/TestFixedbugs/issue39634.go	compiled				typechecker	PASS	-	-	0.01
PASS	typechecker:cmd/compile/internal/types2/TestFixedbugs/issue39634.go	interpreted				typechecker	PASS	-	-	0.01
PASS	typechecker:cmd/compile/internal/types2/TestFixedbugs/issue39634.go	native				typechecker	PASS	-	-	0
PASS	typechecker:cmd/compile/internal/types2/TestFixedbugs/issue39664.go	compiled				typechecker	PASS	-	-	0.01
PASS	typechecker:cmd/compile/internal/types2/TestFixedbugs/issue39664.go	interpreted				typechecker	PASS	-	-	0.01
PASS	typechecker:cmd/compile/internal/types2/TestFixedbugs/issue39664.go	native				typechecker	PASS	-	-	0
PASS	typechecker:cmd/compile/internal/types2/TestFixedbugs/issue39680.go	compiled				typechecker	PASS	-	-	0.01
PASS	typechecker:cmd/compile/internal/types2/TestFixedbugs/issue39680.go	interpreted				typechecker	PASS	-	-	0.01
PASS	typechecker:cmd/compile/internal/types2/TestFixedbugs/issue39680.go	native				typechecker	PASS	-	-	0
PASS	typechecker:cmd/compile/internal/types2/TestFixedbugs/issue39693.go	compiled				typechecker	PASS	-	-	0.01
PASS	typechecker:cmd/compile/internal/types2/TestFixedbugs/issue39693.go	interpreted				typechecker	PASS	-	-	0.01
PASS	typechecker:cmd/compile/internal/types2/TestFixedbugs/issue39693.go	native				typechecker	PASS	-	-	0
PASS	typechecker:cmd/compile/internal/types2/TestFixedbugs/issue39699.go	compiled				typechecker	PASS	-	-	0.01
PASS	typechecker:cmd/compile/internal/types2/TestFixedbugs/issue39699.go	interpreted				typechecker	PASS	-	-	0.01
PASS	typechecker:cmd/compile/internal/types2/TestFixedbugs/issue39699.go	native				typechecker	PASS	-	-	0
PASS	typechecker:cmd/compile/internal/types2/TestFixedbugs/issue39711.go	compiled				typechecker	PASS	-	-	0.01
PASS	typechecker:cmd/compile/internal/types2/TestFixedbugs/issue39711.go	interpreted				typechecker	PASS	-	-	0.01
PASS	typechecker:cmd/compile/internal/types2/TestFixedbugs/issue39711.go	native				typechecker	PASS	-	-	0
PASS	typechecker:cmd/compile/internal/types2/TestFixedbugs/issue39723.go	compiled				typechecker	PASS	-	-	0.01
PASS	typechecker:cmd/compile/internal/types2/TestFixedbugs/issue39723.go	interpreted				typechecker	PASS	-	-	0.01
PASS	typechecker:cmd/compile/internal/types2/TestFixedbugs/issue39723.go	native				typechecker	PASS	-	-	0
PASS	typechecker:cmd/compile/internal/types2/TestFixedbugs/issue39725.go	compiled				typechecker	PASS	-	-	0.01
PASS	typechecker:cmd/compile/internal/types2/TestFixedbugs/issue39725.go	interpreted				typechecker	PASS	-	-	0.01
PASS	typechecker:cmd/compile/internal/types2/TestFixedbugs/issue39725.go	native				typechecker	PASS	-	-	0
PASS	typechecker:cmd/compile/internal/types2/TestFixedbugs/issue39754.go	compiled				typechecker	PASS	-	-	0.01
PASS	typechecker:cmd/compile/internal/types2/TestFixedbugs/issue39754.go	interpreted				typechecker	PASS	-	-	0.01
PASS	typechecker:cmd/compile/internal/types2/TestFixedbugs/issue39754.go	native				typechecker	PASS	-	-	0
PASS	typechecker:cmd/compile/internal/types2/TestFixedbugs/issue39755.go	compiled				typechecker	PASS	-	-	0.02
PASS	typechecker:cmd/compile/internal/types2/TestFixedbugs/issue39755.go	interpreted				typechecker	PASS	-	-	0.01
PASS	typechecker:cmd/compile/internal/types2/TestFixedbugs/issue39755.go	native				typechecker	PASS	-	-	0
PASS	typechecker:cmd/compile/internal/types2/TestFixedbugs/issue39768.go	compiled				typechecker	PASS	-	-	0.02
PASS	typechecker:cmd/compile/internal/types2/TestFixedbugs/issue39768.go	interpreted				typechecker	PASS	-	-	0.01
PASS	typechecker:cmd/compile/internal/types2/TestFixedbugs/issue39768.go	native				typechecker	PASS	-	-	0
PASS	typechecker:cmd/compile/internal/types2/TestFixedbugs/issue39938.go	compiled				typechecker	PASS	-	-	0.01
PASS	typechecker:cmd/compile/internal/types2/TestFixedbugs/issue39938.go	interpreted				typechecker	PASS	-	-	0.01
PASS	typechecker:cmd/compile/internal/types2/TestFixedbugs/issue39938.go	native				typechecker	PASS	-	-	0
PASS	typechecker:cmd/compile/internal/types2/TestFixedbugs/issue39948.go	compiled				typechecker	PASS	-	-	0.01
PASS	typechecker:cmd/compile/internal/types2/TestFixedbugs/issue39948.go	interpreted				typechecker	PASS	-	-	0.01
PASS	typechecker:cmd/compile/internal/types2/TestFixedbugs/issue39948.go	native				typechecker	PASS	-	-	0
PASS	typechecker:cmd/compile/internal/types2/TestFixedbugs/issue39976.go	compiled				typechecker	PASS	-	-	0.01
PASS	typechecker:cmd/compile/internal/types2/TestFixedbugs/issue39976.go	interpreted				typechecker	PASS	-	-	0.01
PASS	typechecker:cmd/compile/internal/types2/TestFixedbugs/issue39976.go	native				typechecker	PASS	-	-	0
PASS	typechecker:cmd/compile/internal/types2/TestFixedbugs/issue39982.go	compiled				typechecker	PASS	-	-	0.01
PASS	typechecker:cmd/compile/internal/types2/TestFixedbugs/issue39982.go	interpreted				typechecker	PASS	-	-	0.01
PASS	typechecker:cmd/compile/internal/types2/TestFixedbugs/issue39982.go	native				typechecker	PASS	-	-	0.01
PASS	typechecker:cmd/compile/internal/types2/TestFixedbugs/issue40038.go	compiled				typechecker	PASS	-	-	0.01
PASS	typechecker:cmd/compile/internal/types2/TestFixedbugs/issue40038.go	interpreted				typechecker	PASS	-	-	0.01
PASS	typechecker:cmd/compile/internal/types2/TestFixedbugs/issue40038.go	native				typechecker	PASS	-	-	0
PASS	typechecker:cmd/compile/internal/types2/TestFixedbugs/issue40056.go	compiled				typechecker	PASS	-	-	0.01
PASS	typechecker:cmd/compile/internal/types2/TestFixedbugs/issue40056.go	interpreted				typechecker	PASS	-	-	0.01
PASS	typechecker:cmd/compile/internal/types2/TestFixedbugs/issue40056.go	native				typechecker	PASS	-	-	0
PASS	typechecker:cmd/compile/internal/types2/TestFixedbugs/issue40057.go	compiled				typechecker	PASS	-	-	0.01
PASS	typechecker:cmd/compile/internal/types2/TestFixedbugs/issue40057.go	interpreted				typechecker	PASS	-	-	0.01
PASS	typechecker:cmd/compile/internal/types2/TestFixedbugs/issue40057.go	native				typechecker	PASS	-	-	0
PASS	typechecker:cmd/compile/internal/types2/TestFixedbugs/issue40301.go	compiled				typechecker	PASS	-	-	0.01
PASS	typechecker:cmd/compile/internal/types2/TestFixedbugs/issue40301.go	interpreted				typechecker	PASS	-	-	0.01
PASS	typechecker:cmd/compile/internal/types2/TestFixedbugs/issue40301.go	native				typechecker	PASS	-	-	0
PASS	typechecker:cmd/compile/internal/types2/TestFixedbugs/issue40350.go	compiled				typechecker	PASS	-	-	0.01
PASS	typechecker:cmd/compile/internal/types2/TestFixedbugs/issue40350.go	interpreted				typechecker	PASS	-	-	0.01
PASS	typechecker:cmd/compile/internal/types2/TestFixedbugs/issue40350.go	native				typechecker	PASS	-	-	0
PASS	typechecker:cmd/compile/internal/types2/TestFixedbugs/issue40684.go	compiled				typechecker	PASS	-	-	0.01
PASS	typechecker:cmd/compile/internal/types2/TestFixedbugs/issue40684.go	interpreted				typechecker	PASS	-	-	0.01
PASS	typechecker:cmd/compile/internal/types2/TestFixedbugs/issue40684.go	native				typechecker	PASS	-	-	0
PASS	typechecker:cmd/compile/internal/types2/TestFixedbugs/issue40789.go	compiled				typechecker	PASS	-	-	0.08
PASS	typechecker:cmd/compile/internal/types2/TestFixedbugs/issue40789.go	interpreted				typechecker	PASS	-	-	0.07
PASS	typechecker:cmd/compile/internal/types2/TestFixedbugs/issue40789.go	native				typechecker	PASS	-	-	0
PASS	typechecker:cmd/compile/internal/types2/TestFixedbugs/issue41124.go	compiled				typechecker	PASS	-	-	0.02
PASS	typechecker:cmd/compile/internal/types2/TestFixedbugs/issue41124.go	interpreted				typechecker	PASS	-	-	0.01
PASS	typechecker:cmd/compile/internal/types2/TestFixedbugs/issue41124.go	native				typechecker	PASS	-	-	0
PASS	typechecker:cmd/compile/internal/types2/TestFixedbugs/issue41176.go	compiled				typechecker	PASS	-	-	0.01
PASS	typechecker:cmd/compile/internal/types2/TestFixedbugs/issue41176.go	interpreted				typechecker	PASS	-	-	0.01
PASS	typechecker:cmd/compile/internal/types2/TestFixedbugs/issue41176.go	native				typechecker	PASS	-	-	0
PASS	typechecker:cmd/compile/internal/types2/TestFixedbugs/issue42695.go	compiled				typechecker	PASS	-	-	0.01
PASS	typechecker:cmd/compile/internal/types2/TestFixedbugs/issue42695.go	interpreted				typechecker	PASS	-	-	0.01
PASS	typechecker:cmd/compile/internal/types2/TestFixedbugs/issue42695.go	native				typechecker	PASS	-	-	0
PASS	typechecker:cmd/compile/internal/types2/TestFixedbugs/issue42758.go	compiled				typechecker	PASS	-	-	0.02
PASS	typechecker:cmd/compile/internal/types2/TestFixedbugs/issue42758.go	interpreted				typechecker	PASS	-	-	0.01
PASS	typechecker:cmd/compile/internal/types2/TestFixedbugs/issue42758.go	native				typechecker	PASS	-	-	0
PASS	typechecker:cmd/compile/internal/types2/TestFixedbugs/issue42881.go	compiled				typechecker	PASS	-	-	0.02
PASS	typechecker:cmd/compile/internal/types2/TestFixedbugs/issue42881.go	interpreted				typechecker	PASS	-	-	0.01
PASS	typechecker:cmd/compile/internal/types2/TestFixedbugs/issue42881.go	native				typechecker	PASS	-	-	0
PASS	typechecker:cmd/compile/internal/types2/TestFixedbugs/issue42987.go	compiled				typechecker	PASS	-	-	0.01
PASS	typechecker:cmd/compile/internal/types2/TestFixedbugs/issue42987.go	interpreted				typechecker	PASS	-	-	0.01
PASS	typechecker:cmd/compile/internal/types2/TestFixedbugs/issue42987.go	native				typechecker	PASS	-	-	0
PASS	typechecker:cmd/compile/internal/types2/TestFixedbugs/issue43056.go	compiled				typechecker	PASS	-	-	0.01
PASS	typechecker:cmd/compile/internal/types2/TestFixedbugs/issue43056.go	interpreted				typechecker	PASS	-	-	0.01
PASS	typechecker:cmd/compile/internal/types2/TestFixedbugs/issue43056.go	native				typechecker	PASS	-	-	0
PASS	typechecker:cmd/compile/internal/types2/TestFixedbugs/issue43087.go	compiled				typechecker	PASS	-	-	0.01
PASS	typechecker:cmd/compile/internal/types2/TestFixedbugs/issue43087.go	interpreted				typechecker	PASS	-	-	0.01
PASS	typechecker:cmd/compile/internal/types2/TestFixedbugs/issue43087.go	native				typechecker	PASS	-	-	0
PASS	typechecker:cmd/compile/internal/types2/TestFixedbugs/issue43109.go	compiled				typechecker	PASS	-	-	0.01
PASS	typechecker:cmd/compile/internal/types2/TestFixedbugs/issue43109.go	interpreted				typechecker	PASS	-	-	0.01
PASS	typechecker:cmd/compile/internal/types2/TestFixedbugs/issue43109.go	native				typechecker	PASS	-	-	0.01
PASS	typechecker:cmd/compile/internal/types2/TestFixedbugs/issue43110.go	compiled				typechecker	PASS	-	-	0.01
PASS	typechecker:cmd/compile/internal/types2/TestFixedbugs/issue43110.go	interpreted				typechecker	PASS	-	-	0.01
PASS	typechecker:cmd/compile/internal/types2/TestFixedbugs/issue43110.go	native				typechecker	PASS	-	-	0
PASS	typechecker:cmd/compile/internal/types2/TestFixedbugs/issue43124.go	compiled				typechecker	PASS	-	-	0.01
PASS	typechecker:cmd/compile/internal/types2/TestFixedbugs/issue43124.go	interpreted				typechecker	PASS	-	-	0.01
PASS	typechecker:cmd/compile/internal/types2/TestFixedbugs/issue43124.go	native				typechecker	PASS	-	-	0
PASS	typechecker:cmd/compile/internal/types2/TestFixedbugs/issue43190.go	compiled				typechecker	PASS	-	-	0.1
PASS	typechecker:cmd/compile/internal/types2/TestFixedbugs/issue43190.go	interpreted				typechecker	PASS	-	-	0.09
PASS	typechecker:cmd/compile/internal/types2/TestFixedbugs/issue43190.go	native				typechecker	PASS	-	-	0
PASS	typechecker:cmd/compile/internal/types2/TestFixedbugs/issue43527.go	compiled				typechecker	PASS	-	-	0.01
PASS	typechecker:cmd/compile/internal/types2/TestFixedbugs/issue43527.go	interpreted				typechecker	PASS	-	-	0.01
PASS	typechecker:cmd/compile/internal/types2/TestFixedbugs/issue43527.go	native				typechecker	PASS	-	-	0
PASS	typechecker:cmd/compile/internal/types2/TestFixedbugs/issue43671.go	compiled				typechecker	PASS	-	-	0.01
PASS	typechecker:cmd/compile/internal/types2/TestFixedbugs/issue43671.go	interpreted				typechecker	PASS	-	-	0.01
PASS	typechecker:cmd/compile/internal/types2/TestFixedbugs/issue43671.go	native				typechecker	PASS	-	-	0
PASS	typechecker:cmd/compile/internal/types2/TestFixedbugs/issue44688.go	compiled				typechecker	PASS	-	-	0.01
PASS	typechecker:cmd/compile/internal/types2/TestFixedbugs/issue44688.go	interpreted				typechecker	PASS	-	-	0.01
PASS	typechecker:cmd/compile/internal/types2/TestFixedbugs/issue44688.go	native				typechecker	PASS	-	-	0
PASS	typechecker:cmd/compile/internal/types2/TestFixedbugs/issue44799.go	compiled				typechecker	PASS	-	-	0.02
PASS	typechecker:cmd/compile/internal/types2/TestFixedbugs/issue44799.go	interpreted				typechecker	PASS	-	-	0.01
PASS	typechecker:cmd/compile/internal/types2/TestFixedbugs/issue44799.go	native				typechecker	PASS	-	-	0
PASS	typechecker:cmd/compile/internal/types2/TestFixedbugs/issue45114.go	compiled				typechecker	PASS	-	-	0.01
PASS	typechecker:cmd/compile/internal/types2/TestFixedbugs/issue45114.go	interpreted				typechecker	PASS	-	-	0.01
PASS	typechecker:cmd/compile/internal/types2/TestFixedbugs/issue45114.go	native				typechecker	PASS	-	-	0
PASS	typechecker:cmd/compile/internal/types2/TestFixedbugs/issue45548.go	compiled				typechecker	PASS	-	-	0.01
PASS	typechecker:cmd/compile/internal/types2/TestFixedbugs/issue45548.go	interpreted				typechecker	PASS	-	-	0.01
PASS	typechecker:cmd/compile/internal/types2/TestFixedbugs/issue45548.go	native				typechecker	PASS	-	-	0
PASS	typechecker:cmd/compile/internal/types2/TestFixedbugs/issue45550.go	compiled				typechecker	PASS	-	-	0.01
PASS	typechecker:cmd/compile/internal/types2/TestFixedbugs/issue45550.go	interpreted				typechecker	PASS	-	-	0.01
PASS	typechecker:cmd/compile/internal/types2/TestFixedbugs/issue45550.go	native				typechecker	PASS	-	-	0
PASS	typechecker:cmd/compile/internal/types2/TestFixedbugs/issue45635.go	compiled				typechecker	PASS	-	-	0.02
PASS	typechecker:cmd/compile/internal/types2/TestFixedbugs/issue45635.go	interpreted				typechecker	PASS	-	-	0.01
PASS	typechecker:cmd/compile/internal/types2/TestFixedbugs/issue45635.go	native				typechecker	PASS	-	-	0
PASS	typechecker:cmd/compile/internal/types2/TestFixedbugs/issue45639.go	compiled				typechecker	PASS	-	-	0.01
PASS	typechecker:cmd/compile/internal/types2/TestFixedbugs/issue45639.go	interpreted				typechecker	PASS	-	-	0.01
PASS	typechecker:cmd/compile/internal/types2/TestFixedbugs/issue45639.go	native				typechecker	PASS	-	-	0
PASS	typechecker:cmd/compile/internal/types2/TestFixedbugs/issue45920.go	compiled				typechecker	PASS	-	-	0.01
PASS	typechecker:cmd/compile/internal/types2/TestFixedbugs/issue45920.go	interpreted				typechecker	PASS	-	-	0.01
PASS	typechecker:cmd/compile/internal/types2/TestFixedbugs/issue45920.go	native				typechecker	PASS	-	-	0.01
PASS	typechecker:cmd/compile/internal/types2/TestFixedbugs/issue45985.go	compiled				typechecker	PASS	-	-	0.01
PASS	typechecker:cmd/compile/internal/types2/TestFixedbugs/issue45985.go	interpreted				typechecker	PASS	-	-	0.01
PASS	typechecker:cmd/compile/internal/types2/TestFixedbugs/issue45985.go	native				typechecker	PASS	-	-	0
PASS	typechecker:cmd/compile/internal/types2/TestFixedbugs/issue46090.go	compiled				typechecker	PASS	-	-	0.01
PASS	typechecker:cmd/compile/internal/types2/TestFixedbugs/issue46090.go	interpreted				typechecker	PASS	-	-	0.01
PASS	typechecker:cmd/compile/internal/types2/TestFixedbugs/issue46090.go	native				typechecker	PASS	-	-	0
PASS	typechecker:cmd/compile/internal/types2/TestFixedbugs/issue46275.go	compiled				typechecker	PASS	-	-	0.01
PASS	typechecker:cmd/compile/internal/types2/TestFixedbugs/issue46275.go	interpreted				typechecker	PASS	-	-	0.01
PASS	typechecker:cmd/compile/internal/types2/TestFixedbugs/issue46275.go	native				typechecker	PASS	-	-	0.01
PASS	typechecker:cmd/compile/internal/types2/TestFixedbugs/issue46403.go	compiled				typechecker	PASS	-	-	0.01
PASS	typechecker:cmd/compile/internal/types2/TestFixedbugs/issue46403.go	interpreted				typechecker	PASS	-	-	0.01
PASS	typechecker:cmd/compile/internal/types2/TestFixedbugs/issue46403.go	native				typechecker	PASS	-	-	0.01
PASS	typechecker:cmd/compile/internal/types2/TestFixedbugs/issue46404.go	compiled				typechecker	PASS	-	-	0.01
PASS	typechecker:cmd/compile/internal/types2/TestFixedbugs/issue46404.go	interpreted				typechecker	PASS	-	-	0.01
PASS	typechecker:cmd/compile/internal/types2/TestFixedbugs/issue46404.go	native				typechecker	PASS	-	-	0
PASS	typechecker:cmd/compile/internal/types2/TestFixedbugs/issue46461.go	compiled				typechecker	PASS	-	-	0.01
PASS	typechecker:cmd/compile/internal/types2/TestFixedbugs/issue46461.go	interpreted				typechecker	PASS	-	-	0.01
PASS	typechecker:cmd/compile/internal/types2/TestFixedbugs/issue46461.go	native				typechecker	PASS	-	-	0
PASS	typechecker:cmd/compile/internal/types2/TestFixedbugs/issue46583.go	compiled				typechecker	PASS	-	-	0.01
PASS	typechecker:cmd/compile/internal/types2/TestFixedbugs/issue46583.go	interpreted				typechecker	PASS	-	-	0.01
PASS	typechecker:cmd/compile/internal/types2/TestFixedbugs/issue46583.go	native				typechecker	PASS	-	-	0
PASS	typechecker:cmd/compile/internal/types2/TestFixedbugs/issue47031.go	compiled				typechecker	PASS	-	-	0.01
PASS	typechecker:cmd/compile/internal/types2/TestFixedbugs/issue47031.go	interpreted				typechecker	PASS	-	-	0.01
PASS	typechecker:cmd/compile/internal/types2/TestFixedbugs/issue47031.go	native				typechecker	PASS	-	-	0
PASS	typechecker:cmd/compile/internal/types2/TestFixedbugs/issue47115.go	compiled				typechecker	PASS	-	-	0.01
PASS	typechecker:cmd/compile/internal/types2/TestFixedbugs/issue47115.go	interpreted				typechecker	PASS	-	-	0.01
PASS	typechecker:cmd/compile/internal/types2/TestFixedbugs/issue47115.go	native				typechecker	PASS	-	-	0
PASS	typechecker:cmd/compile/internal/types2/TestFixedbugs/issue47127.go	compiled				typechecker	PASS	-	-	0.01
PASS	typechecker:cmd/compile/internal/types2/TestFixedbugs/issue47127.go	interpreted				typechecker	PASS	-	-	0.01
PASS	typechecker:cmd/compile/internal/types2/TestFixedbugs/issue47127.go	native				typechecker	PASS	-	-	0
PASS	typechecker:cmd/compile/internal/types2/TestFixedbugs/issue47411.go	compiled				typechecker	PASS	-	-	0.01
PASS	typechecker:cmd/compile/internal/types2/TestFixedbugs/issue47411.go	interpreted				typechecker	PASS	-	-	0.01
PASS	typechecker:cmd/compile/internal/types2/TestFixedbugs/issue47411.go	native				typechecker	PASS	-	-	0
PASS	typechecker:cmd/compile/internal/types2/TestFixedbugs/issue47747.go	compiled				typechecker	PASS	-	-	0.01
PASS	typechecker:cmd/compile/internal/types2/TestFixedbugs/issue47747.go	interpreted				typechecker	PASS	-	-	0.01
PASS	typechecker:cmd/compile/internal/types2/TestFixedbugs/issue47747.go	native				typechecker	PASS	-	-	0
PASS	typechecker:cmd/compile/internal/types2/TestFixedbugs/issue47796.go	compiled				typechecker	PASS	-	-	0.01
PASS	typechecker:cmd/compile/internal/types2/TestFixedbugs/issue47796.go	interpreted				typechecker	PASS	-	-	0.01
PASS	typechecker:cmd/compile/internal/types2/TestFixedbugs/issue47796.go	native				typechecker	PASS	-	-	0
PASS	typechecker:cmd/compile/internal/types2/TestFixedbugs/issue47818.go	compiled				typechecker	PASS	-	-	0.01
PASS	typechecker:cmd/compile/internal/types2/TestFixedbugs/issue47818.go	interpreted				typechecker	PASS	-	-	0.01
PASS	typechecker:cmd/compile/internal/types2/TestFixedbugs/issue47818.go	native				typechecker	PASS	-	-	0
PASS	typechecker:cmd/compile/internal/types2/TestFixedbugs/issue47887.go	compiled				typechecker	PASS	-	-	0.01
PASS	typechecker:cmd/compile/internal/types2/TestFixedbugs/issue47887.go	interpreted				typechecker	PASS	-	-	0.01
PASS	typechecker:cmd/compile/internal/types2/TestFixedbugs/issue47887.go	native				typechecker	PASS	-	-	0
PASS	typechecker:cmd/compile/internal/types2/TestFixedbugs/issue47968.go	compiled				typechecker	PASS	-	-	0.01
PASS	typechecker:cmd/compile/internal/types2/TestFixedbugs/issue47968.go	interpreted				typechecker	PASS	-	-	0.01
PASS	typechecker:cmd/compile/internal/types2/TestFixedbugs/issue47968.go	native				typechecker	PASS	-	-	0
PASS	typechecker:cmd/compile/internal/types2/TestFixedbugs/issue48008.go	compiled				typechecker	PASS	-	-	0.01
PASS	typechecker:cmd/compile/internal/types2/TestFixedbugs/issue48008.go	interpreted				typechecker	PASS	-	-	0.01
PASS	typechecker:cmd/compile/internal/types2/TestFixedbugs/issue48008.go	native				typechecker	PASS	-	-	0
PASS	typechecker:cmd/compile/internal/types2/TestFixedbugs/issue48018.go	compiled				typechecker	PASS	-	-	0.01
PASS	typechecker:cmd/compile/internal/types2/TestFixedbugs/issue48018.go	interpreted				typechecker	PASS	-	-	0.01
PASS	typechecker:cmd/compile/internal/types2/TestFixedbugs/issue48018.go	native				typechecker	PASS	-	-	0
PASS	typechecker:cmd/compile/internal/types2/TestFixedbugs/issue48048.go	compiled				typechecker	PASS	-	-	0.01
PASS	typechecker:cmd/compile/internal/types2/TestFixedbugs/issue48048.go	interpreted				typechecker	PASS	-	-	0.01
PASS	typechecker:cmd/compile/internal/types2/TestFixedbugs/issue48048.go	native				typechecker	PASS	-	-	0
PASS	typechecker:cmd/compile/internal/types2/TestFixedbugs/issue48082.go	compiled				typechecker	PASS	-	-	0.44
PASS	typechecker:cmd/compile/internal/types2/TestFixedbugs/issue48082.go	interpreted				typechecker	PASS	-	-	0.08
PASS	typechecker:cmd/compile/internal/types2/TestFixedbugs/issue48082.go	native				typechecker	PASS	-	-	0
PASS	typechecker:cmd/compile/internal/types2/TestFixedbugs/issue48083.go	compiled				typechecker	PASS	-	-	0.01
PASS	typechecker:cmd/compile/internal/types2/TestFixedbugs/issue48083.go	interpreted				typechecker	PASS	-	-	0.01
PASS	typechecker:cmd/compile/internal/types2/TestFixedbugs/issue48083.go	native				typechecker	PASS	-	-	0
PASS	typechecker:cmd/compile/internal/types2/TestFixedbugs/issue48136.go	compiled				typechecker	PASS	-	-	0.01
PASS	typechecker:cmd/compile/internal/types2/TestFixedbugs/issue48136.go	interpreted				typechecker	PASS	-	-	0.01
PASS	typechecker:cmd/compile/internal/types2/TestFixedbugs/issue48136.go	native				typechecker	PASS	-	-	0
PASS	typechecker:cmd/compile/internal/types2/TestFixedbugs/issue48234.go	compiled				typechecker	PASS	-	-	0.01
PASS	typechecker:cmd/compile/internal/types2/TestFixedbugs/issue48234.go	interpreted				typechecker	PASS	-	-	0.01
PASS	typechecker:cmd/compile/internal/types2/TestFixedbugs/issue48234.go	native				typechecker	PASS	-	-	0
PASS	typechecker:cmd/compile/internal/types2/TestFixedbugs/issue48312.go	compiled				typechecker	PASS	-	-	0.01
PASS	typechecker:cmd/compile/internal/types2/TestFixedbugs/issue48312.go	interpreted				typechecker	PASS	-	-	0.01
PASS	typechecker:cmd/compile/internal/types2/TestFixedbugs/issue48312.go	native				typechecker	PASS	-	-	0
PASS	typechecker:cmd/compile/internal/types2/TestFixedbugs/issue48472.go	compiled				typechecker	PASS	-	-	0.01
PASS	typechecker:cmd/compile/internal/types2/TestFixedbugs/issue48472.go	interpreted				typechecker	PASS	-	-	0.01
PASS	typechecker:cmd/compile/internal/types2/TestFixedbugs/issue48472.go	native				typechecker	PASS	-	-	0
PASS	typechecker:cmd/compile/internal/types2/TestFixedbugs/issue48529.go	compiled				typechecker	PASS	-	-	0.01
PASS	typechecker:cmd/compile/internal/types2/TestFixedbugs/issue48529.go	interpreted				typechecker	PASS	-	-	0.01
PASS	typechecker:cmd/compile/internal/types2/TestFixedbugs/issue48529.go	native				typechecker	PASS	-	-	0
PASS	typechecker:cmd/compile/internal/types2/TestFixedbugs/issue48582.go	compiled				typechecker	PASS	-	-	0.01
PASS	typechecker:cmd/compile/internal/types2/TestFixedbugs/issue48582.go	interpreted				typechecker	PASS	-	-	0.01
PASS	typechecker:cmd/compile/internal/types2/TestFixedbugs/issue48582.go	native				typechecker	PASS	-	-	0
PASS	typechecker:cmd/compile/internal/types2/TestFixedbugs/issue48619.go	compiled				typechecker	PASS	-	-	0.01
PASS	typechecker:cmd/compile/internal/types2/TestFixedbugs/issue48619.go	interpreted				typechecker	PASS	-	-	0.01
PASS	typechecker:cmd/compile/internal/types2/TestFixedbugs/issue48619.go	native				typechecker	PASS	-	-	0
PASS	typechecker:cmd/compile/internal/types2/TestFixedbugs/issue48656.go	compiled				typechecker	PASS	-	-	0.01
PASS	typechecker:cmd/compile/internal/types2/TestFixedbugs/issue48656.go	interpreted				typechecker	PASS	-	-	0.01
PASS	typechecker:cmd/compile/internal/types2/TestFixedbugs/issue48656.go	native				typechecker	PASS	-	-	0
PASS	typechecker:cmd/compile/internal/types2/TestFixedbugs/issue48695.go	compiled				typechecker	PASS	-	-	0.01
PASS	typechecker:cmd/compile/internal/types2/TestFixedbugs/issue48695.go	interpreted				typechecker	PASS	-	-	0.01
PASS	typechecker:cmd/compile/internal/types2/TestFixedbugs/issue48695.go	native				typechecker	PASS	-	-	0
PASS	typechecker:cmd/compile/internal/types2/TestFixedbugs/issue48703.go	compiled				typechecker	PASS	-	-	0.01
PASS	typechecker:cmd/compile/internal/types2/TestFixedbugs/issue48703.go	interpreted				typechecker	PASS	-	-	0.01
PASS	typechecker:cmd/compile/internal/types2/TestFixedbugs/issue48703.go	native				typechecker	PASS	-	-	0
PASS	typechecker:cmd/compile/internal/types2/TestFixedbugs/issue48712.go	compiled				typechecker	PASS	-	-	0.01
PASS	typechecker:cmd/compile/internal/types2/TestFixedbugs/issue48712.go	interpreted				typechecker	PASS	-	-	0.01
PASS	typechecker:cmd/compile/internal/types2/TestFixedbugs/issue48712.go	native				typechecker	PASS	-	-	0
PASS	typechecker:cmd/compile/internal/types2/TestFixedbugs/issue48819.go	compiled				typechecker	PASS	-	-	0.01
PASS	typechecker:cmd/compile/internal/types2/TestFixedbugs/issue48819.go	interpreted				typechecker	PASS	-	-	0.01
PASS	typechecker:cmd/compile/internal/types2/TestFixedbugs/issue48819.go	native				typechecker	PASS	-	-	0
PASS	typechecker:cmd/compile/internal/types2/TestFixedbugs/issue48827.go	compiled				typechecker	PASS	-	-	0.01
PASS	typechecker:cmd/compile/internal/types2/TestFixedbugs/issue48827.go	interpreted				typechecker	PASS	-	-	0.01
PASS	typechecker:cmd/compile/internal/types2/TestFixedbugs/issue48827.go	native				typechecker	PASS	-	-	0.01
PASS	typechecker:cmd/compile/internal/types2/TestFixedbugs/issue48951.go	compiled				typechecker	PASS	-	-	0.01
PASS	typechecker:cmd/compile/internal/types2/TestFixedbugs/issue48951.go	interpreted				typechecker	PASS	-	-	0.01
PASS	typechecker:cmd/compile/internal/types2/TestFixedbugs/issue48951.go	native				typechecker	PASS	-	-	0
PASS	typechecker:cmd/compile/internal/types2/TestFixedbugs/issue48962.go	compiled				typechecker	PASS	-	-	0.01
PASS	typechecker:cmd/compile/internal/types2/TestFixedbugs/issue48962.go	interpreted				typechecker	PASS	-	-	0.01
PASS	typechecker:cmd/compile/internal/types2/TestFixedbugs/issue48962.go	native				typechecker	PASS	-	-	0
PASS	typechecker:cmd/compile/internal/types2/TestFixedbugs/issue48974.go	compiled				typechecker	PASS	-	-	0.01
PASS	typechecker:cmd/compile/internal/types2/TestFixedbugs/issue48974.go	interpreted				typechecker	PASS	-	-	0.01
PASS	typechecker:cmd/compile/internal/types2/TestFixedbugs/issue48974.go	native				typechecker	PASS	-	-	0
PASS	typechecker:cmd/compile/internal/types2/TestFixedbugs/issue49003.go	compiled				typechecker	PASS	-	-	0.01
PASS	typechecker:cmd/compile/internal/types2/TestFixedbugs/issue49003.go	interpreted				typechecker	PASS	-	-	0.01
PASS	typechecker:cmd/compile/internal/types2/TestFixedbugs/issue49003.go	native				typechecker	PASS	-	-	0
PASS	typechecker:cmd/compile/internal/types2/TestFixedbugs/issue49005.go	compiled				typechecker	PASS	-	-	0.01
PASS	typechecker:cmd/compile/internal/types2/TestFixedbugs/issue49005.go	interpreted				typechecker	PASS	-	-	0.01
PASS	typechecker:cmd/compile/internal/types2/TestFixedbugs/issue49005.go	native				typechecker	PASS	-	-	0
PASS	typechecker:cmd/compile/internal/types2/TestFixedbugs/issue49043.go	compiled				typechecker	PASS	-	-	0.01
PASS	typechecker:cmd/compile/internal/types2/TestFixedbugs/issue49043.go	interpreted				typechecker	PASS	-	-	0.01
PASS	typechecker:cmd/compile/internal/types2/TestFixedbugs/issue49043.go	native				typechecker	PASS	-	-	0
PASS	typechecker:cmd/compile/internal/types2/TestFixedbugs/issue49112.go	compiled				typechecker	PASS	-	-	0.01
PASS	typechecker:cmd/compile/internal/types2/TestFixedbugs/issue49112.go	interpreted				typechecker	PASS	-	-	0.01
PASS	typechecker:cmd/compile/internal/types2/TestFixedbugs/issue49112.go	native				typechecker	PASS	-	-	0
PASS	typechecker:cmd/compile/internal/types2/TestFixedbugs/issue49179.go	compiled				typechecker	PASS	-	-	0.01
PASS	typechecker:cmd/compile/internal/types2/TestFixedbugs/issue49179.go	interpreted				typechecker	PASS	-	-	0.01
PASS	typechecker:cmd/compile/internal/types2/TestFixedbugs/issue49179.go	native				typechecker	PASS	-	-	0
PASS	typechecker:cmd/compile/internal/types2/TestFixedbugs/issue49242.go	compiled				typechecker	PASS	-	-	0.01
PASS	typechecker:cmd/compile/internal/types2/TestFixedbugs/issue49242.go	interpreted				typechecker	PASS	-	-	0.01
PASS	typechecker:cmd/compile/internal/types2/TestFixedbugs/issue49242.go	native				typechecker	PASS	-	-	0
PASS	typechecker:cmd/compile/internal/types2/TestFixedbugs/issue49247.go	compiled				typechecker	PASS	-	-	0.01
PASS	typechecker:cmd/compile/internal/types2/TestFixedbugs/issue49247.go	interpreted				typechecker	PASS	-	-	0.01
PASS	typechecker:cmd/compile/internal/types2/TestFixedbugs/issue49247.go	native				typechecker	PASS	-	-	0
PASS	typechecker:cmd/compile/internal/types2/TestFixedbugs/issue49276.go	compiled				typechecker	PASS	-	-	0.01
PASS	typechecker:cmd/compile/internal/types2/TestFixedbugs/issue49276.go	interpreted				typechecker	PASS	-	-	0.01
PASS	typechecker:cmd/compile/internal/types2/TestFixedbugs/issue49276.go	native				typechecker	PASS	-	-	0
PASS	typechecker:cmd/compile/internal/types2/TestFixedbugs/issue49296.go	compiled				typechecker	PASS	-	-	0.01
PASS	typechecker:cmd/compile/internal/types2/TestFixedbugs/issue49296.go	interpreted				typechecker	PASS	-	-	0.01
PASS	typechecker:cmd/compile/internal/types2/TestFixedbugs/issue49296.go	native				typechecker	PASS	-	-	0
PASS	typechecker:cmd/compile/internal/types2/TestFixedbugs/issue49439.go	compiled				typechecker	PASS	-	-	0.01
PASS	typechecker:cmd/compile/internal/types2/TestFixedbugs/issue49439.go	interpreted				typechecker	PASS	-	-	0.01
PASS	typechecker:cmd/compile/internal/types2/TestFixedbugs/issue49439.go	native				typechecker	PASS	-	-	0
PASS	typechecker:cmd/compile/internal/types2/TestFixedbugs/issue49482.go	compiled				typechecker	PASS	-	-	0.01
PASS	typechecker:cmd/compile/internal/types2/TestFixedbugs/issue49482.go	interpreted				typechecker	PASS	-	-	0.01
PASS	typechecker:cmd/compile/internal/types2/TestFixedbugs/issue49482.go	native				typechecker	PASS	-	-	0
PASS	typechecker:cmd/compile/internal/types2/TestFixedbugs/issue49541.go	compiled				typechecker	PASS	-	-	0.01
PASS	typechecker:cmd/compile/internal/types2/TestFixedbugs/issue49541.go	interpreted				typechecker	PASS	-	-	0.01
PASS	typechecker:cmd/compile/internal/types2/TestFixedbugs/issue49541.go	native				typechecker	PASS	-	-	0
PASS	typechecker:cmd/compile/internal/types2/TestFixedbugs/issue49579.go	compiled				typechecker	PASS	-	-	0.01
PASS	typechecker:cmd/compile/internal/types2/TestFixedbugs/issue49579.go	interpreted				typechecker	PASS	-	-	0.01
PASS	typechecker:cmd/compile/internal/types2/TestFixedbugs/issue49579.go	native				typechecker	PASS	-	-	0
PASS	typechecker:cmd/compile/internal/types2/TestFixedbugs/issue49592.go	compiled				typechecker	PASS	-	-	0.01
PASS	typechecker:cmd/compile/internal/types2/TestFixedbugs/issue49592.go	interpreted				typechecker	PASS	-	-	0.01
PASS	typechecker:cmd/compile/internal/types2/TestFixedbugs/issue49592.go	native				typechecker	PASS	-	-	0
PASS	typechecker:cmd/compile/internal/types2/TestFixedbugs/issue49602.go	compiled				typechecker	PASS	-	-	0.01
PASS	typechecker:cmd/compile/internal/types2/TestFixedbugs/issue49602.go	interpreted				typechecker	PASS	-	-	0.01
PASS	typechecker:cmd/compile/internal/types2/TestFixedbugs/issue49602.go	native				typechecker	PASS	-	-	0
PASS	typechecker:cmd/compile/internal/types2/TestFixedbugs/issue49705.go	compiled				typechecker	PASS	-	-	0.01
PASS	typechecker:cmd/compile/internal/types2/TestFixedbugs/issue49705.go	interpreted				typechecker	PASS	-	-	0.01
PASS	typechecker:cmd/compile/internal/types2/TestFixedbugs/issue49705.go	native				typechecker	PASS	-	-	0
PASS	typechecker:cmd/compile/internal/types2/TestFixedbugs/issue49735.go	compiled				typechecker	PASS	-	-	0.01
PASS	typechecker:cmd/compile/internal/types2/TestFixedbugs/issue49735.go	interpreted				typechecker	PASS	-	-	0.01
PASS	typechecker:cmd/compile/internal/types2/TestFixedbugs/issue49735.go	native				typechecker	PASS	-	-	0
PASS	typechecker:cmd/compile/internal/types2/TestFixedbugs/issue49736.go	compiled				typechecker	PASS	-	-	0.09
PASS	typechecker:cmd/compile/internal/types2/TestFixedbugs/issue49736.go	interpreted				typechecker	PASS	-	-	0.07
PASS	typechecker:cmd/compile/internal/types2/TestFixedbugs/issue49736.go	native				typechecker	PASS	-	-	0
PASS	typechecker:cmd/compile/internal/types2/TestFixedbugs/issue49739.go	compiled				typechecker	PASS	-	-	0.01
PASS	typechecker:cmd/compile/internal/types2/TestFixedbugs/issue49739.go	interpreted				typechecker	PASS	-	-	0.01
PASS	typechecker:cmd/compile/internal/types2/TestFixedbugs/issue49739.go	native				typechecker	PASS	-	-	0
PASS	typechecker:cmd/compile/internal/types2/TestFixedbugs/issue49864.go	compiled				typechecker	PASS	-	-	0.01
PASS	typechecker:cmd/compile/internal/types2/TestFixedbugs/issue49864.go	interpreted				typechecker	PASS	-	-	0.01
PASS	typechecker:cmd/compile/internal/types2/TestFixedbugs/issue49864.go	native				typechecker	PASS	-	-	0
PASS	typechecker:cmd/compile/internal/types2/TestFixedbugs/issue50259.go	compiled				typechecker	PASS	-	-	0.01
PASS	typechecker:cmd/compile/internal/types2/TestFixedbugs/issue50259.go	interpreted				typechecker	PASS	-	-	0.01
PASS	typechecker:cmd/compile/internal/types2/TestFixedbugs/issue50259.go	native				typechecker	PASS	-	-	0
PASS	typechecker:cmd/compile/internal/types2/TestFixedbugs/issue50276.go	compiled				typechecker	PASS	-	-	0.01
PASS	typechecker:cmd/compile/internal/types2/TestFixedbugs/issue50276.go	interpreted				typechecker	PASS	-	-	0.01
PASS	typechecker:cmd/compile/internal/types2/TestFixedbugs/issue50276.go	native				typechecker	PASS	-	-	0
PASS	typechecker:cmd/compile/internal/types2/TestFixedbugs/issue50281.go	compiled				typechecker	PASS	-	-	0.01
PASS	typechecker:cmd/compile/internal/types2/TestFixedbugs/issue50281.go	interpreted				typechecker	PASS	-	-	0.01
PASS	typechecker:cmd/compile/internal/types2/TestFixedbugs/issue50281.go	native				typechecker	PASS	-	-	0
PASS	typechecker:cmd/compile/internal/types2/TestFixedbugs/issue50321.go	compiled				typechecker	PASS	-	-	0.01
PASS	typechecker:cmd/compile/internal/types2/TestFixedbugs/issue50321.go	interpreted				typechecker	PASS	-	-	0.01
PASS	typechecker:cmd/compile/internal/types2/TestFixedbugs/issue50321.go	native				typechecker	PASS	-	-	0
PASS	typechecker:cmd/compile/internal/types2/TestFixedbugs/issue50372.go	compiled				typechecker	PASS	-	-	0.01
PASS	typechecker:cmd/compile/internal/types2/TestFixedbugs/issue50372.go	interpreted				typechecker	PASS	-	-	0.01
PASS	typechecker:cmd/compile/internal/types2/TestFixedbugs/issue50372.go	native				typechecker	PASS	-	-	0
PASS	typechecker:cmd/compile/internal/types2/TestFixedbugs/issue50417.go	compiled				typechecker	PASS	-	-	0.01
PASS	typechecker:cmd/compile/internal/types2/TestFixedbugs/issue50417.go	interpreted				typechecker	PASS	-	-	0.01
PASS	typechecker:cmd/compile/internal/types2/TestFixedbugs/issue50417.go	native				typechecker	PASS	-	-	0
PASS	typechecker:cmd/compile/internal/types2/TestFixedbugs/issue50426.go	compiled				typechecker	PASS	-	-	0.01
PASS	typechecker:cmd/compile/internal/types2/TestFixedbugs/issue50426.go	interpreted				typechecker	PASS	-	-	0.01
PASS	typechecker:cmd/compile/internal/types2/TestFixedbugs/issue50426.go	native				typechecker	PASS	-	-	0
PASS	typechecker:cmd/compile/internal/types2/TestFixedbugs/issue50427a.go	compiled				typechecker	PASS	-	-	0.01
PASS	typechecker:cmd/compile/internal/types2/TestFixedbugs/issue50427a.go	interpreted				typechecker	PASS	-	-	0.01
PASS	typechecker:cmd/compile/internal/types2/TestFixedbugs/issue50427a.go	native				typechecker	PASS	-	-	0
PASS	typechecker:cmd/compile/internal/types2/TestFixedbugs/issue50427b.go	compiled				typechecker	PASS	-	-	0.01
PASS	typechecker:cmd/compile/internal/types2/TestFixedbugs/issue50427b.go	interpreted				typechecker	PASS	-	-	0.01
PASS	typechecker:cmd/compile/internal/types2/TestFixedbugs/issue50427b.go	native				typechecker	PASS	-	-	0
PASS	typechecker:cmd/compile/internal/types2/TestFixedbugs/issue50450.go	compiled				typechecker	PASS	-	-	0.01
PASS	typechecker:cmd/compile/internal/types2/TestFixedbugs/issue50450.go	interpreted				typechecker	PASS	-	-	0.01
PASS	typechecker:cmd/compile/internal/types2/TestFixedbugs/issue50450.go	native				typechecker	PASS	-	-	0
PASS	typechecker:cmd/compile/internal/types2/TestFixedbugs/issue50516.go	compiled				typechecker	PASS	-	-	0.01
PASS	typechecker:cmd/compile/internal/types2/TestFixedbugs/issue50516.go	interpreted				typechecker	PASS	-	-	0.01
PASS	typechecker:cmd/compile/internal/types2/TestFixedbugs/issue50516.go	native				typechecker	PASS	-	-	0
PASS	typechecker:cmd/compile/internal/types2/TestFixedbugs/issue50646.go	compiled				typechecker	PASS	-	-	0.01
PASS	typechecker:cmd/compile/internal/types2/TestFixedbugs/issue50646.go	interpreted				typechecker	PASS	-	-	0.01
PASS	typechecker:cmd/compile/internal/types2/TestFixedbugs/issue50646.go	native				typechecker	PASS	-	-	0
PASS	typechecker:cmd/compile/internal/types2/TestFixedbugs/issue50729.go	compiled				typechecker	PASS	-	-	0.01
PASS	typechecker:cmd/compile/internal/types2/TestFixedbugs/issue50729.go	interpreted				typechecker	PASS	-	-	0.01
PASS	typechecker:cmd/compile/internal/types2/TestFixedbugs/issue50729.go	native				typechecker	PASS	-	-	0
PASS	typechecker:cmd/compile/internal/types2/TestFixedbugs/issue50729b.go	compiled				typechecker	PASS	-	-	0.01
PASS	typechecker:cmd/compile/internal/types2/TestFixedbugs/issue50729b.go	interpreted				typechecker	PASS	-	-	0.01
PASS	typechecker:cmd/compile/internal/types2/TestFixedbugs/issue50729b.go	native				typechecker	PASS	-	-	0
PASS	typechecker:cmd/compile/internal/types2/TestFixedbugs/issue50755.go	compiled				typechecker	PASS	-	-	0.01
PASS	typechecker:cmd/compile/internal/types2/TestFixedbugs/issue50755.go	interpreted				typechecker	PASS	-	-	0.01
PASS	typechecker:cmd/compile/internal/types2/TestFixedbugs/issue50755.go	native				typechecker	PASS	-	-	0
PASS	typechecker:cmd/compile/internal/types2/TestFixedbugs/issue50779.go	compiled				typechecker	PASS	-	-	0.01
PASS	typechecker:cmd/compile/internal/types2/TestFixedbugs/issue50779.go	interpreted				typechecker	PASS	-	-	0.01
PASS	typechecker:cmd/compile/internal/types2/TestFixedbugs/issue50779.go	native				typechecker	PASS	-	-	0
PASS	typechecker:cmd/compile/internal/types2/TestFixedbugs/issue50782.go	compiled				typechecker	PASS	-	-	0.01
PASS	typechecker:cmd/compile/internal/types2/TestFixedbugs/issue50782.go	interpreted				typechecker	PASS	-	-	0.01
PASS	typechecker:cmd/compile/internal/types2/TestFixedbugs/issue50782.go	native				typechecker	PASS	-	-	0
PASS	typechecker:cmd/compile/internal/types2/TestFixedbugs/issue50816.go	compiled				typechecker	PASS	-	-	0.01
PASS	typechecker:cmd/compile/internal/types2/TestFixedbugs/issue50816.go	interpreted				typechecker	PASS	-	-	0.01
PASS	typechecker:cmd/compile/internal/types2/TestFixedbugs/issue50816.go	native				typechecker	PASS	-	-	0
PASS	typechecker:cmd/compile/internal/types2/TestFixedbugs/issue50833.go	compiled				typechecker	PASS	-	-	0.01
PASS	typechecker:cmd/compile/internal/types2/TestFixedbugs/issue50833.go	interpreted				typechecker	PASS	-	-	0.01
PASS	typechecker:cmd/compile/internal/types2/TestFixedbugs/issue50833.go	native				typechecker	PASS	-	-	0
PASS	typechecker:cmd/compile/internal/types2/TestFixedbugs/issue50912.go	compiled				typechecker	PASS	-	-	0.01
PASS	typechecker:cmd/compile/internal/types2/TestFixedbugs/issue50912.go	interpreted				typechecker	PASS	-	-	0.01
PASS	typechecker:cmd/compile/internal/types2/TestFixedbugs/issue50912.go	native				typechecker	PASS	-	-	0
PASS	typechecker:cmd/compile/internal/types2/TestFixedbugs/issue50918.go	compiled				typechecker	PASS	-	-	0.01
PASS	typechecker:cmd/compile/internal/types2/TestFixedbugs/issue50918.go	interpreted				typechecker	PASS	-	-	0.01
PASS	typechecker:cmd/compile/internal/types2/TestFixedbugs/issue50918.go	native				typechecker	PASS	-	-	0
PASS	typechecker:cmd/compile/internal/types2/TestFixedbugs/issue50929.go	compiled				typechecker	PASS	-	-	0.08
PASS	typechecker:cmd/compile/internal/types2/TestFixedbugs/issue50929.go	interpreted				typechecker	PASS	-	-	0.07
PASS	typechecker:cmd/compile/internal/types2/TestFixedbugs/issue50929.go	native				typechecker	PASS	-	-	0
PASS	typechecker:cmd/compile/internal/types2/TestFixedbugs/issue50965.go	compiled				typechecker	PASS	-	-	0.01
PASS	typechecker:cmd/compile/internal/types2/TestFixedbugs/issue50965.go	interpreted				typechecker	PASS	-	-	0.01
PASS	typechecker:cmd/compile/internal/types2/TestFixedbugs/issue50965.go	native				typechecker	PASS	-	-	0
PASS	typechecker:cmd/compile/internal/types2/TestFixedbugs/issue51025.go	compiled				typechecker	PASS	-	-	0.01
PASS	typechecker:cmd/compile/internal/types2/TestFixedbugs/issue51025.go	interpreted				typechecker	PASS	-	-	0.01
PASS	typechecker:cmd/compile/internal/types2/TestFixedbugs/issue51025.go	native				typechecker	PASS	-	-	0
PASS	typechecker:cmd/compile/internal/types2/TestFixedbugs/issue51048.go	compiled				typechecker	PASS	-	-	0.01
PASS	typechecker:cmd/compile/internal/types2/TestFixedbugs/issue51048.go	interpreted				typechecker	PASS	-	-	0.01
PASS	typechecker:cmd/compile/internal/types2/TestFixedbugs/issue51048.go	native				typechecker	PASS	-	-	0.01
PASS	typechecker:cmd/compile/internal/types2/TestFixedbugs/issue51139.go	compiled				typechecker	PASS	-	-	0.01
PASS	typechecker:cmd/compile/internal/types2/TestFixedbugs/issue51139.go	interpreted				typechecker	PASS	-	-	0.01
PASS	typechecker:cmd/compile/internal/types2/TestFixedbugs/issue51139.go	native				typechecker	PASS	-	-	0.02
PASS	typechecker:cmd/compile/internal/types2/TestFixedbugs/issue51145.go	compiled				typechecker	PASS	-	-	0.09
PASS	typechecker:cmd/compile/internal/types2/TestFixedbugs/issue51145.go	interpreted				typechecker	PASS	-	-	0.07
PASS	typechecker:cmd/compile/internal/types2/TestFixedbugs/issue51145.go	native				typechecker	PASS	-	-	0
PASS	typechecker:cmd/compile/internal/types2/TestFixedbugs/issue51158.go	compiled				typechecker	PASS	-	-	0.01
PASS	typechecker:cmd/compile/internal/types2/TestFixedbugs/issue51158.go	interpreted				typechecker	PASS	-	-	0.01
PASS	typechecker:cmd/compile/internal/types2/TestFixedbugs/issue51158.go	native				typechecker	PASS	-	-	0
PASS	typechecker:cmd/compile/internal/types2/TestFixedbugs/issue51229.go	compiled				typechecker	PASS	-	-	0.01
PASS	typechecker:cmd/compile/internal/types2/TestFixedbugs/issue51229.go	interpreted				typechecker	PASS	-	-	0.01
PASS	typechecker:cmd/compile/internal/types2/TestFixedbugs/issue51229.go	native				typechecker	PASS	-	-	0
PASS	typechecker:cmd/compile/internal/types2/TestFixedbugs/issue51232.go	compiled				typechecker	PASS	-	-	0.01
PASS	typechecker:cmd/compile/internal/types2/TestFixedbugs/issue51232.go	interpreted				typechecker	PASS	-	-	0.01
PASS	typechecker:cmd/compile/internal/types2/TestFixedbugs/issue51232.go	native				typechecker	PASS	-	-	0
PASS	typechecker:cmd/compile/internal/types2/TestFixedbugs/issue51233.go	compiled				typechecker	PASS	-	-	0.01
PASS	typechecker:cmd/compile/internal/types2/TestFixedbugs/issue51233.go	interpreted				typechecker	PASS	-	-	0.01
PASS	typechecker:cmd/compile/internal/types2/TestFixedbugs/issue51233.go	native				typechecker	PASS	-	-	0
PASS	typechecker:cmd/compile/internal/types2/TestFixedbugs/issue51257.go	compiled				typechecker	PASS	-	-	0.01
PASS	typechecker:cmd/compile/internal/types2/TestFixedbugs/issue51257.go	interpreted				typechecker	PASS	-	-	0.01
PASS	typechecker:cmd/compile/internal/types2/TestFixedbugs/issue51257.go	native				typechecker	PASS	-	-	0
PASS	typechecker:cmd/compile/internal/types2/TestFixedbugs/issue51335.go	compiled				typechecker	PASS	-	-	0.01
PASS	typechecker:cmd/compile/internal/types2/TestFixedbugs/issue51335.go	interpreted				typechecker	PASS	-	-	0.01
PASS	typechecker:cmd/compile/internal/types2/TestFixedbugs/issue51335.go	native				typechecker	PASS	-	-	0
PASS	typechecker:cmd/compile/internal/types2/TestFixedbugs/issue51339.go	compiled				typechecker	PASS	-	-	0.01
PASS	typechecker:cmd/compile/internal/types2/TestFixedbugs/issue51339.go	interpreted				typechecker	PASS	-	-	0.01
PASS	typechecker:cmd/compile/internal/types2/TestFixedbugs/issue51339.go	native				typechecker	PASS	-	-	0
PASS	typechecker:cmd/compile/internal/types2/TestFixedbugs/issue51360.go	compiled				typechecker	PASS	-	-	0.01
PASS	typechecker:cmd/compile/internal/types2/TestFixedbugs/issue51360.go	interpreted				typechecker	PASS	-	-	0.01
PASS	typechecker:cmd/compile/internal/types2/TestFixedbugs/issue51360.go	native				typechecker	PASS	-	-	0
PASS	typechecker:cmd/compile/internal/types2/TestFixedbugs/issue51376.go	compiled				typechecker	PASS	-	-	0.01
PASS	typechecker:cmd/compile/internal/types2/TestFixedbugs/issue51376.go	interpreted				typechecker	PASS	-	-	0.01
PASS	typechecker:cmd/compile/internal/types2/TestFixedbugs/issue51376.go	native				typechecker	PASS	-	-	0
PASS	typechecker:cmd/compile/internal/types2/TestFixedbugs/issue51386.go	compiled				typechecker	PASS	-	-	0.01
PASS	typechecker:cmd/compile/internal/types2/TestFixedbugs/issue51386.go	interpreted				typechecker	PASS	-	-	0.01
PASS	typechecker:cmd/compile/internal/types2/TestFixedbugs/issue51386.go	native				typechecker	PASS	-	-	0
PASS	typechecker:cmd/compile/internal/types2/TestFixedbugs/issue51437.go	compiled				typechecker	PASS	-	-	0.01
PASS	typechecker:cmd/compile/internal/types2/TestFixedbugs/issue51437.go	interpreted				typechecker	PASS	-	-	0.01
PASS	typechecker:cmd/compile/internal/types2/TestFixedbugs/issue51437.go	native				typechecker	PASS	-	-	0
PASS	typechecker:cmd/compile/internal/types2/TestFixedbugs/issue51472.go	compiled				typechecker	PASS	-	-	0.01
PASS	typechecker:cmd/compile/internal/types2/TestFixedbugs/issue51472.go	interpreted				typechecker	PASS	-	-	0.01
PASS	typechecker:cmd/compile/internal/types2/TestFixedbugs/issue51472.go	native				typechecker	PASS	-	-	0
PASS	typechecker:cmd/compile/internal/types2/TestFixedbugs/issue51503.go	compiled				typechecker	PASS	-	-	0.01
PASS	typechecker:cmd/compile/internal/types2/TestFixedbugs/issue51503.go	interpreted				typechecker	PASS	-	-	0.01
PASS	typechecker:cmd/compile/internal/types2/TestFixedbugs/issue51503.go	native				typechecker	PASS	-	-	0
PASS	typechecker:cmd/compile/internal/types2/TestFixedbugs/issue51509.go	compiled				typechecker	PASS	-	-	0.01
PASS	typechecker:cmd/compile/internal/types2/TestFixedbugs/issue51509.go	interpreted				typechecker	PASS	-	-	0.01
PASS	typechecker:cmd/compile/internal/types2/TestFixedbugs/issue51509.go	native				typechecker	PASS	-	-	0
PASS	typechecker:cmd/compile/internal/types2/TestFixedbugs/issue51525.go	compiled				typechecker	PASS	-	-	0.01
PASS	typechecker:cmd/compile/internal/types2/TestFixedbugs/issue51525.go	interpreted				typechecker	PASS	-	-	0.01
PASS	typechecker:cmd/compile/internal/types2/TestFixedbugs/issue51525.go	native				typechecker	PASS	-	-	0
PASS	typechecker:cmd/compile/internal/types2/TestFixedbugs/issue51533.go	compiled				typechecker	PASS	-	-	0.01
PASS	typechecker:cmd/compile/internal/types2/TestFixedbugs/issue51533.go	interpreted				typechecker	PASS	-	-	0.01
PASS	typechecker:cmd/compile/internal/types2/TestFixedbugs/issue51533.go	native				typechecker	PASS	-	-	0
PASS	typechecker:cmd/compile/internal/types2/TestFixedbugs/issue51578.go	compiled				typechecker	PASS	-	-	0.01
PASS	typechecker:cmd/compile/internal/types2/TestFixedbugs/issue51578.go	interpreted				typechecker	PASS	-	-	0.01
PASS	typechecker:cmd/compile/internal/types2/TestFixedbugs/issue51578.go	native				typechecker	PASS	-	-	0
PASS	typechecker:cmd/compile/internal/types2/TestFixedbugs/issue51593.go	compiled				typechecker	PASS	-	-	0.01
PASS	typechecker:cmd/compile/internal/types2/TestFixedbugs/issue51593.go	interpreted				typechecker	PASS	-	-	0.01
PASS	typechecker:cmd/compile/internal/types2/TestFixedbugs/issue51593.go	native				typechecker	PASS	-	-	0
PASS	typechecker:cmd/compile/internal/types2/TestFixedbugs/issue51607.go	compiled				typechecker	PASS	-	-	0.01
PASS	typechecker:cmd/compile/internal/types2/TestFixedbugs/issue51607.go	interpreted				typechecker	PASS	-	-	0.01
PASS	typechecker:cmd/compile/internal/types2/TestFixedbugs/issue51607.go	native				typechecker	PASS	-	-	0
PASS	typechecker:cmd/compile/internal/types2/TestFixedbugs/issue51610.go	compiled				typechecker	PASS	-	-	0.01
PASS	typechecker:cmd/compile/internal/types2/TestFixedbugs/issue51610.go	interpreted				typechecker	PASS	-	-	0.01
PASS	typechecker:cmd/compile/internal/types2/TestFixedbugs/issue51610.go	native				typechecker	PASS	-	-	0
PASS	typechecker:cmd/compile/internal/types2/TestFixedbugs/issue51616.go	compiled				typechecker	PASS	-	-	0.01
PASS	typechecker:cmd/compile/internal/types2/TestFixedbugs/issue51616.go	interpreted				typechecker	PASS	-	-	0.01
PASS	typechecker:cmd/compile/internal/types2/TestFixedbugs/issue51616.go	native				typechecker	PASS	-	-	0
PASS	typechecker:cmd/compile/internal/types2/TestFixedbugs/issue51658.go	compiled				typechecker	PASS	-	-	0.01
PASS	typechecker:cmd/compile/internal/types2/TestFixedbugs/issue51658.go	interpreted				typechecker	PASS	-	-	0.01
PASS	typechecker:cmd/compile/internal/types2/TestFixedbugs/issue51658.go	native				typechecker	PASS	-	-	0
PASS	typechecker:cmd/compile/internal/types2/TestFixedbugs/issue51877.go	compiled				typechecker	PASS	-	-	0.01
PASS	typechecker:cmd/compile/internal/types2/TestFixedbugs/issue51877.go	interpreted				typechecker	PASS	-	-	0.01
PASS	typechecker:cmd/compile/internal/types2/TestFixedbugs/issue51877.go	native				typechecker	PASS	-	-	0
PASS	typechecker:cmd/compile/internal/types2/TestFixedbugs/issue52031.go	compiled				typechecker	PASS	-	-	0.01
PASS	typechecker:cmd/compile/internal/types2/TestFixedbugs/issue52031.go	interpreted				typechecker	PASS	-	-	0.01
PASS	typechecker:cmd/compile/internal/types2/TestFixedbugs/issue52031.go	native				typechecker	PASS	-	-	0
PASS	typechecker:cmd/compile/internal/types2/TestFixedbugs/issue52401.go	compiled				typechecker	PASS	-	-	0.01
PASS	typechecker:cmd/compile/internal/types2/TestFixedbugs/issue52401.go	interpreted				typechecker	PASS	-	-	0.01
PASS	typechecker:cmd/compile/internal/types2/TestFixedbugs/issue52401.go	native				typechecker	PASS	-	-	0
PASS	typechecker:cmd/compile/internal/types2/TestFixedbugs/issue52529.go	compiled				typechecker	PASS	-	-	0.01
PASS	typechecker:cmd/compile/internal/types2/TestFixedbugs/issue52529.go	interpreted				typechecker	PASS	-	-	0.01
PASS	typechecker:cmd/compile/internal/types2/TestFixedbugs/issue52529.go	native				typechecker	PASS	-	-	0
PASS	typechecker:cmd/compile/internal/types2/TestFixedbugs/issue52698.go	compiled				typechecker	PASS	-	-	0.01
PASS	typechecker:cmd/compile/internal/types2/TestFixedbugs/issue52698.go	interpreted				typechecker	PASS	-	-	0.01
PASS	typechecker:cmd/compile/internal/types2/TestFixedbugs/issue52698.go	native				typechecker	PASS	-	-	0
PASS	typechecker:cmd/compile/internal/types2/TestFixedbugs/issue52915.go	compiled				typechecker	PASS	-	-	0.01
PASS	typechecker:cmd/compile/internal/types2/TestFixedbugs/issue52915.go	interpreted				typechecker	PASS	-	-	0.01
PASS	typechecker:cmd/compile/internal/types2/TestFixedbugs/issue52915.go	native				typechecker	PASS	-	-	0
PASS	typechecker:cmd/compile/internal/types2/TestFixedbugs/issue53358.go	compiled				typechecker	PASS	-	-	0.01
PASS	typechecker:cmd/compile/internal/types2/TestFixedbugs/issue53358.go	interpreted				typechecker	PASS	-	-	0.01
PASS	typechecker:cmd/compile/internal/types2/TestFixedbugs/issue53358.go	native				typechecker	PASS	-	-	0
PASS	typechecker:cmd/compile/internal/types2/TestFixedbugs/issue53535.go	compiled				typechecker	PASS	-	-	0.07
PASS	typechecker:cmd/compile/internal/types2/TestFixedbugs/issue53535.go	interpreted				typechecker	PASS	-	-	0.06
PASS	typechecker:cmd/compile/internal/types2/TestFixedbugs/issue53535.go	native				typechecker	PASS	-	-	0
PASS	typechecker:cmd/compile/internal/types2/TestFixedbugs/issue53650.go	compiled				typechecker	PASS	-	-	0.16
PASS	typechecker:cmd/compile/internal/types2/TestFixedbugs/issue53650.go	interpreted				typechecker	PASS	-	-	0.13
PASS	typechecker:cmd/compile/internal/types2/TestFixedbugs/issue53650.go	native				typechecker	PASS	-	-	0
PASS	typechecker:cmd/compile/internal/types2/TestFixedbugs/issue53692.go	compiled				typechecker	PASS	-	-	0.01
PASS	typechecker:cmd/compile/internal/types2/TestFixedbugs/issue53692.go	interpreted				typechecker	PASS	-	-	0.01
PASS	typechecker:cmd/compile/internal/types2/TestFixedbugs/issue53692.go	native				typechecker	PASS	-	-	0
PASS	typechecker:cmd/compile/internal/types2/TestFixedbugs/issue54280.go	compiled				typechecker	PASS	-	-	0.01
PASS	typechecker:cmd/compile/internal/types2/TestFixedbugs/issue54280.go	interpreted				typechecker	PASS	-	-	0.01
PASS	typechecker:cmd/compile/internal/types2/TestFixedbugs/issue54280.go	native				typechecker	PASS	-	-	0
PASS	typechecker:cmd/compile/internal/types2/TestFixedbugs/issue54405.go	compiled				typechecker	PASS	-	-	0.01
PASS	typechecker:cmd/compile/internal/types2/TestFixedbugs/issue54405.go	interpreted				typechecker	PASS	-	-	0.01
PASS	typechecker:cmd/compile/internal/types2/TestFixedbugs/issue54405.go	native				typechecker	PASS	-	-	0
PASS	typechecker:cmd/compile/internal/types2/TestFixedbugs/issue54424.go	compiled				typechecker	PASS	-	-	0.01
PASS	typechecker:cmd/compile/internal/types2/TestFixedbugs/issue54424.go	interpreted				typechecker	PASS	-	-	0.01
PASS	typechecker:cmd/compile/internal/types2/TestFixedbugs/issue54424.go	native				typechecker	PASS	-	-	0
PASS	typechecker:cmd/compile/internal/types2/TestFixedbugs/issue54942.go	compiled				typechecker	PASS	-	-	0.17
PASS	typechecker:cmd/compile/internal/types2/TestFixedbugs/issue54942.go	interpreted				typechecker	PASS	-	-	0.15
PASS	typechecker:cmd/compile/internal/types2/TestFixedbugs/issue54942.go	native				typechecker	PASS	-	-	0.05
PASS	typechecker:cmd/compile/internal/types2/TestFixedbugs/issue56351.go	compiled				typechecker	PASS	-	-	0.01
PASS	typechecker:cmd/compile/internal/types2/TestFixedbugs/issue56351.go	interpreted				typechecker	PASS	-	-	0.01
PASS	typechecker:cmd/compile/internal/types2/TestFixedbugs/issue56351.go	native				typechecker	PASS	-	-	0
PASS	typechecker:cmd/compile/internal/types2/TestFixedbugs/issue56425.go	compiled				typechecker	PASS	-	-	0.01
PASS	typechecker:cmd/compile/internal/types2/TestFixedbugs/issue56425.go	interpreted				typechecker	PASS	-	-	0.01
PASS	typechecker:cmd/compile/internal/types2/TestFixedbugs/issue56425.go	native				typechecker	PASS	-	-	0
PASS	typechecker:cmd/compile/internal/types2/TestFixedbugs/issue56665.go	compiled				typechecker	PASS	-	-	0.01
PASS	typechecker:cmd/compile/internal/types2/TestFixedbugs/issue56665.go	interpreted				typechecker	PASS	-	-	0.01
PASS	typechecker:cmd/compile/internal/types2/TestFixedbugs/issue56665.go	native				typechecker	PASS	-	-	0
PASS	typechecker:cmd/compile/internal/types2/TestFixedbugs/issue57155.go	compiled				typechecker	PASS	-	-	0.01
PASS	typechecker:cmd/compile/internal/types2/TestFixedbugs/issue57155.go	interpreted				typechecker	PASS	-	-	0.01
PASS	typechecker:cmd/compile/internal/types2/TestFixedbugs/issue57155.go	native				typechecker	PASS	-	-	0
PASS	typechecker:cmd/compile/internal/types2/TestFixedbugs/issue57160.go	compiled				typechecker	PASS	-	-	0.01
PASS	typechecker:cmd/compile/internal/types2/TestFixedbugs/issue57160.go	interpreted				typechecker	PASS	-	-	0.01
PASS	typechecker:cmd/compile/internal/types2/TestFixedbugs/issue57160.go	native				typechecker	PASS	-	-	0
PASS	typechecker:cmd/compile/internal/types2/TestFixedbugs/issue57192.go	compiled				typechecker	PASS	-	-	0.01
PASS	typechecker:cmd/compile/internal/types2/TestFixedbugs/issue57192.go	interpreted				typechecker	PASS	-	-	0.01
PASS	typechecker:cmd/compile/internal/types2/TestFixedbugs/issue57192.go	native				typechecker	PASS	-	-	0
PASS	typechecker:cmd/compile/internal/types2/TestFixedbugs/issue57352.go	compiled				typechecker	PASS	-	-	0.01
PASS	typechecker:cmd/compile/internal/types2/TestFixedbugs/issue57352.go	interpreted				typechecker	PASS	-	-	0.01
PASS	typechecker:cmd/compile/internal/types2/TestFixedbugs/issue57352.go	native				typechecker	PASS	-	-	0
PASS	typechecker:cmd/compile/internal/types2/TestFixedbugs/issue57486.go	compiled				typechecker	PASS	-	-	0.01
PASS	typechecker:cmd/compile/internal/types2/TestFixedbugs/issue57486.go	interpreted				typechecker	PASS	-	-	0.01
PASS	typechecker:cmd/compile/internal/types2/TestFixedbugs/issue57486.go	native				typechecker	PASS	-	-	0
PASS	typechecker:cmd/compile/internal/types2/TestFixedbugs/issue57500.go	compiled				typechecker	PASS	-	-	0.01
PASS	typechecker:cmd/compile/internal/types2/TestFixedbugs/issue57500.go	interpreted				typechecker	PASS	-	-	0.01
PASS	typechecker:cmd/compile/internal/types2/TestFixedbugs/issue57500.go	native				typechecker	PASS	-	-	0
PASS	typechecker:cmd/compile/internal/types2/TestFixedbugs/issue57522.go	compiled				typechecker	PASS	-	-	0.01
PASS	typechecker:cmd/compile/internal/types2/TestFixedbugs/issue57522.go	interpreted				typechecker	PASS	-	-	0.01
PASS	typechecker:cmd/compile/internal/types2/TestFixedbugs/issue57522.go	native				typechecker	PASS	-	-	0.01
PASS	typechecker:cmd/compile/internal/types2/TestFixedbugs/issue58611.go	compiled				typechecker	PASS	-	-	0.12
PASS	typechecker:cmd/compile/internal/types2/TestFixedbugs/issue58611.go	interpreted				typechecker	PASS	-	-	0.11
PASS	typechecker:cmd/compile/internal/types2/TestFixedbugs/issue58611.go	native				typechecker	PASS	-	-	0.03
PASS	typechecker:cmd/compile/internal/types2/TestFixedbugs/issue58612.go	compiled				typechecker	PASS	-	-	0.01
PASS	typechecker:cmd/compile/internal/types2/TestFixedbugs/issue58612.go	interpreted				typechecker	PASS	-	-	0.01
PASS	typechecker:cmd/compile/internal/types2/TestFixedbugs/issue58612.go	native				typechecker	PASS	-	-	0
PASS	typechecker:cmd/compile/internal/types2/TestFixedbugs/issue58671.go	compiled				typechecker	PASS	-	-	0.01
PASS	typechecker:cmd/compile/internal/types2/TestFixedbugs/issue58671.go	interpreted				typechecker	PASS	-	-	0.01
PASS	typechecker:cmd/compile/internal/types2/TestFixedbugs/issue58671.go	native				typechecker	PASS	-	-	0
PASS	typechecker:cmd/compile/internal/types2/TestFixedbugs/issue58742.go	compiled				typechecker	PASS	-	-	0.01
PASS	typechecker:cmd/compile/internal/types2/TestFixedbugs/issue58742.go	interpreted				typechecker	PASS	-	-	0.01
PASS	typechecker:cmd/compile/internal/types2/TestFixedbugs/issue58742.go	native				typechecker	PASS	-	-	0
PASS	typechecker:cmd/compile/internal/types2/TestFixedbugs/issue59190.go	compiled				typechecker	PASS	-	-	0.01
PASS	typechecker:cmd/compile/internal/types2/TestFixedbugs/issue59190.go	interpreted				typechecker	PASS	-	-	0.01
PASS	typechecker:cmd/compile/internal/types2/TestFixedbugs/issue59190.go	native				typechecker	PASS	-	-	0
PASS	typechecker:cmd/compile/internal/types2/TestFixedbugs/issue59207.go	compiled				typechecker	PASS	-	-	0.01
PASS	typechecker:cmd/compile/internal/types2/TestFixedbugs/issue59207.go	interpreted				typechecker	PASS	-	-	0.01
PASS	typechecker:cmd/compile/internal/types2/TestFixedbugs/issue59207.go	native				typechecker	PASS	-	-	0
PASS	typechecker:cmd/compile/internal/types2/TestFixedbugs/issue59209.go	compiled				typechecker	PASS	-	-	0.01
PASS	typechecker:cmd/compile/internal/types2/TestFixedbugs/issue59209.go	interpreted				typechecker	PASS	-	-	0.01
PASS	typechecker:cmd/compile/internal/types2/TestFixedbugs/issue59209.go	native				typechecker	PASS	-	-	0
PASS	typechecker:cmd/compile/internal/types2/TestFixedbugs/issue59338a.go	compiled				typechecker	PASS	-	-	0.01
PASS	typechecker:cmd/compile/internal/types2/TestFixedbugs/issue59338a.go	interpreted				typechecker	PASS	-	-	0.01
PASS	typechecker:cmd/compile/internal/types2/TestFixedbugs/issue59338a.go	native				typechecker	PASS	-	-	0
PASS	typechecker:cmd/compile/internal/types2/TestFixedbugs/issue59338b.go	compiled				typechecker	PASS	-	-	0.01
PASS	typechecker:cmd/compile/internal/types2/TestFixedbugs/issue59338b.go	interpreted				typechecker	PASS	-	-	0.01
PASS	typechecker:cmd/compile/internal/types2/TestFixedbugs/issue59338b.go	native				typechecker	PASS	-	-	0
PASS	typechecker:cmd/compile/internal/types2/TestFixedbugs/issue59371.go	compiled				typechecker	PASS	-	-	0.01
PASS	typechecker:cmd/compile/internal/types2/TestFixedbugs/issue59371.go	interpreted				typechecker	PASS	-	-	0.01
PASS	typechecker:cmd/compile/internal/types2/TestFixedbugs/issue59371.go	native				typechecker	PASS	-	-	0
PASS	typechecker:cmd/compile/internal/types2/TestFixedbugs/issue59639.go	compiled				typechecker	PASS	-	-	0.01
PASS	typechecker:cmd/compile/internal/types2/TestFixedbugs/issue59639.go	interpreted				typechecker	PASS	-	-	0.01
PASS	typechecker:cmd/compile/internal/types2/TestFixedbugs/issue59639.go	native				typechecker	PASS	-	-	0
PASS	typechecker:cmd/compile/internal/types2/TestFixedbugs/issue59740.go	compiled				typechecker	PASS	-	-	0.01
PASS	typechecker:cmd/compile/internal/types2/TestFixedbugs/issue59740.go	interpreted				typechecker	PASS	-	-	0.01
PASS	typechecker:cmd/compile/internal/types2/TestFixedbugs/issue59740.go	native				typechecker	PASS	-	-	0
PASS	typechecker:cmd/compile/internal/types2/TestFixedbugs/issue59848.go	compiled				typechecker	PASS	-	-	0.01
PASS	typechecker:cmd/compile/internal/types2/TestFixedbugs/issue59848.go	interpreted				typechecker	PASS	-	-	0.01
PASS	typechecker:cmd/compile/internal/types2/TestFixedbugs/issue59848.go	native				typechecker	PASS	-	-	0
PASS	typechecker:cmd/compile/internal/types2/TestFixedbugs/issue59890.go	compiled				typechecker	PASS	-	-	0.01
PASS	typechecker:cmd/compile/internal/types2/TestFixedbugs/issue59890.go	interpreted				typechecker	PASS	-	-	0.01
PASS	typechecker:cmd/compile/internal/types2/TestFixedbugs/issue59890.go	native				typechecker	PASS	-	-	0
PASS	typechecker:cmd/compile/internal/types2/TestFixedbugs/issue59953.go	compiled				typechecker	PASS	-	-	0.01
PASS	typechecker:cmd/compile/internal/types2/TestFixedbugs/issue59953.go	interpreted				typechecker	PASS	-	-	0.01
PASS	typechecker:cmd/compile/internal/types2/TestFixedbugs/issue59953.go	native				typechecker	PASS	-	-	0
PASS	typechecker:cmd/compile/internal/types2/TestFixedbugs/issue59956.go	compiled				typechecker	PASS	-	-	0.01
PASS	typechecker:cmd/compile/internal/types2/TestFixedbugs/issue59956.go	interpreted				typechecker	PASS	-	-	0.01
PASS	typechecker:cmd/compile/internal/types2/TestFixedbugs/issue59956.go	native				typechecker	PASS	-	-	0
PASS	typechecker:cmd/compile/internal/types2/TestFixedbugs/issue59958.go	compiled				typechecker	PASS	-	-	0.01
PASS	typechecker:cmd/compile/internal/types2/TestFixedbugs/issue59958.go	interpreted				typechecker	PASS	-	-	0.01
PASS	typechecker:cmd/compile/internal/types2/TestFixedbugs/issue59958.go	native				typechecker	PASS	-	-	0
PASS	typechecker:cmd/compile/internal/types2/TestFixedbugs/issue60346.go	compiled				typechecker	PASS	-	-	0.01
PASS	typechecker:cmd/compile/internal/types2/TestFixedbugs/issue60346.go	interpreted				typechecker	PASS	-	-	0.01
PASS	typechecker:cmd/compile/internal/types2/TestFixedbugs/issue60346.go	native				typechecker	PASS	-	-	0
PASS	typechecker:cmd/compile/internal/types2/TestFixedbugs/issue60377.go	compiled				typechecker	PASS	-	-	0.01
PASS	typechecker:cmd/compile/internal/types2/TestFixedbugs/issue60377.go	interpreted				typechecker	PASS	-	-	0.01
PASS	typechecker:cmd/compile/internal/types2/TestFixedbugs/issue60377.go	native				typechecker	PASS	-	-	0
PASS	typechecker:cmd/compile/internal/types2/TestFixedbugs/issue60434.go	compiled				typechecker	PASS	-	-	0.01
PASS	typechecker:cmd/compile/internal/types2/TestFixedbugs/issue60434.go	interpreted				typechecker	PASS	-	-	0.01
PASS	typechecker:cmd/compile/internal/types2/TestFixedbugs/issue60434.go	native				typechecker	PASS	-	-	0
PASS	typechecker:cmd/compile/internal/types2/TestFixedbugs/issue60460.go	compiled				typechecker	PASS	-	-	0.01
PASS	typechecker:cmd/compile/internal/types2/TestFixedbugs/issue60460.go	interpreted				typechecker	PASS	-	-	0.01
PASS	typechecker:cmd/compile/internal/types2/TestFixedbugs/issue60460.go	native				typechecker	PASS	-	-	0
PASS	typechecker:cmd/compile/internal/types2/TestFixedbugs/issue60500.go	compiled				typechecker	PASS	-	-	0.01
PASS	typechecker:cmd/compile/internal/types2/TestFixedbugs/issue60500.go	interpreted				typechecker	PASS	-	-	0.01
PASS	typechecker:cmd/compile/internal/types2/TestFixedbugs/issue60500.go	native				typechecker	PASS	-	-	0
PASS	typechecker:cmd/compile/internal/types2/TestFixedbugs/issue60542.go	compiled				typechecker	PASS	-	-	0.01
PASS	typechecker:cmd/compile/internal/types2/TestFixedbugs/issue60542.go	interpreted				typechecker	PASS	-	-	0.01
PASS	typechecker:cmd/compile/internal/types2/TestFixedbugs/issue60542.go	native				typechecker	PASS	-	-	0
PASS	typechecker:cmd/compile/internal/types2/TestFixedbugs/issue60556.go	compiled				typechecker	PASS	-	-	0.01
PASS	typechecker:cmd/compile/internal/types2/TestFixedbugs/issue60556.go	interpreted				typechecker	PASS	-	-	0.01
PASS	typechecker:cmd/compile/internal/types2/TestFixedbugs/issue60556.go	native				typechecker	PASS	-	-	0
PASS	typechecker:cmd/compile/internal/types2/TestFixedbugs/issue60562.go	compiled				typechecker	PASS	-	-	0.01
PASS	typechecker:cmd/compile/internal/types2/TestFixedbugs/issue60562.go	interpreted				typechecker	PASS	-	-	0.01
PASS	typechecker:cmd/compile/internal/types2/TestFixedbugs/issue60562.go	native				typechecker	PASS	-	-	0
PASS	typechecker:cmd/compile/internal/types2/TestFixedbugs/issue60688.go	compiled				typechecker	PASS	-	-	0.01
PASS	typechecker:cmd/compile/internal/types2/TestFixedbugs/issue60688.go	interpreted				typechecker	PASS	-	-	0.01
PASS	typechecker:cmd/compile/internal/types2/TestFixedbugs/issue60688.go	native				typechecker	PASS	-	-	0
PASS	typechecker:cmd/compile/internal/types2/TestFixedbugs/issue60747.go	compiled				typechecker	PASS	-	-	0.01
PASS	typechecker:cmd/compile/internal/types2/TestFixedbugs/issue60747.go	interpreted				typechecker	PASS	-	-	0.01
PASS	typechecker:cmd/compile/internal/types2/TestFixedbugs/issue60747.go	native				typechecker	PASS	-	-	0
PASS	typechecker:cmd/compile/internal/types2/TestFixedbugs/issue60906.go	compiled				typechecker	PASS	-	-	0.01
PASS	typechecker:cmd/compile/internal/types2/TestFixedbugs/issue60906.go	interpreted				typechecker	PASS	-	-	0.01
PASS	typechecker:cmd/compile/internal/types2/TestFixedbugs/issue60906.go	native				typechecker	PASS	-	-	0
PASS	typechecker:cmd/compile/internal/types2/TestFixedbugs/issue60933.go	compiled				typechecker	PASS	-	-	0.13
PASS	typechecker:cmd/compile/internal/types2/TestFixedbugs/issue60933.go	interpreted				typechecker	PASS	-	-	0.12
PASS	typechecker:cmd/compile/internal/types2/TestFixedbugs/issue60933.go	native				typechecker	PASS	-	-	0
PASS	typechecker:cmd/compile/internal/types2/TestFixedbugs/issue60946.go	compiled				typechecker	PASS	-	-	0.01
PASS	typechecker:cmd/compile/internal/types2/TestFixedbugs/issue60946.go	interpreted				typechecker	PASS	-	-	0.01
PASS	typechecker:cmd/compile/internal/types2/TestFixedbugs/issue60946.go	native				typechecker	PASS	-	-	0
PASS	typechecker:cmd/compile/internal/types2/TestFixedbugs/issue61486.go	compiled				typechecker	PASS	-	-	0.01
PASS	typechecker:cmd/compile/internal/types2/TestFixedbugs/issue61486.go	interpreted				typechecker	PASS	-	-	0.01
PASS	typechecker:cmd/compile/internal/types2/TestFixedbugs/issue61486.go	native				typechecker	PASS	-	-	0
PASS	typechecker:cmd/compile/internal/types2/TestFixedbugs/issue61685.go	compiled				typechecker	PASS	-	-	0.01
PASS	typechecker:cmd/compile/internal/types2/TestFixedbugs/issue61685.go	interpreted				typechecker	PASS	-	-	0.01
PASS	typechecker:cmd/compile/internal/types2/TestFixedbugs/issue61685.go	native				typechecker	PASS	-	-	0
PASS	typechecker:cmd/compile/internal/types2/TestFixedbugs/issue61822.go	compiled				typechecker	PASS	-	-	0.01
PASS	typechecker:cmd/compile/internal/types2/TestFixedbugs/issue61822.go	interpreted				typechecker	PASS	-	-	0.01
PASS	typechecker:cmd/compile/internal/types2/TestFixedbugs/issue61822.go	native				typechecker	PASS	-	-	0
PASS	typechecker:cmd/compile/internal/types2/TestFixedbugs/issue61879.go	compiled				typechecker	PASS	-	-	0.09
PASS	typechecker:cmd/compile/internal/types2/TestFixedbugs/issue61879.go	interpreted				typechecker	PASS	-	-	0.07
PASS	typechecker:cmd/compile/internal/types2/TestFixedbugs/issue61879.go	native				typechecker	PASS	-	-	0
PASS	typechecker:cmd/compile/internal/types2/TestFixedbugs/issue61903.go	compiled				typechecker	PASS	-	-	0.01
PASS	typechecker:cmd/compile/internal/types2/TestFixedbugs/issue61903.go	interpreted				typechecker	PASS	-	-	0.01
PASS	typechecker:cmd/compile/internal/types2/TestFixedbugs/issue61903.go	native				typechecker	PASS	-	-	0
PASS	typechecker:cmd/compile/internal/types2/TestFixedbugs/issue62157.go	compiled				typechecker	PASS	-	-	0.01
PASS	typechecker:cmd/compile/internal/types2/TestFixedbugs/issue62157.go	interpreted				typechecker	PASS	-	-	0.01
PASS	typechecker:cmd/compile/internal/types2/TestFixedbugs/issue62157.go	native				typechecker	PASS	-	-	0
PASS	typechecker:cmd/compile/internal/types2/TestFixedbugs/issue63563.go	compiled				typechecker	PASS	-	-	0.01
PASS	typechecker:cmd/compile/internal/types2/TestFixedbugs/issue63563.go	interpreted				typechecker	PASS	-	-	0.01
PASS	typechecker:cmd/compile/internal/types2/TestFixedbugs/issue63563.go	native				typechecker	PASS	-	-	0
PASS	typechecker:cmd/compile/internal/types2/TestFixedbugs/issue64406.go	compiled				typechecker	PASS	-	-	0.01
PASS	typechecker:cmd/compile/internal/types2/TestFixedbugs/issue64406.go	interpreted				typechecker	PASS	-	-	0.01
PASS	typechecker:cmd/compile/internal/types2/TestFixedbugs/issue64406.go	native				typechecker	PASS	-	-	0
PASS	typechecker:cmd/compile/internal/types2/TestFixedbugs/issue64704.go	compiled				typechecker	PASS	-	-	0.01
PASS	typechecker:cmd/compile/internal/types2/TestFixedbugs/issue64704.go	interpreted				typechecker	PASS	-	-	0.01
PASS	typechecker:cmd/compile/internal/types2/TestFixedbugs/issue64704.go	native				typechecker	PASS	-	-	0
PASS	typechecker:cmd/compile/internal/types2/TestFixedbugs/issue65344.go	compiled				typechecker	PASS	-	-	0.01
PASS	typechecker:cmd/compile/internal/types2/TestFixedbugs/issue65344.go	interpreted				typechecker	PASS	-	-	0.01
PASS	typechecker:cmd/compile/internal/types2/TestFixedbugs/issue65344.go	native				typechecker	PASS	-	-	0
PASS	typechecker:cmd/compile/internal/types2/TestFixedbugs/issue65711.go	compiled				typechecker	PASS	-	-	0.01
PASS	typechecker:cmd/compile/internal/types2/TestFixedbugs/issue65711.go	interpreted				typechecker	PASS	-	-	0.01
PASS	typechecker:cmd/compile/internal/types2/TestFixedbugs/issue65711.go	native				typechecker	PASS	-	-	0
PASS	typechecker:cmd/compile/internal/types2/TestFixedbugs/issue65854.go	compiled				typechecker	PASS	-	-	0.01
PASS	typechecker:cmd/compile/internal/types2/TestFixedbugs/issue65854.go	interpreted				typechecker	PASS	-	-	0.01
PASS	typechecker:cmd/compile/internal/types2/TestFixedbugs/issue65854.go	native				typechecker	PASS	-	-	0
PASS	typechecker:cmd/compile/internal/types2/TestFixedbugs/issue66064.go	compiled				typechecker	PASS	-	-	0.07
PASS	typechecker:cmd/compile/internal/types2/TestFixedbugs/issue66064.go	interpreted				typechecker	PASS	-	-	0.06
PASS	typechecker:cmd/compile/internal/types2/TestFixedbugs/issue66064.go	native				typechecker	PASS	-	-	0.03
PASS	typechecker:cmd/compile/internal/types2/TestFixedbugs/issue66285.go	compiled				typechecker	PASS	-	-	0.07
PASS	typechecker:cmd/compile/internal/types2/TestFixedbugs/issue66285.go	interpreted				typechecker	PASS	-	-	0.06
PASS	typechecker:cmd/compile/internal/types2/TestFixedbugs/issue66285.go	native				typechecker	PASS	-	-	0
PASS	typechecker:cmd/compile/internal/types2/TestFixedbugs/issue66323.go	compiled				typechecker	PASS	-	-	0.07
PASS	typechecker:cmd/compile/internal/types2/TestFixedbugs/issue66323.go	interpreted				typechecker	PASS	-	-	0.06
PASS	typechecker:cmd/compile/internal/types2/TestFixedbugs/issue66323.go	native				typechecker	PASS	-	-	0
PASS	typechecker:cmd/compile/internal/types2/TestFixedbugs/issue66751.go	compiled				typechecker	PASS	-	-	0.01
PASS	typechecker:cmd/compile/internal/types2/TestFixedbugs/issue66751.go	interpreted				typechecker	PASS	-	-	0.01
PASS	typechecker:cmd/compile/internal/types2/TestFixedbugs/issue66751.go	native				typechecker	PASS	-	-	0
PASS	typechecker:cmd/compile/internal/types2/TestFixedbugs/issue66878.go	compiled				typechecker	PASS	-	-	0.01
PASS	typechecker:cmd/compile/internal/types2/TestFixedbugs/issue66878.go	interpreted				typechecker	PASS	-	-	0.01
PASS	typechecker:cmd/compile/internal/types2/TestFixedbugs/issue66878.go	native				typechecker	PASS	-	-	0
PASS	typechecker:cmd/compile/internal/types2/TestFixedbugs/issue67547.go	compiled				typechecker	PASS	-	-	0.01
PASS	typechecker:cmd/compile/internal/types2/TestFixedbugs/issue67547.go	interpreted				typechecker	PASS	-	-	0.01
PASS	typechecker:cmd/compile/internal/types2/TestFixedbugs/issue67547.go	native				typechecker	PASS	-	-	0
PASS	typechecker:cmd/compile/internal/types2/TestFixedbugs/issue67628.go	compiled				typechecker	PASS	-	-	0.01
PASS	typechecker:cmd/compile/internal/types2/TestFixedbugs/issue67628.go	interpreted				typechecker	PASS	-	-	0.01
PASS	typechecker:cmd/compile/internal/types2/TestFixedbugs/issue67628.go	native				typechecker	PASS	-	-	0
PASS	typechecker:cmd/compile/internal/types2/TestFixedbugs/issue67683.go	compiled				typechecker	PASS	-	-	0.01
PASS	typechecker:cmd/compile/internal/types2/TestFixedbugs/issue67683.go	interpreted				typechecker	PASS	-	-	0.01
PASS	typechecker:cmd/compile/internal/types2/TestFixedbugs/issue67683.go	native				typechecker	PASS	-	-	0
PASS	typechecker:cmd/compile/internal/types2/TestFixedbugs/issue67872.go	compiled				typechecker	PASS	-	-	0.01
PASS	typechecker:cmd/compile/internal/types2/TestFixedbugs/issue67872.go	interpreted				typechecker	PASS	-	-	0.01
PASS	typechecker:cmd/compile/internal/types2/TestFixedbugs/issue67872.go	native				typechecker	PASS	-	-	0
PASS	typechecker:cmd/compile/internal/types2/TestFixedbugs/issue67962.go	compiled				typechecker	PASS	-	-	0.08
PASS	typechecker:cmd/compile/internal/types2/TestFixedbugs/issue67962.go	interpreted				typechecker	PASS	-	-	0.07
PASS	typechecker:cmd/compile/internal/types2/TestFixedbugs/issue67962.go	native				typechecker	PASS	-	-	0
PASS	typechecker:cmd/compile/internal/types2/TestFixedbugs/issue6814.go	compiled				typechecker	PASS	-	-	0.01
PASS	typechecker:cmd/compile/internal/types2/TestFixedbugs/issue6814.go	interpreted				typechecker	PASS	-	-	0.01
PASS	typechecker:cmd/compile/internal/types2/TestFixedbugs/issue6814.go	native				typechecker	PASS	-	-	0
PASS	typechecker:cmd/compile/internal/types2/TestFixedbugs/issue68162.go	compiled				typechecker	PASS	-	-	0.01
PASS	typechecker:cmd/compile/internal/types2/TestFixedbugs/issue68162.go	interpreted				typechecker	PASS	-	-	0.01
PASS	typechecker:cmd/compile/internal/types2/TestFixedbugs/issue68162.go	native				typechecker	PASS	-	-	0
PASS	typechecker:cmd/compile/internal/types2/TestFixedbugs/issue68184.go	compiled				typechecker	PASS	-	-	0.01
PASS	typechecker:cmd/compile/internal/types2/TestFixedbugs/issue68184.go	interpreted				typechecker	PASS	-	-	0.01
PASS	typechecker:cmd/compile/internal/types2/TestFixedbugs/issue68184.go	native				typechecker	PASS	-	-	0
PASS	typechecker:cmd/compile/internal/types2/TestFixedbugs/issue68903.go	compiled				typechecker	PASS	-	-	0.01
PASS	typechecker:cmd/compile/internal/types2/TestFixedbugs/issue68903.go	interpreted				typechecker	PASS	-	-	0.01
PASS	typechecker:cmd/compile/internal/types2/TestFixedbugs/issue68903.go	native				typechecker	PASS	-	-	0
PASS	typechecker:cmd/compile/internal/types2/TestFixedbugs/issue68935.go	compiled				typechecker	PASS	-	-	0.01
PASS	typechecker:cmd/compile/internal/types2/TestFixedbugs/issue68935.go	interpreted				typechecker	PASS	-	-	0.01
PASS	typechecker:cmd/compile/internal/types2/TestFixedbugs/issue68935.go	native				typechecker	PASS	-	-	0
PASS	typechecker:cmd/compile/internal/types2/TestFixedbugs/issue69576.go	compiled				typechecker	PASS	-	-	0.01
PASS	typechecker:cmd/compile/internal/types2/TestFixedbugs/issue69576.go	interpreted				typechecker	PASS	-	-	0.01
PASS	typechecker:cmd/compile/internal/types2/TestFixedbugs/issue69576.go	native				typechecker	PASS	-	-	0
PASS	typechecker:cmd/compile/internal/types2/TestFixedbugs/issue6977.go	compiled				typechecker	PASS	-	-	0.06
PASS	typechecker:cmd/compile/internal/types2/TestFixedbugs/issue6977.go	interpreted				typechecker	PASS	-	-	0.06
PASS	typechecker:cmd/compile/internal/types2/TestFixedbugs/issue6977.go	native				typechecker	PASS	-	-	0
PASS	typechecker:cmd/compile/internal/types2/TestFixedbugs/issue69955.go	compiled				typechecker	PASS	-	-	0.08
PASS	typechecker:cmd/compile/internal/types2/TestFixedbugs/issue69955.go	interpreted				typechecker	PASS	-	-	0.08
PASS	typechecker:cmd/compile/internal/types2/TestFixedbugs/issue69955.go	native				typechecker	PASS	-	-	0
PASS	typechecker:cmd/compile/internal/types2/TestFixedbugs/issue70150.go	compiled				typechecker	PASS	-	-	0.01
PASS	typechecker:cmd/compile/internal/types2/TestFixedbugs/issue70150.go	interpreted				typechecker	PASS	-	-	0.01
PASS	typechecker:cmd/compile/internal/types2/TestFixedbugs/issue70150.go	native				typechecker	PASS	-	-	0
PASS	typechecker:cmd/compile/internal/types2/TestFixedbugs/issue70417.go	compiled				typechecker	PASS	-	-	0.01
PASS	typechecker:cmd/compile/internal/types2/TestFixedbugs/issue70417.go	interpreted				typechecker	PASS	-	-	0.01
PASS	typechecker:cmd/compile/internal/types2/TestFixedbugs/issue70417.go	native				typechecker	PASS	-	-	0
PASS	typechecker:cmd/compile/internal/types2/TestFixedbugs/issue70526.go	compiled				typechecker	PASS	-	-	0.01
PASS	typechecker:cmd/compile/internal/types2/TestFixedbugs/issue70526.go	interpreted				typechecker	PASS	-	-	0.01
PASS	typechecker:cmd/compile/internal/types2/TestFixedbugs/issue70526.go	native				typechecker	PASS	-	-	0
PASS	typechecker:cmd/compile/internal/types2/TestFixedbugs/issue70549.go	compiled				typechecker	PASS	-	-	0.03
PASS	typechecker:cmd/compile/internal/types2/TestFixedbugs/issue70549.go	interpreted				typechecker	PASS	-	-	0.03
PASS	typechecker:cmd/compile/internal/types2/TestFixedbugs/issue70549.go	native				typechecker	PASS	-	-	0
PASS	typechecker:cmd/compile/internal/types2/TestFixedbugs/issue71131.go	compiled				typechecker	PASS	-	-	0.01
PASS	typechecker:cmd/compile/internal/types2/TestFixedbugs/issue71131.go	interpreted				typechecker	PASS	-	-	0.01
PASS	typechecker:cmd/compile/internal/types2/TestFixedbugs/issue71131.go	native				typechecker	PASS	-	-	0
PASS	typechecker:cmd/compile/internal/types2/TestFixedbugs/issue71198.go	compiled				typechecker	PASS	-	-	0.01
PASS	typechecker:cmd/compile/internal/types2/TestFixedbugs/issue71198.go	interpreted				typechecker	PASS	-	-	0.01
PASS	typechecker:cmd/compile/internal/types2/TestFixedbugs/issue71198.go	native				typechecker	PASS	-	-	0
PASS	typechecker:cmd/compile/internal/types2/TestFixedbugs/issue71284.go	compiled				typechecker	PASS	-	-	0.01
PASS	typechecker:cmd/compile/internal/types2/TestFixedbugs/issue71284.go	interpreted				typechecker	PASS	-	-	0.01
PASS	typechecker:cmd/compile/internal/types2/TestFixedbugs/issue71284.go	native				typechecker	PASS	-	-	0
PASS	typechecker:cmd/compile/internal/types2/TestFixedbugs/issue72936.go	compiled				typechecker	PASS	-	-	0.01
PASS	typechecker:cmd/compile/internal/types2/TestFixedbugs/issue72936.go	interpreted				typechecker	PASS	-	-	0.01
PASS	typechecker:cmd/compile/internal/types2/TestFixedbugs/issue72936.go	native				typechecker	PASS	-	-	0
PASS	typechecker:cmd/compile/internal/types2/TestFixedbugs/issue73428.go	compiled				typechecker	PASS	-	-	0.01
PASS	typechecker:cmd/compile/internal/types2/TestFixedbugs/issue73428.go	interpreted				typechecker	PASS	-	-	0.01
PASS	typechecker:cmd/compile/internal/types2/TestFixedbugs/issue73428.go	native				typechecker	PASS	-	-	0
PASS	typechecker:cmd/compile/internal/types2/TestFixedbugs/issue75194.go	compiled				typechecker	PASS	-	-	0.01
PASS	typechecker:cmd/compile/internal/types2/TestFixedbugs/issue75194.go	interpreted				typechecker	PASS	-	-	0.01
PASS	typechecker:cmd/compile/internal/types2/TestFixedbugs/issue75194.go	native				typechecker	PASS	-	-	0
PASS	typechecker:cmd/compile/internal/types2/TestFixedbugs/issue75883.go	compiled				typechecker	PASS	-	-	0.01
PASS	typechecker:cmd/compile/internal/types2/TestFixedbugs/issue75883.go	interpreted				typechecker	PASS	-	-	0.01
PASS	typechecker:cmd/compile/internal/types2/TestFixedbugs/issue75883.go	native				typechecker	PASS	-	-	0
PASS	typechecker:cmd/compile/internal/types2/TestFixedbugs/issue75885.go	compiled				typechecker	PASS	-	-	0.01
PASS	typechecker:cmd/compile/internal/types2/TestFixedbugs/issue75885.go	interpreted				typechecker	PASS	-	-	0.01
PASS	typechecker:cmd/compile/internal/types2/TestFixedbugs/issue75885.go	native				typechecker	PASS	-	-	0
PASS	typechecker:cmd/compile/internal/types2/TestFixedbugs/issue75918.go	compiled				typechecker	PASS	-	-	0.01
PASS	typechecker:cmd/compile/internal/types2/TestFixedbugs/issue75918.go	interpreted				typechecker	PASS	-	-	0.01
PASS	typechecker:cmd/compile/internal/types2/TestFixedbugs/issue75918.go	native				typechecker	PASS	-	-	0
PASS	typechecker:cmd/compile/internal/types2/TestFixedbugs/issue75986.go	compiled				typechecker	PASS	-	-	0.06
PASS	typechecker:cmd/compile/internal/types2/TestFixedbugs/issue75986.go	interpreted				typechecker	PASS	-	-	0.06
PASS	typechecker:cmd/compile/internal/types2/TestFixedbugs/issue75986.go	native				typechecker	PASS	-	-	0
PASS	typechecker:cmd/compile/internal/types2/TestFixedbugs/issue76103.go	compiled				typechecker	PASS	-	-	0.01
PASS	typechecker:cmd/compile/internal/types2/TestFixedbugs/issue76103.go	interpreted				typechecker	PASS	-	-	0.01
PASS	typechecker:cmd/compile/internal/types2/TestFixedbugs/issue76103.go	native				typechecker	PASS	-	-	0
PASS	typechecker:cmd/compile/internal/types2/TestFixedbugs/issue76220.go	compiled				typechecker	PASS	-	-	0.01
PASS	typechecker:cmd/compile/internal/types2/TestFixedbugs/issue76220.go	interpreted				typechecker	PASS	-	-	0.01
PASS	typechecker:cmd/compile/internal/types2/TestFixedbugs/issue76220.go	native				typechecker	PASS	-	-	0
PASS	typechecker:cmd/compile/internal/types2/TestFixedbugs/issue76366.go	compiled				typechecker	PASS	-	-	0.01
PASS	typechecker:cmd/compile/internal/types2/TestFixedbugs/issue76366.go	interpreted				typechecker	PASS	-	-	0.01
PASS	typechecker:cmd/compile/internal/types2/TestFixedbugs/issue76366.go	native				typechecker	PASS	-	-	0
PASS	typechecker:cmd/compile/internal/types2/TestFixedbugs/issue76383.go	compiled				typechecker	PASS	-	-	0.01
PASS	typechecker:cmd/compile/internal/types2/TestFixedbugs/issue76383.go	interpreted				typechecker	PASS	-	-	0.01
PASS	typechecker:cmd/compile/internal/types2/TestFixedbugs/issue76383.go	native				typechecker	PASS	-	-	0
PASS	typechecker:cmd/compile/internal/types2/TestFixedbugs/issue76384.go	compiled				typechecker	PASS	-	-	0.01
PASS	typechecker:cmd/compile/internal/types2/TestFixedbugs/issue76384.go	interpreted				typechecker	PASS	-	-	0.01
PASS	typechecker:cmd/compile/internal/types2/TestFixedbugs/issue76384.go	native				typechecker	PASS	-	-	0
PASS	typechecker:cmd/compile/internal/types2/TestFixedbugs/issue76478.go	compiled				typechecker	PASS	-	-	0.01
PASS	typechecker:cmd/compile/internal/types2/TestFixedbugs/issue76478.go	interpreted				typechecker	PASS	-	-	0.01
PASS	typechecker:cmd/compile/internal/types2/TestFixedbugs/issue76478.go	native				typechecker	PASS	-	-	0
PASS	typechecker:cmd/compile/internal/types2/TestFixedbugs/issue77245.go	compiled				typechecker	PASS	-	-	0.01
PASS	typechecker:cmd/compile/internal/types2/TestFixedbugs/issue77245.go	interpreted				typechecker	PASS	-	-	0.01
PASS	typechecker:cmd/compile/internal/types2/TestFixedbugs/issue77245.go	native				typechecker	PASS	-	-	0
PASS	typechecker:cmd/compile/internal/types2/TestFixedbugs/issue77382.go	compiled				typechecker	PASS	-	-	0.01
PASS	typechecker:cmd/compile/internal/types2/TestFixedbugs/issue77382.go	interpreted				typechecker	PASS	-	-	0.01
PASS	typechecker:cmd/compile/internal/types2/TestFixedbugs/issue77382.go	native				typechecker	PASS	-	-	0
PASS	typechecker:cmd/compile/internal/types2/TestFixedbugs/issue77905.go	compiled				typechecker	PASS	-	-	0.01
PASS	typechecker:cmd/compile/internal/types2/TestFixedbugs/issue77905.go	interpreted				typechecker	PASS	-	-	0.01
PASS	typechecker:cmd/compile/internal/types2/TestFixedbugs/issue77905.go	native				typechecker	PASS	-	-	0
PASS	typechecker:cmd/compile/internal/types2/TestFixedbugs/issue78163.go	compiled				typechecker	PASS	-	-	0.01
PASS	typechecker:cmd/compile/internal/types2/TestFixedbugs/issue78163.go	interpreted				typechecker	PASS	-	-	0.01
PASS	typechecker:cmd/compile/internal/types2/TestFixedbugs/issue78163.go	native				typechecker	PASS	-	-	0
SKIP	typechecker:cmd/compile/internal/types2/TestFixedbugs/issue78346.go	compiled			check_test.go:459: all files skipped by build tags	typechecker	SKIP	-	-	0
SKIP	typechecker:cmd/compile/internal/types2/TestFixedbugs/issue78346.go	interpreted			check_test.go:459: all files skipped by build tags	typechecker	SKIP	-	-	0
SKIP	typechecker:cmd/compile/internal/types2/TestFixedbugs/issue78346.go	native			check_test.go:459: all files skipped by build tags	typechecker	SKIP	-	-	0
PASS	typechecker:cmd/compile/internal/types2/TestFixedbugs/issue78483.go	compiled				typechecker	PASS	-	-	0.01
PASS	typechecker:cmd/compile/internal/types2/TestFixedbugs/issue78483.go	interpreted				typechecker	PASS	-	-	0.01
PASS	typechecker:cmd/compile/internal/types2/TestFixedbugs/issue78483.go	native				typechecker	PASS	-	-	0
PASS	typechecker:cmd/compile/internal/types2/TestFixedbugs/issue78884.go	compiled				typechecker	PASS	-	-	0.01
PASS	typechecker:cmd/compile/internal/types2/TestFixedbugs/issue78884.go	interpreted				typechecker	PASS	-	-	0.01
PASS	typechecker:cmd/compile/internal/types2/TestFixedbugs/issue78884.go	native				typechecker	PASS	-	-	0
PASS	typechecker:cmd/compile/internal/types2/TestFixedbugs/issue79265.go	compiled				typechecker	PASS	-	-	0.01
PASS	typechecker:cmd/compile/internal/types2/TestFixedbugs/issue79265.go	interpreted				typechecker	PASS	-	-	0.01
PASS	typechecker:cmd/compile/internal/types2/TestFixedbugs/issue79265.go	native				typechecker	PASS	-	-	0
PASS	typechecker:cmd/compile/internal/types2/TestFixedbugs/issue79687.go	compiled				typechecker	PASS	-	-	0.01
PASS	typechecker:cmd/compile/internal/types2/TestFixedbugs/issue79687.go	interpreted				typechecker	PASS	-	-	0.01
PASS	typechecker:cmd/compile/internal/types2/TestFixedbugs/issue79687.go	native				typechecker	PASS	-	-	0
PASS	typechecker:cmd/compile/internal/types2/TestFixedbugs/issue79832.go	compiled				typechecker	PASS	-	-	0.01
PASS	typechecker:cmd/compile/internal/types2/TestFixedbugs/issue79832.go	interpreted				typechecker	PASS	-	-	0.01
PASS	typechecker:cmd/compile/internal/types2/TestFixedbugs/issue79832.go	native				typechecker	PASS	-	-	0
PASS	typechecker:cmd/compile/internal/types2/TestFixedbugs/issue79883.go	compiled				typechecker	PASS	-	-	0.01
PASS	typechecker:cmd/compile/internal/types2/TestFixedbugs/issue79883.go	interpreted				typechecker	PASS	-	-	0.01
PASS	typechecker:cmd/compile/internal/types2/TestFixedbugs/issue79883.go	native				typechecker	PASS	-	-	0
PASS	typechecker:cmd/compile/internal/types2/TestFixedbugs/issue80042.go	compiled				typechecker	PASS	-	-	0.01
PASS	typechecker:cmd/compile/internal/types2/TestFixedbugs/issue80042.go	interpreted				typechecker	PASS	-	-	0.01
PASS	typechecker:cmd/compile/internal/types2/TestFixedbugs/issue80042.go	native				typechecker	PASS	-	-	0
PASS	typechecker:cmd/compile/internal/types2/TestFixedbugs/issue80172.go	compiled				typechecker	PASS	-	-	0.01
PASS	typechecker:cmd/compile/internal/types2/TestFixedbugs/issue80172.go	interpreted				typechecker	PASS	-	-	0.01
PASS	typechecker:cmd/compile/internal/types2/TestFixedbugs/issue80172.go	native				typechecker	PASS	-	-	0
NATIVE-ONLY	typechecker:cmd/compile/internal/types2/TestGCSizes/issue60431	compiled			declared native-only, no credit	typechecker	NATIVE-ONLY	-	-	0
NATIVE-ONLY	typechecker:cmd/compile/internal/types2/TestGCSizes/issue60431	interpreted			declared native-only, no credit	typechecker	NATIVE-ONLY	-	-	0
NATIVE-ONLY	typechecker:cmd/compile/internal/types2/TestGCSizes/issue60431	native			declared native-only, no credit	typechecker	NATIVE-ONLY	-	-	0
NATIVE-ONLY	typechecker:cmd/compile/internal/types2/TestGCSizes/issue60734	compiled			declared native-only, no credit	typechecker	NATIVE-ONLY	-	-	0
NATIVE-ONLY	typechecker:cmd/compile/internal/types2/TestGCSizes/issue60734	interpreted			declared native-only, no credit	typechecker	NATIVE-ONLY	-	-	0
NATIVE-ONLY	typechecker:cmd/compile/internal/types2/TestGCSizes/issue60734	native			declared native-only, no credit	typechecker	NATIVE-ONLY	-	-	0
NATIVE-ONLY	typechecker:cmd/compile/internal/types2/TestInstanceInfo/duplfunc0	compiled			declared native-only, no credit	typechecker	NATIVE-ONLY	-	-	0
NATIVE-ONLY	typechecker:cmd/compile/internal/types2/TestInstanceInfo/duplfunc0	interpreted			declared native-only, no credit	typechecker	NATIVE-ONLY	-	-	0
NATIVE-ONLY	typechecker:cmd/compile/internal/types2/TestInstanceInfo/duplfunc0	native			declared native-only, no credit	typechecker	NATIVE-ONLY	-	-	0
NATIVE-ONLY	typechecker:cmd/compile/internal/types2/TestInstanceInfo/duplfunc1	compiled			declared native-only, no credit	typechecker	NATIVE-ONLY	-	-	0
NATIVE-ONLY	typechecker:cmd/compile/internal/types2/TestInstanceInfo/duplfunc1	interpreted			declared native-only, no credit	typechecker	NATIVE-ONLY	-	-	0
NATIVE-ONLY	typechecker:cmd/compile/internal/types2/TestInstanceInfo/duplfunc1	native			declared native-only, no credit	typechecker	NATIVE-ONLY	-	-	0
NATIVE-ONLY	typechecker:cmd/compile/internal/types2/TestInstanceInfo/dupltype0	compiled			declared native-only, no credit	typechecker	NATIVE-ONLY	-	-	0
NATIVE-ONLY	typechecker:cmd/compile/internal/types2/TestInstanceInfo/dupltype0	interpreted			declared native-only, no credit	typechecker	NATIVE-ONLY	-	-	0
NATIVE-ONLY	typechecker:cmd/compile/internal/types2/TestInstanceInfo/dupltype0	native			declared native-only, no credit	typechecker	NATIVE-ONLY	-	-	0
NATIVE-ONLY	typechecker:cmd/compile/internal/types2/TestInstanceInfo/dupltype1	compiled			declared native-only, no credit	typechecker	NATIVE-ONLY	-	-	0
NATIVE-ONLY	typechecker:cmd/compile/internal/types2/TestInstanceInfo/dupltype1	interpreted			declared native-only, no credit	typechecker	NATIVE-ONLY	-	-	0
NATIVE-ONLY	typechecker:cmd/compile/internal/types2/TestInstanceInfo/dupltype1	native			declared native-only, no credit	typechecker	NATIVE-ONLY	-	-	0
NATIVE-ONLY	typechecker:cmd/compile/internal/types2/TestInstanceInfo/dupltype1#01	compiled			declared native-only, no credit	typechecker	NATIVE-ONLY	-	-	0
NATIVE-ONLY	typechecker:cmd/compile/internal/types2/TestInstanceInfo/dupltype1#01	interpreted			declared native-only, no credit	typechecker	NATIVE-ONLY	-	-	0
NATIVE-ONLY	typechecker:cmd/compile/internal/types2/TestInstanceInfo/dupltype1#01	native			declared native-only, no credit	typechecker	NATIVE-ONLY	-	-	0
NATIVE-ONLY	typechecker:cmd/compile/internal/types2/TestInstanceInfo/i0	compiled			declared native-only, no credit	typechecker	NATIVE-ONLY	-	-	0
NATIVE-ONLY	typechecker:cmd/compile/internal/types2/TestInstanceInfo/i0	interpreted			declared native-only, no credit	typechecker	NATIVE-ONLY	-	-	0
NATIVE-ONLY	typechecker:cmd/compile/internal/types2/TestInstanceInfo/i0	native			declared native-only, no credit	typechecker	NATIVE-ONLY	-	-	0
NATIVE-ONLY	typechecker:cmd/compile/internal/types2/TestInstanceInfo/issue51803	compiled			declared native-only, no credit	typechecker	NATIVE-ONLY	-	-	0
NATIVE-ONLY	typechecker:cmd/compile/internal/types2/TestInstanceInfo/issue51803	interpreted			declared native-only, no credit	typechecker	NATIVE-ONLY	-	-	0
NATIVE-ONLY	typechecker:cmd/compile/internal/types2/TestInstanceInfo/issue51803	native			declared native-only, no credit	typechecker	NATIVE-ONLY	-	-	0
NATIVE-ONLY	typechecker:cmd/compile/internal/types2/TestInstanceInfo/issue59956	compiled			declared native-only, no credit	typechecker	NATIVE-ONLY	-	-	0
NATIVE-ONLY	typechecker:cmd/compile/internal/types2/TestInstanceInfo/issue59956	interpreted			declared native-only, no credit	typechecker	NATIVE-ONLY	-	-	0
NATIVE-ONLY	typechecker:cmd/compile/internal/types2/TestInstanceInfo/issue59956	native			declared native-only, no credit	typechecker	NATIVE-ONLY	-	-	0
NATIVE-ONLY	typechecker:cmd/compile/internal/types2/TestInstanceInfo/p0	compiled			declared native-only, no credit	typechecker	NATIVE-ONLY	-	-	0
NATIVE-ONLY	typechecker:cmd/compile/internal/types2/TestInstanceInfo/p0	interpreted			declared native-only, no credit	typechecker	NATIVE-ONLY	-	-	0
NATIVE-ONLY	typechecker:cmd/compile/internal/types2/TestInstanceInfo/p0	native			declared native-only, no credit	typechecker	NATIVE-ONLY	-	-	0
NATIVE-ONLY	typechecker:cmd/compile/internal/types2/TestInstanceInfo/p1	compiled			declared native-only, no credit	typechecker	NATIVE-ONLY	-	-	0
NATIVE-ONLY	typechecker:cmd/compile/internal/types2/TestInstanceInfo/p1	interpreted			declared native-only, no credit	typechecker	NATIVE-ONLY	-	-	0
NATIVE-ONLY	typechecker:cmd/compile/internal/types2/TestInstanceInfo/p1	native			declared native-only, no credit	typechecker	NATIVE-ONLY	-	-	0
NATIVE-ONLY	typechecker:cmd/compile/internal/types2/TestInstanceInfo/p2	compiled			declared native-only, no credit	typechecker	NATIVE-ONLY	-	-	0
NATIVE-ONLY	typechecker:cmd/compile/internal/types2/TestInstanceInfo/p2	interpreted			declared native-only, no credit	typechecker	NATIVE-ONLY	-	-	0
NATIVE-ONLY	typechecker:cmd/compile/internal/types2/TestInstanceInfo/p2	native			declared native-only, no credit	typechecker	NATIVE-ONLY	-	-	0
NATIVE-ONLY	typechecker:cmd/compile/internal/types2/TestInstanceInfo/p3	compiled			declared native-only, no credit	typechecker	NATIVE-ONLY	-	-	0
NATIVE-ONLY	typechecker:cmd/compile/internal/types2/TestInstanceInfo/p3	interpreted			declared native-only, no credit	typechecker	NATIVE-ONLY	-	-	0
NATIVE-ONLY	typechecker:cmd/compile/internal/types2/TestInstanceInfo/p3	native			declared native-only, no credit	typechecker	NATIVE-ONLY	-	-	0
NATIVE-ONLY	typechecker:cmd/compile/internal/types2/TestInstanceInfo/p4	compiled			declared native-only, no credit	typechecker	NATIVE-ONLY	-	-	0
NATIVE-ONLY	typechecker:cmd/compile/internal/types2/TestInstanceInfo/p4	interpreted			declared native-only, no credit	typechecker	NATIVE-ONLY	-	-	0
NATIVE-ONLY	typechecker:cmd/compile/internal/types2/TestInstanceInfo/p4	native			declared native-only, no credit	typechecker	NATIVE-ONLY	-	-	0
NATIVE-ONLY	typechecker:cmd/compile/internal/types2/TestInstanceInfo/reverse1a	compiled			declared native-only, no credit	typechecker	NATIVE-ONLY	-	-	0
NATIVE-ONLY	typechecker:cmd/compile/internal/types2/TestInstanceInfo/reverse1a	interpreted			declared native-only, no credit	typechecker	NATIVE-ONLY	-	-	0
NATIVE-ONLY	typechecker:cmd/compile/internal/types2/TestInstanceInfo/reverse1a	native			declared native-only, no credit	typechecker	NATIVE-ONLY	-	-	0
NATIVE-ONLY	typechecker:cmd/compile/internal/types2/TestInstanceInfo/reverse1b	compiled			declared native-only, no credit	typechecker	NATIVE-ONLY	-	-	0
NATIVE-ONLY	typechecker:cmd/compile/internal/types2/TestInstanceInfo/reverse1b	interpreted			declared native-only, no credit	typechecker	NATIVE-ONLY	-	-	0
NATIVE-ONLY	typechecker:cmd/compile/internal/types2/TestInstanceInfo/reverse1b	native			declared native-only, no credit	typechecker	NATIVE-ONLY	-	-	0
NATIVE-ONLY	typechecker:cmd/compile/internal/types2/TestInstanceInfo/reverse2a	compiled			declared native-only, no credit	typechecker	NATIVE-ONLY	-	-	0
NATIVE-ONLY	typechecker:cmd/compile/internal/types2/TestInstanceInfo/reverse2a	interpreted			declared native-only, no credit	typechecker	NATIVE-ONLY	-	-	0
NATIVE-ONLY	typechecker:cmd/compile/internal/types2/TestInstanceInfo/reverse2a	native			declared native-only, no credit	typechecker	NATIVE-ONLY	-	-	0
NATIVE-ONLY	typechecker:cmd/compile/internal/types2/TestInstanceInfo/reverse2b	compiled			declared native-only, no credit	typechecker	NATIVE-ONLY	-	-	0
NATIVE-ONLY	typechecker:cmd/compile/internal/types2/TestInstanceInfo/reverse2b	interpreted			declared native-only, no credit	typechecker	NATIVE-ONLY	-	-	0
NATIVE-ONLY	typechecker:cmd/compile/internal/types2/TestInstanceInfo/reverse2b	native			declared native-only, no credit	typechecker	NATIVE-ONLY	-	-	0
NATIVE-ONLY	typechecker:cmd/compile/internal/types2/TestInstanceInfo/reverse2c	compiled			declared native-only, no credit	typechecker	NATIVE-ONLY	-	-	0
NATIVE-ONLY	typechecker:cmd/compile/internal/types2/TestInstanceInfo/reverse2c	interpreted			declared native-only, no credit	typechecker	NATIVE-ONLY	-	-	0
NATIVE-ONLY	typechecker:cmd/compile/internal/types2/TestInstanceInfo/reverse2c	native			declared native-only, no credit	typechecker	NATIVE-ONLY	-	-	0
NATIVE-ONLY	typechecker:cmd/compile/internal/types2/TestInstanceInfo/reverse3b	compiled			declared native-only, no credit	typechecker	NATIVE-ONLY	-	-	0
NATIVE-ONLY	typechecker:cmd/compile/internal/types2/TestInstanceInfo/reverse3b	interpreted			declared native-only, no credit	typechecker	NATIVE-ONLY	-	-	0
NATIVE-ONLY	typechecker:cmd/compile/internal/types2/TestInstanceInfo/reverse3b	native			declared native-only, no credit	typechecker	NATIVE-ONLY	-	-	0
NATIVE-ONLY	typechecker:cmd/compile/internal/types2/TestInstanceInfo/reverse4a	compiled			declared native-only, no credit	typechecker	NATIVE-ONLY	-	-	0
NATIVE-ONLY	typechecker:cmd/compile/internal/types2/TestInstanceInfo/reverse4a	interpreted			declared native-only, no credit	typechecker	NATIVE-ONLY	-	-	0
NATIVE-ONLY	typechecker:cmd/compile/internal/types2/TestInstanceInfo/reverse4a	native			declared native-only, no credit	typechecker	NATIVE-ONLY	-	-	0
NATIVE-ONLY	typechecker:cmd/compile/internal/types2/TestInstanceInfo/reverse4b	compiled			declared native-only, no credit	typechecker	NATIVE-ONLY	-	-	0
NATIVE-ONLY	typechecker:cmd/compile/internal/types2/TestInstanceInfo/reverse4b	interpreted			declared native-only, no credit	typechecker	NATIVE-ONLY	-	-	0
NATIVE-ONLY	typechecker:cmd/compile/internal/types2/TestInstanceInfo/reverse4b	native			declared native-only, no credit	typechecker	NATIVE-ONLY	-	-	0
NATIVE-ONLY	typechecker:cmd/compile/internal/types2/TestInstanceInfo/s1	compiled			declared native-only, no credit	typechecker	NATIVE-ONLY	-	-	0
NATIVE-ONLY	typechecker:cmd/compile/internal/types2/TestInstanceInfo/s1	interpreted			declared native-only, no credit	typechecker	NATIVE-ONLY	-	-	0
NATIVE-ONLY	typechecker:cmd/compile/internal/types2/TestInstanceInfo/s1	native			declared native-only, no credit	typechecker	NATIVE-ONLY	-	-	0
NATIVE-ONLY	typechecker:cmd/compile/internal/types2/TestInstanceInfo/s2	compiled			declared native-only, no credit	typechecker	NATIVE-ONLY	-	-	0
NATIVE-ONLY	typechecker:cmd/compile/internal/types2/TestInstanceInfo/s2	interpreted			declared native-only, no credit	typechecker	NATIVE-ONLY	-	-	0
NATIVE-ONLY	typechecker:cmd/compile/internal/types2/TestInstanceInfo/s2	native			declared native-only, no credit	typechecker	NATIVE-ONLY	-	-	0
NATIVE-ONLY	typechecker:cmd/compile/internal/types2/TestInstanceInfo/s3	compiled			declared native-only, no credit	typechecker	NATIVE-ONLY	-	-	0
NATIVE-ONLY	typechecker:cmd/compile/internal/types2/TestInstanceInfo/s3	interpreted			declared native-only, no credit	typechecker	NATIVE-ONLY	-	-	0
NATIVE-ONLY	typechecker:cmd/compile/internal/types2/TestInstanceInfo/s3	native			declared native-only, no credit	typechecker	NATIVE-ONLY	-	-	0
NATIVE-ONLY	typechecker:cmd/compile/internal/types2/TestInstanceInfo/s4	compiled			declared native-only, no credit	typechecker	NATIVE-ONLY	-	-	0
NATIVE-ONLY	typechecker:cmd/compile/internal/types2/TestInstanceInfo/s4	interpreted			declared native-only, no credit	typechecker	NATIVE-ONLY	-	-	0
NATIVE-ONLY	typechecker:cmd/compile/internal/types2/TestInstanceInfo/s4	native			declared native-only, no credit	typechecker	NATIVE-ONLY	-	-	0
NATIVE-ONLY	typechecker:cmd/compile/internal/types2/TestInstanceInfo/t1	compiled			declared native-only, no credit	typechecker	NATIVE-ONLY	-	-	0
NATIVE-ONLY	typechecker:cmd/compile/internal/types2/TestInstanceInfo/t1	interpreted			declared native-only, no credit	typechecker	NATIVE-ONLY	-	-	0
NATIVE-ONLY	typechecker:cmd/compile/internal/types2/TestInstanceInfo/t1	native			declared native-only, no credit	typechecker	NATIVE-ONLY	-	-	0
NATIVE-ONLY	typechecker:cmd/compile/internal/types2/TestInstanceInfo/t2	compiled			declared native-only, no credit	typechecker	NATIVE-ONLY	-	-	0
NATIVE-ONLY	typechecker:cmd/compile/internal/types2/TestInstanceInfo/t2	interpreted			declared native-only, no credit	typechecker	NATIVE-ONLY	-	-	0
NATIVE-ONLY	typechecker:cmd/compile/internal/types2/TestInstanceInfo/t2	native			declared native-only, no credit	typechecker	NATIVE-ONLY	-	-	0
NATIVE-ONLY	typechecker:cmd/compile/internal/types2/TestInstanceInfo/t3	compiled			declared native-only, no credit	typechecker	NATIVE-ONLY	-	-	0
NATIVE-ONLY	typechecker:cmd/compile/internal/types2/TestInstanceInfo/t3	interpreted			declared native-only, no credit	typechecker	NATIVE-ONLY	-	-	0
NATIVE-ONLY	typechecker:cmd/compile/internal/types2/TestInstanceInfo/t3	native			declared native-only, no credit	typechecker	NATIVE-ONLY	-	-	0
NATIVE-ONLY	typechecker:cmd/compile/internal/types2/TestInstanceInfo/t4	compiled			declared native-only, no credit	typechecker	NATIVE-ONLY	-	-	0
NATIVE-ONLY	typechecker:cmd/compile/internal/types2/TestInstanceInfo/t4	interpreted			declared native-only, no credit	typechecker	NATIVE-ONLY	-	-	0
NATIVE-ONLY	typechecker:cmd/compile/internal/types2/TestInstanceInfo/t4	native			declared native-only, no credit	typechecker	NATIVE-ONLY	-	-	0
NATIVE-ONLY	typechecker:cmd/compile/internal/types2/TestInstanceInfo/type0	compiled			declared native-only, no credit	typechecker	NATIVE-ONLY	-	-	0
NATIVE-ONLY	typechecker:cmd/compile/internal/types2/TestInstanceInfo/type0	interpreted			declared native-only, no credit	typechecker	NATIVE-ONLY	-	-	0
NATIVE-ONLY	typechecker:cmd/compile/internal/types2/TestInstanceInfo/type0	native			declared native-only, no credit	typechecker	NATIVE-ONLY	-	-	0
NATIVE-ONLY	typechecker:cmd/compile/internal/types2/TestInstanceInfo/type1	compiled			declared native-only, no credit	typechecker	NATIVE-ONLY	-	-	0
NATIVE-ONLY	typechecker:cmd/compile/internal/types2/TestInstanceInfo/type1	interpreted			declared native-only, no credit	typechecker	NATIVE-ONLY	-	-	0
NATIVE-ONLY	typechecker:cmd/compile/internal/types2/TestInstanceInfo/type1	native			declared native-only, no credit	typechecker	NATIVE-ONLY	-	-	0
NATIVE-ONLY	typechecker:cmd/compile/internal/types2/TestInstanceInfo/type2	compiled			declared native-only, no credit	typechecker	NATIVE-ONLY	-	-	0
NATIVE-ONLY	typechecker:cmd/compile/internal/types2/TestInstanceInfo/type2	interpreted			declared native-only, no credit	typechecker	NATIVE-ONLY	-	-	0
NATIVE-ONLY	typechecker:cmd/compile/internal/types2/TestInstanceInfo/type2	native			declared native-only, no credit	typechecker	NATIVE-ONLY	-	-	0
NATIVE-ONLY	typechecker:cmd/compile/internal/types2/TestInstanceInfo/type3	compiled			declared native-only, no credit	typechecker	NATIVE-ONLY	-	-	0
NATIVE-ONLY	typechecker:cmd/compile/internal/types2/TestInstanceInfo/type3	interpreted			declared native-only, no credit	typechecker	NATIVE-ONLY	-	-	0
NATIVE-ONLY	typechecker:cmd/compile/internal/types2/TestInstanceInfo/type3	native			declared native-only, no credit	typechecker	NATIVE-ONLY	-	-	0
NATIVE-ONLY	typechecker:cmd/compile/internal/types2/TestInstanceInfo/type4	compiled			declared native-only, no credit	typechecker	NATIVE-ONLY	-	-	0
NATIVE-ONLY	typechecker:cmd/compile/internal/types2/TestInstanceInfo/type4	interpreted			declared native-only, no credit	typechecker	NATIVE-ONLY	-	-	0
NATIVE-ONLY	typechecker:cmd/compile/internal/types2/TestInstanceInfo/type4	native			declared native-only, no credit	typechecker	NATIVE-ONLY	-	-	0
NATIVE-ONLY	typechecker:cmd/compile/internal/types2/TestInstantiateEquality/basicfunc	compiled			declared native-only, no credit	typechecker	NATIVE-ONLY	-	-	0
NATIVE-ONLY	typechecker:cmd/compile/internal/types2/TestInstantiateEquality/basicfunc	interpreted			declared native-only, no credit	typechecker	NATIVE-ONLY	-	-	0
NATIVE-ONLY	typechecker:cmd/compile/internal/types2/TestInstantiateEquality/basicfunc	native			declared native-only, no credit	typechecker	NATIVE-ONLY	-	-	0
NATIVE-ONLY	typechecker:cmd/compile/internal/types2/TestInstantiateEquality/basictype	compiled			declared native-only, no credit	typechecker	NATIVE-ONLY	-	-	0
NATIVE-ONLY	typechecker:cmd/compile/internal/types2/TestInstantiateEquality/basictype	interpreted			declared native-only, no credit	typechecker	NATIVE-ONLY	-	-	0
NATIVE-ONLY	typechecker:cmd/compile/internal/types2/TestInstantiateEquality/basictype	native			declared native-only, no credit	typechecker	NATIVE-ONLY	-	-	0
NATIVE-ONLY	typechecker:cmd/compile/internal/types2/TestInstantiateEquality/differentfuncargs	compiled			declared native-only, no credit	typechecker	NATIVE-ONLY	-	-	0
NATIVE-ONLY	typechecker:cmd/compile/internal/types2/TestInstantiateEquality/differentfuncargs	interpreted			declared native-only, no credit	typechecker	NATIVE-ONLY	-	-	0
NATIVE-ONLY	typechecker:cmd/compile/internal/types2/TestInstantiateEquality/differentfuncargs	native			declared native-only, no credit	typechecker	NATIVE-ONLY	-	-	0
NATIVE-ONLY	typechecker:cmd/compile/internal/types2/TestInstantiateEquality/differenttypeargs	compiled			declared native-only, no credit	typechecker	NATIVE-ONLY	-	-	0
NATIVE-ONLY	typechecker:cmd/compile/internal/types2/TestInstantiateEquality/differenttypeargs	interpreted			declared native-only, no credit	typechecker	NATIVE-ONLY	-	-	0
NATIVE-ONLY	typechecker:cmd/compile/internal/types2/TestInstantiateEquality/differenttypeargs	native			declared native-only, no credit	typechecker	NATIVE-ONLY	-	-	0
NATIVE-ONLY	typechecker:cmd/compile/internal/types2/TestInstantiateEquality/equivalentinterfaces	compiled			declared native-only, no credit	typechecker	NATIVE-ONLY	-	-	0
NATIVE-ONLY	typechecker:cmd/compile/internal/types2/TestInstantiateEquality/equivalentinterfaces	interpreted			declared native-only, no credit	typechecker	NATIVE-ONLY	-	-	0
NATIVE-ONLY	typechecker:cmd/compile/internal/types2/TestInstantiateEquality/equivalentinterfaces	native			declared native-only, no credit	typechecker	NATIVE-ONLY	-	-	0
NATIVE-ONLY	typechecker:cmd/compile/internal/types2/TestInstantiateEquality/equivalenttypesets	compiled			declared native-only, no credit	typechecker	NATIVE-ONLY	-	-	0
NATIVE-ONLY	typechecker:cmd/compile/internal/types2/TestInstantiateEquality/equivalenttypesets	interpreted			declared native-only, no credit	typechecker	NATIVE-ONLY	-	-	0
NATIVE-ONLY	typechecker:cmd/compile/internal/types2/TestInstantiateEquality/equivalenttypesets	native			declared native-only, no credit	typechecker	NATIVE-ONLY	-	-	0
NATIVE-ONLY	typechecker:cmd/compile/internal/types2/TestInstantiateEquality/funcequality	compiled			declared native-only, no credit	typechecker	NATIVE-ONLY	-	-	0
NATIVE-ONLY	typechecker:cmd/compile/internal/types2/TestInstantiateEquality/funcequality	interpreted			declared native-only, no credit	typechecker	NATIVE-ONLY	-	-	0
NATIVE-ONLY	typechecker:cmd/compile/internal/types2/TestInstantiateEquality/funcequality	native			declared native-only, no credit	typechecker	NATIVE-ONLY	-	-	0
NATIVE-ONLY	typechecker:cmd/compile/internal/types2/TestInstantiateEquality/funcslice	compiled			declared native-only, no credit	typechecker	NATIVE-ONLY	-	-	0
NATIVE-ONLY	typechecker:cmd/compile/internal/types2/TestInstantiateEquality/funcslice	interpreted			declared native-only, no credit	typechecker	NATIVE-ONLY	-	-	0
NATIVE-ONLY	typechecker:cmd/compile/internal/types2/TestInstantiateEquality/funcslice	native			declared native-only, no credit	typechecker	NATIVE-ONLY	-	-	0
NATIVE-ONLY	typechecker:cmd/compile/internal/types2/TestInstantiateEquality/funcsymmetry	compiled			declared native-only, no credit	typechecker	NATIVE-ONLY	-	-	0
NATIVE-ONLY	typechecker:cmd/compile/internal/types2/TestInstantiateEquality/funcsymmetry	interpreted			declared native-only, no credit	typechecker	NATIVE-ONLY	-	-	0
NATIVE-ONLY	typechecker:cmd/compile/internal/types2/TestInstantiateEquality/funcsymmetry	native			declared native-only, no credit	typechecker	NATIVE-ONLY	-	-	0
NATIVE-ONLY	typechecker:cmd/compile/internal/types2/TestInstantiateEquality/funcwithparams	compiled			declared native-only, no credit	typechecker	NATIVE-ONLY	-	-	0
NATIVE-ONLY	typechecker:cmd/compile/internal/types2/TestInstantiateEquality/funcwithparams	interpreted			declared native-only, no credit	typechecker	NATIVE-ONLY	-	-	0
NATIVE-ONLY	typechecker:cmd/compile/internal/types2/TestInstantiateEquality/funcwithparams	native			declared native-only, no credit	typechecker	NATIVE-ONLY	-	-	0
NATIVE-ONLY	typechecker:cmd/compile/internal/types2/TestInstantiateEquality/typeslice	compiled			declared native-only, no credit	typechecker	NATIVE-ONLY	-	-	0
NATIVE-ONLY	typechecker:cmd/compile/internal/types2/TestInstantiateEquality/typeslice	interpreted			declared native-only, no credit	typechecker	NATIVE-ONLY	-	-	0
NATIVE-ONLY	typechecker:cmd/compile/internal/types2/TestInstantiateEquality/typeslice	native			declared native-only, no credit	typechecker	NATIVE-ONLY	-	-	0
NATIVE-ONLY	typechecker:cmd/compile/internal/types2/TestInstantiatedObjects/concreteMethod	compiled			declared native-only, no credit	typechecker	NATIVE-ONLY	-	-	0
NATIVE-ONLY	typechecker:cmd/compile/internal/types2/TestInstantiatedObjects/concreteMethod	interpreted			declared native-only, no credit	typechecker	NATIVE-ONLY	-	-	0
NATIVE-ONLY	typechecker:cmd/compile/internal/types2/TestInstantiatedObjects/concreteMethod	native			declared native-only, no credit	typechecker	NATIVE-ONLY	-	-	0
NATIVE-ONLY	typechecker:cmd/compile/internal/types2/TestInstantiatedObjects/fParam	compiled			declared native-only, no credit	typechecker	NATIVE-ONLY	-	-	0
NATIVE-ONLY	typechecker:cmd/compile/internal/types2/TestInstantiatedObjects/fParam	interpreted			declared native-only, no credit	typechecker	NATIVE-ONLY	-	-	0
NATIVE-ONLY	typechecker:cmd/compile/internal/types2/TestInstantiatedObjects/fParam	native			declared native-only, no credit	typechecker	NATIVE-ONLY	-	-	0
NATIVE-ONLY	typechecker:cmd/compile/internal/types2/TestInstantiatedObjects/fResult	compiled			declared native-only, no credit	typechecker	NATIVE-ONLY	-	-	0
NATIVE-ONLY	typechecker:cmd/compile/internal/types2/TestInstantiatedObjects/fResult	interpreted			declared native-only, no credit	typechecker	NATIVE-ONLY	-	-	0
NATIVE-ONLY	typechecker:cmd/compile/internal/types2/TestInstantiatedObjects/fResult	native			declared native-only, no credit	typechecker	NATIVE-ONLY	-	-	0
NATIVE-ONLY	typechecker:cmd/compile/internal/types2/TestInstantiatedObjects/field	compiled			declared native-only, no credit	typechecker	NATIVE-ONLY	-	-	0
NATIVE-ONLY	typechecker:cmd/compile/internal/types2/TestInstantiatedObjects/field	interpreted			declared native-only, no credit	typechecker	NATIVE-ONLY	-	-	0
NATIVE-ONLY	typechecker:cmd/compile/internal/types2/TestInstantiatedObjects/field	native			declared native-only, no credit	typechecker	NATIVE-ONLY	-	-	0
NATIVE-ONLY	typechecker:cmd/compile/internal/types2/TestInstantiatedObjects/field#01	compiled			declared native-only, no credit	typechecker	NATIVE-ONLY	-	-	0
NATIVE-ONLY	typechecker:cmd/compile/internal/types2/TestInstantiatedObjects/field#01	interpreted			declared native-only, no credit	typechecker	NATIVE-ONLY	-	-	0
NATIVE-ONLY	typechecker:cmd/compile/internal/types2/TestInstantiatedObjects/field#01	native			declared native-only, no credit	typechecker	NATIVE-ONLY	-	-	0
NATIVE-ONLY	typechecker:cmd/compile/internal/types2/TestInstantiatedObjects/ftParam	compiled			declared native-only, no credit	typechecker	NATIVE-ONLY	-	-	0
NATIVE-ONLY	typechecker:cmd/compile/internal/types2/TestInstantiatedObjects/ftParam	interpreted			declared native-only, no credit	typechecker	NATIVE-ONLY	-	-	0
NATIVE-ONLY	typechecker:cmd/compile/internal/types2/TestInstantiatedObjects/ftParam	native			declared native-only, no credit	typechecker	NATIVE-ONLY	-	-	0
NATIVE-ONLY	typechecker:cmd/compile/internal/types2/TestInstantiatedObjects/ftResult	compiled			declared native-only, no credit	typechecker	NATIVE-ONLY	-	-	0
NATIVE-ONLY	typechecker:cmd/compile/internal/types2/TestInstantiatedObjects/ftResult	interpreted			declared native-only, no credit	typechecker	NATIVE-ONLY	-	-	0
NATIVE-ONLY	typechecker:cmd/compile/internal/types2/TestInstantiatedObjects/ftResult	native			declared native-only, no credit	typechecker	NATIVE-ONLY	-	-	0
NATIVE-ONLY	typechecker:cmd/compile/internal/types2/TestInstantiatedObjects/interfaceMethod	compiled			declared native-only, no credit	typechecker	NATIVE-ONLY	-	-	0
NATIVE-ONLY	typechecker:cmd/compile/internal/types2/TestInstantiatedObjects/interfaceMethod	interpreted			declared native-only, no credit	typechecker	NATIVE-ONLY	-	-	0
NATIVE-ONLY	typechecker:cmd/compile/internal/types2/TestInstantiatedObjects/interfaceMethod	native			declared native-only, no credit	typechecker	NATIVE-ONLY	-	-	0
NATIVE-ONLY	typechecker:cmd/compile/internal/types2/TestInstantiatedObjects/mParam	compiled			declared native-only, no credit	typechecker	NATIVE-ONLY	-	-	0
NATIVE-ONLY	typechecker:cmd/compile/internal/types2/TestInstantiatedObjects/mParam	interpreted			declared native-only, no credit	typechecker	NATIVE-ONLY	-	-	0
NATIVE-ONLY	typechecker:cmd/compile/internal/types2/TestInstantiatedObjects/mParam	native			declared native-only, no credit	typechecker	NATIVE-ONLY	-	-	0
NATIVE-ONLY	typechecker:cmd/compile/internal/types2/TestInstantiatedObjects/mResult	compiled			declared native-only, no credit	typechecker	NATIVE-ONLY	-	-	0
NATIVE-ONLY	typechecker:cmd/compile/internal/types2/TestInstantiatedObjects/mResult	interpreted			declared native-only, no credit	typechecker	NATIVE-ONLY	-	-	0
NATIVE-ONLY	typechecker:cmd/compile/internal/types2/TestInstantiatedObjects/mResult	native			declared native-only, no credit	typechecker	NATIVE-ONLY	-	-	0
NATIVE-ONLY	typechecker:cmd/compile/internal/types2/TestInstantiatedObjects/recv	compiled			declared native-only, no credit	typechecker	NATIVE-ONLY	-	-	0
NATIVE-ONLY	typechecker:cmd/compile/internal/types2/TestInstantiatedObjects/recv	interpreted			declared native-only, no credit	typechecker	NATIVE-ONLY	-	-	0
NATIVE-ONLY	typechecker:cmd/compile/internal/types2/TestInstantiatedObjects/recv	native			declared native-only, no credit	typechecker	NATIVE-ONLY	-	-	0
PASS	typechecker:cmd/compile/internal/types2/TestLocal/issue47996.go	compiled				typechecker	PASS	-	-	0.01
PASS	typechecker:cmd/compile/internal/types2/TestLocal/issue47996.go	interpreted				typechecker	PASS	-	-	0.01
PASS	typechecker:cmd/compile/internal/types2/TestLocal/issue47996.go	native				typechecker	PASS	-	-	0
PASS	typechecker:cmd/compile/internal/types2/TestLocal/issue68183.go	compiled				typechecker	PASS	-	-	0.05
PASS	typechecker:cmd/compile/internal/types2/TestLocal/issue68183.go	interpreted				typechecker	PASS	-	-	0.05
PASS	typechecker:cmd/compile/internal/types2/TestLocal/issue68183.go	native				typechecker	PASS	-	-	0
PASS	typechecker:cmd/compile/internal/types2/TestLocal/issue71254.go	compiled				typechecker	PASS	-	-	0.01
PASS	typechecker:cmd/compile/internal/types2/TestLocal/issue71254.go	interpreted				typechecker	PASS	-	-	0.01
PASS	typechecker:cmd/compile/internal/types2/TestLocal/issue71254.go	native				typechecker	PASS	-	-	0
NATIVE-ONLY	typechecker:cmd/compile/internal/types2/TestObjectString/0	compiled			declared native-only, no credit	typechecker	NATIVE-ONLY	-	-	0
NATIVE-ONLY	typechecker:cmd/compile/internal/types2/TestObjectString/0	interpreted			declared native-only, no credit	typechecker	NATIVE-ONLY	-	-	0
NATIVE-ONLY	typechecker:cmd/compile/internal/types2/TestObjectString/0	native			declared native-only, no credit	typechecker	NATIVE-ONLY	-	-	0
NATIVE-ONLY	typechecker:cmd/compile/internal/types2/TestObjectString/1	compiled			declared native-only, no credit	typechecker	NATIVE-ONLY	-	-	0
NATIVE-ONLY	typechecker:cmd/compile/internal/types2/TestObjectString/1	interpreted			declared native-only, no credit	typechecker	NATIVE-ONLY	-	-	0
NATIVE-ONLY	typechecker:cmd/compile/internal/types2/TestObjectString/1	native			declared native-only, no credit	typechecker	NATIVE-ONLY	-	-	0
NATIVE-ONLY	typechecker:cmd/compile/internal/types2/TestObjectString/10	compiled			declared native-only, no credit	typechecker	NATIVE-ONLY	-	-	0
NATIVE-ONLY	typechecker:cmd/compile/internal/types2/TestObjectString/10	interpreted			declared native-only, no credit	typechecker	NATIVE-ONLY	-	-	0
NATIVE-ONLY	typechecker:cmd/compile/internal/types2/TestObjectString/10	native			declared native-only, no credit	typechecker	NATIVE-ONLY	-	-	0
NATIVE-ONLY	typechecker:cmd/compile/internal/types2/TestObjectString/11	compiled			declared native-only, no credit	typechecker	NATIVE-ONLY	-	-	0
NATIVE-ONLY	typechecker:cmd/compile/internal/types2/TestObjectString/11	interpreted			declared native-only, no credit	typechecker	NATIVE-ONLY	-	-	0
NATIVE-ONLY	typechecker:cmd/compile/internal/types2/TestObjectString/11	native			declared native-only, no credit	typechecker	NATIVE-ONLY	-	-	0
NATIVE-ONLY	typechecker:cmd/compile/internal/types2/TestObjectString/12	compiled			declared native-only, no credit	typechecker	NATIVE-ONLY	-	-	0
NATIVE-ONLY	typechecker:cmd/compile/internal/types2/TestObjectString/12	interpreted			declared native-only, no credit	typechecker	NATIVE-ONLY	-	-	0
NATIVE-ONLY	typechecker:cmd/compile/internal/types2/TestObjectString/12	native			declared native-only, no credit	typechecker	NATIVE-ONLY	-	-	0
NATIVE-ONLY	typechecker:cmd/compile/internal/types2/TestObjectString/13	compiled			declared native-only, no credit	typechecker	NATIVE-ONLY	-	-	0
NATIVE-ONLY	typechecker:cmd/compile/internal/types2/TestObjectString/13	interpreted			declared native-only, no credit	typechecker	NATIVE-ONLY	-	-	0
NATIVE-ONLY	typechecker:cmd/compile/internal/types2/TestObjectString/13	native			declared native-only, no credit	typechecker	NATIVE-ONLY	-	-	0
NATIVE-ONLY	typechecker:cmd/compile/internal/types2/TestObjectString/14	compiled			declared native-only, no credit	typechecker	NATIVE-ONLY	-	-	0
NATIVE-ONLY	typechecker:cmd/compile/internal/types2/TestObjectString/14	interpreted			declared native-only, no credit	typechecker	NATIVE-ONLY	-	-	0
NATIVE-ONLY	typechecker:cmd/compile/internal/types2/TestObjectString/14	native			declared native-only, no credit	typechecker	NATIVE-ONLY	-	-	0
NATIVE-ONLY	typechecker:cmd/compile/internal/types2/TestObjectString/15	compiled			declared native-only, no credit	typechecker	NATIVE-ONLY	-	-	0
NATIVE-ONLY	typechecker:cmd/compile/internal/types2/TestObjectString/15	interpreted			declared native-only, no credit	typechecker	NATIVE-ONLY	-	-	0
NATIVE-ONLY	typechecker:cmd/compile/internal/types2/TestObjectString/15	native			declared native-only, no credit	typechecker	NATIVE-ONLY	-	-	0
NATIVE-ONLY	typechecker:cmd/compile/internal/types2/TestObjectString/16	compiled			declared native-only, no credit	typechecker	NATIVE-ONLY	-	-	0
NATIVE-ONLY	typechecker:cmd/compile/internal/types2/TestObjectString/16	interpreted			declared native-only, no credit	typechecker	NATIVE-ONLY	-	-	0
NATIVE-ONLY	typechecker:cmd/compile/internal/types2/TestObjectString/16	native			declared native-only, no credit	typechecker	NATIVE-ONLY	-	-	0
NATIVE-ONLY	typechecker:cmd/compile/internal/types2/TestObjectString/2	compiled			declared native-only, no credit	typechecker	NATIVE-ONLY	-	-	0
NATIVE-ONLY	typechecker:cmd/compile/internal/types2/TestObjectString/2	interpreted			declared native-only, no credit	typechecker	NATIVE-ONLY	-	-	0
NATIVE-ONLY	typechecker:cmd/compile/internal/types2/TestObjectString/2	native			declared native-only, no credit	typechecker	NATIVE-ONLY	-	-	0
NATIVE-ONLY	typechecker:cmd/compile/internal/types2/TestObjectString/3	compiled			declared native-only, no credit	typechecker	NATIVE-ONLY	-	-	0
NATIVE-ONLY	typechecker:cmd/compile/internal/types2/TestObjectString/3	interpreted			declared native-only, no credit	typechecker	NATIVE-ONLY	-	-	0
NATIVE-ONLY	typechecker:cmd/compile/internal/types2/TestObjectString/3	native			declared native-only, no credit	typechecker	NATIVE-ONLY	-	-	0
NATIVE-ONLY	typechecker:cmd/compile/internal/types2/TestObjectString/4	compiled			declared native-only, no credit	typechecker	NATIVE-ONLY	-	-	0
NATIVE-ONLY	typechecker:cmd/compile/internal/types2/TestObjectString/4	interpreted			declared native-only, no credit	typechecker	NATIVE-ONLY	-	-	0
NATIVE-ONLY	typechecker:cmd/compile/internal/types2/TestObjectString/4	native			declared native-only, no credit	typechecker	NATIVE-ONLY	-	-	0
NATIVE-ONLY	typechecker:cmd/compile/internal/types2/TestObjectString/5	compiled			declared native-only, no credit	typechecker	NATIVE-ONLY	-	-	0
NATIVE-ONLY	typechecker:cmd/compile/internal/types2/TestObjectString/5	interpreted			declared native-only, no credit	typechecker	NATIVE-ONLY	-	-	0
NATIVE-ONLY	typechecker:cmd/compile/internal/types2/TestObjectString/5	native			declared native-only, no credit	typechecker	NATIVE-ONLY	-	-	0
NATIVE-ONLY	typechecker:cmd/compile/internal/types2/TestObjectString/6	compiled			declared native-only, no credit	typechecker	NATIVE-ONLY	-	-	0
NATIVE-ONLY	typechecker:cmd/compile/internal/types2/TestObjectString/6	interpreted			declared native-only, no credit	typechecker	NATIVE-ONLY	-	-	0
NATIVE-ONLY	typechecker:cmd/compile/internal/types2/TestObjectString/6	native			declared native-only, no credit	typechecker	NATIVE-ONLY	-	-	0
NATIVE-ONLY	typechecker:cmd/compile/internal/types2/TestObjectString/7	compiled			declared native-only, no credit	typechecker	NATIVE-ONLY	-	-	0
NATIVE-ONLY	typechecker:cmd/compile/internal/types2/TestObjectString/7	interpreted			declared native-only, no credit	typechecker	NATIVE-ONLY	-	-	0
NATIVE-ONLY	typechecker:cmd/compile/internal/types2/TestObjectString/7	native			declared native-only, no credit	typechecker	NATIVE-ONLY	-	-	0
NATIVE-ONLY	typechecker:cmd/compile/internal/types2/TestObjectString/8	compiled			declared native-only, no credit	typechecker	NATIVE-ONLY	-	-	0
NATIVE-ONLY	typechecker:cmd/compile/internal/types2/TestObjectString/8	interpreted			declared native-only, no credit	typechecker	NATIVE-ONLY	-	-	0
NATIVE-ONLY	typechecker:cmd/compile/internal/types2/TestObjectString/8	native			declared native-only, no credit	typechecker	NATIVE-ONLY	-	-	0
NATIVE-ONLY	typechecker:cmd/compile/internal/types2/TestObjectString/9	compiled			declared native-only, no credit	typechecker	NATIVE-ONLY	-	-	0
NATIVE-ONLY	typechecker:cmd/compile/internal/types2/TestObjectString/9	interpreted			declared native-only, no credit	typechecker	NATIVE-ONLY	-	-	0
NATIVE-ONLY	typechecker:cmd/compile/internal/types2/TestObjectString/9	native			declared native-only, no credit	typechecker	NATIVE-ONLY	-	-	0
PASS	typechecker:cmd/compile/internal/types2/TestSpec/assignability.go	compiled				typechecker	PASS	-	-	0.01
PASS	typechecker:cmd/compile/internal/types2/TestSpec/assignability.go	interpreted				typechecker	PASS	-	-	0.01
PASS	typechecker:cmd/compile/internal/types2/TestSpec/assignability.go	native				typechecker	PASS	-	-	0
PASS	typechecker:cmd/compile/internal/types2/TestSpec/comparable.go	compiled				typechecker	PASS	-	-	0.01
PASS	typechecker:cmd/compile/internal/types2/TestSpec/comparable.go	interpreted				typechecker	PASS	-	-	0.01
PASS	typechecker:cmd/compile/internal/types2/TestSpec/comparable.go	native				typechecker	PASS	-	-	0
PASS	typechecker:cmd/compile/internal/types2/TestSpec/comparable1.19.go	compiled				typechecker	PASS	-	-	0.01
PASS	typechecker:cmd/compile/internal/types2/TestSpec/comparable1.19.go	interpreted				typechecker	PASS	-	-	0.01
PASS	typechecker:cmd/compile/internal/types2/TestSpec/comparable1.19.go	native				typechecker	PASS	-	-	0
PASS	typechecker:cmd/compile/internal/types2/TestSpec/comparisons.go	compiled				typechecker	PASS	-	-	0.02
PASS	typechecker:cmd/compile/internal/types2/TestSpec/comparisons.go	interpreted				typechecker	PASS	-	-	0.01
PASS	typechecker:cmd/compile/internal/types2/TestSpec/comparisons.go	native				typechecker	PASS	-	-	0
PASS	typechecker:cmd/compile/internal/types2/TestSpec/conversions.go	compiled				typechecker	PASS	-	-	0.01
PASS	typechecker:cmd/compile/internal/types2/TestSpec/conversions.go	interpreted				typechecker	PASS	-	-	0.01
PASS	typechecker:cmd/compile/internal/types2/TestSpec/conversions.go	native				typechecker	PASS	-	-	0
PASS	typechecker:cmd/compile/internal/types2/TestSpec/methods.go	compiled				typechecker	PASS	-	-	0.01
PASS	typechecker:cmd/compile/internal/types2/TestSpec/methods.go	interpreted				typechecker	PASS	-	-	0.01
PASS	typechecker:cmd/compile/internal/types2/TestSpec/methods.go	native				typechecker	PASS	-	-	0
PASS	typechecker:cmd/compile/internal/types2/TestSpec/range.go	compiled				typechecker	PASS	-	-	0.01
PASS	typechecker:cmd/compile/internal/types2/TestSpec/range.go	interpreted				typechecker	PASS	-	-	0.01
PASS	typechecker:cmd/compile/internal/types2/TestSpec/range.go	native				typechecker	PASS	-	-	0
PASS	typechecker:cmd/compile/internal/types2/TestSpec/range_int.go	compiled				typechecker	PASS	-	-	0.02
PASS	typechecker:cmd/compile/internal/types2/TestSpec/range_int.go	interpreted				typechecker	PASS	-	-	0.01
PASS	typechecker:cmd/compile/internal/types2/TestSpec/range_int.go	native				typechecker	PASS	-	-	0
PASS	typechecker:cmd/compile/internal/types2/TestSpec/receivers.go	compiled				typechecker	PASS	-	-	0.01
PASS	typechecker:cmd/compile/internal/types2/TestSpec/receivers.go	interpreted				typechecker	PASS	-	-	0.01
PASS	typechecker:cmd/compile/internal/types2/TestSpec/receivers.go	native				typechecker	PASS	-	-	0
PASS	typechecker:cmd/compile/internal/types2/TestSpec/structLits.go	compiled				typechecker	PASS	-	-	0.01
PASS	typechecker:cmd/compile/internal/types2/TestSpec/structLits.go	interpreted				typechecker	PASS	-	-	0.01
PASS	typechecker:cmd/compile/internal/types2/TestSpec/structLits.go	native				typechecker	PASS	-	-	0
PASS	typechecker:cmd/compile/internal/types2/TestSpec/typeAliases1.22.go	compiled				typechecker	PASS	-	-	0.02
PASS	typechecker:cmd/compile/internal/types2/TestSpec/typeAliases1.22.go	interpreted				typechecker	PASS	-	-	0.01
PASS	typechecker:cmd/compile/internal/types2/TestSpec/typeAliases1.22.go	native				typechecker	PASS	-	-	0
PASS	typechecker:cmd/compile/internal/types2/TestSpec/typeAliases1.23.go	compiled				typechecker	PASS	-	-	0.01
PASS	typechecker:cmd/compile/internal/types2/TestSpec/typeAliases1.23.go	interpreted				typechecker	PASS	-	-	0.01
PASS	typechecker:cmd/compile/internal/types2/TestSpec/typeAliases1.23.go	native				typechecker	PASS	-	-	0
PASS	typechecker:cmd/compile/internal/types2/TestSpec/typeAliases1.8.go	compiled				typechecker	PASS	-	-	0.01
PASS	typechecker:cmd/compile/internal/types2/TestSpec/typeAliases1.8.go	interpreted				typechecker	PASS	-	-	0.01
PASS	typechecker:cmd/compile/internal/types2/TestSpec/typeAliases1.8.go	native				typechecker	PASS	-	-	0
NATIVE-ONLY	typechecker:go/types/TestAtomicAlign/386	compiled			declared native-only, no credit	typechecker	NATIVE-ONLY	-	-	0
NATIVE-ONLY	typechecker:go/types/TestAtomicAlign/386	interpreted			declared native-only, no credit	typechecker	NATIVE-ONLY	-	-	0
NATIVE-ONLY	typechecker:go/types/TestAtomicAlign/386	native			declared native-only, no credit	typechecker	NATIVE-ONLY	-	-	0
NATIVE-ONLY	typechecker:go/types/TestAtomicAlign/amd64	compiled			declared native-only, no credit	typechecker	NATIVE-ONLY	-	-	0
NATIVE-ONLY	typechecker:go/types/TestAtomicAlign/amd64	interpreted			declared native-only, no credit	typechecker	NATIVE-ONLY	-	-	0
NATIVE-ONLY	typechecker:go/types/TestAtomicAlign/amd64	native			declared native-only, no credit	typechecker	NATIVE-ONLY	-	-	0
PASS	typechecker:go/types/TestCheck/blank.go	compiled				typechecker	PASS	-	-	0.01
PASS	typechecker:go/types/TestCheck/blank.go	interpreted				typechecker	PASS	-	-	0.01
PASS	typechecker:go/types/TestCheck/blank.go	native				typechecker	PASS	-	-	0
PASS	typechecker:go/types/TestCheck/builtins0.go	compiled				typechecker	PASS	-	-	0.02
PASS	typechecker:go/types/TestCheck/builtins0.go	interpreted				typechecker	PASS	-	-	0.02
PASS	typechecker:go/types/TestCheck/builtins0.go	native				typechecker	PASS	-	-	0
PASS	typechecker:go/types/TestCheck/builtins1.go	compiled				typechecker	PASS	-	-	0.01
PASS	typechecker:go/types/TestCheck/builtins1.go	interpreted				typechecker	PASS	-	-	0.01
PASS	typechecker:go/types/TestCheck/builtins1.go	native				typechecker	PASS	-	-	0
PASS	typechecker:go/types/TestCheck/chans.go	compiled				typechecker	PASS	-	-	0.06
PASS	typechecker:go/types/TestCheck/chans.go	interpreted				typechecker	PASS	-	-	0.06
PASS	typechecker:go/types/TestCheck/chans.go	native				typechecker	PASS	-	-	0.06
PASS	typechecker:go/types/TestCheck/compliterals.go	compiled				typechecker	PASS	-	-	0.01
PASS	typechecker:go/types/TestCheck/compliterals.go	interpreted				typechecker	PASS	-	-	0.01
PASS	typechecker:go/types/TestCheck/compliterals.go	native				typechecker	PASS	-	-	0
PASS	typechecker:go/types/TestCheck/const0.go	compiled				typechecker	PASS	-	-	0.01
PASS	typechecker:go/types/TestCheck/const0.go	interpreted				typechecker	PASS	-	-	0.01
PASS	typechecker:go/types/TestCheck/const0.go	native				typechecker	PASS	-	-	0
PASS	typechecker:go/types/TestCheck/const1.go	compiled				typechecker	PASS	-	-	0.03
PASS	typechecker:go/types/TestCheck/const1.go	interpreted				typechecker	PASS	-	-	0.03
PASS	typechecker:go/types/TestCheck/const1.go	native				typechecker	PASS	-	-	0
PASS	typechecker:go/types/TestCheck/constdecl.go	compiled				typechecker	PASS	-	-	0.03
PASS	typechecker:go/types/TestCheck/constdecl.go	interpreted				typechecker	PASS	-	-	0.03
PASS	typechecker:go/types/TestCheck/constdecl.go	native				typechecker	PASS	-	-	0
PASS	typechecker:go/types/TestCheck/conversions0.go	compiled				typechecker	PASS	-	-	0.01
PASS	typechecker:go/types/TestCheck/conversions0.go	interpreted				typechecker	PASS	-	-	0.01
PASS	typechecker:go/types/TestCheck/conversions0.go	native				typechecker	PASS	-	-	0
PASS	typechecker:go/types/TestCheck/conversions1.go	compiled				typechecker	PASS	-	-	0.01
PASS	typechecker:go/types/TestCheck/conversions1.go	interpreted				typechecker	PASS	-	-	0.01
PASS	typechecker:go/types/TestCheck/conversions1.go	native				typechecker	PASS	-	-	0
PASS	typechecker:go/types/TestCheck/cycles0.go	compiled				typechecker	PASS	-	-	0.01
PASS	typechecker:go/types/TestCheck/cycles0.go	interpreted				typechecker	PASS	-	-	0.01
PASS	typechecker:go/types/TestCheck/cycles0.go	native				typechecker	PASS	-	-	0
PASS	typechecker:go/types/TestCheck/cycles1.go	compiled				typechecker	PASS	-	-	0.01
PASS	typechecker:go/types/TestCheck/cycles1.go	interpreted				typechecker	PASS	-	-	0.01
PASS	typechecker:go/types/TestCheck/cycles1.go	native				typechecker	PASS	-	-	0
PASS	typechecker:go/types/TestCheck/cycles2.go	compiled				typechecker	PASS	-	-	0.01
PASS	typechecker:go/types/TestCheck/cycles2.go	interpreted				typechecker	PASS	-	-	0.01
PASS	typechecker:go/types/TestCheck/cycles2.go	native				typechecker	PASS	-	-	0
PASS	typechecker:go/types/TestCheck/cycles3.go	compiled				typechecker	PASS	-	-	0.01
PASS	typechecker:go/types/TestCheck/cycles3.go	interpreted				typechecker	PASS	-	-	0.01
PASS	typechecker:go/types/TestCheck/cycles3.go	native				typechecker	PASS	-	-	0
PASS	typechecker:go/types/TestCheck/cycles4.go	compiled				typechecker	PASS	-	-	0.01
PASS	typechecker:go/types/TestCheck/cycles4.go	interpreted				typechecker	PASS	-	-	0.01
PASS	typechecker:go/types/TestCheck/cycles4.go	native				typechecker	PASS	-	-	0
PASS	typechecker:go/types/TestCheck/cycles5.go	compiled				typechecker	PASS	-	-	0.01
PASS	typechecker:go/types/TestCheck/cycles5.go	interpreted				typechecker	PASS	-	-	0.01
PASS	typechecker:go/types/TestCheck/cycles5.go	native				typechecker	PASS	-	-	0
PASS	typechecker:go/types/TestCheck/cycles6.go	compiled				typechecker	PASS	-	-	0.01
PASS	typechecker:go/types/TestCheck/cycles6.go	interpreted				typechecker	PASS	-	-	0.01
PASS	typechecker:go/types/TestCheck/cycles6.go	native				typechecker	PASS	-	-	0
PASS	typechecker:go/types/TestCheck/decls0.go	compiled				typechecker	PASS	-	-	0.01
PASS	typechecker:go/types/TestCheck/decls0.go	interpreted				typechecker	PASS	-	-	0.01
PASS	typechecker:go/types/TestCheck/decls0.go	native				typechecker	PASS	-	-	0
PASS	typechecker:go/types/TestCheck/decls1.go	compiled				typechecker	PASS	-	-	0.03
PASS	typechecker:go/types/TestCheck/decls1.go	interpreted				typechecker	PASS	-	-	0.03
PASS	typechecker:go/types/TestCheck/decls1.go	native				typechecker	PASS	-	-	0
PASS	typechecker:go/types/TestCheck/decls2	compiled				typechecker	PASS	-	-	0.11
PASS	typechecker:go/types/TestCheck/decls2	interpreted				typechecker	PASS	-	-	0.11
PASS	typechecker:go/types/TestCheck/decls2	native				typechecker	PASS	-	-	0.04
PASS	typechecker:go/types/TestCheck/decls3.go	compiled				typechecker	PASS	-	-	0.07
PASS	typechecker:go/types/TestCheck/decls3.go	interpreted				typechecker	PASS	-	-	0.07
PASS	typechecker:go/types/TestCheck/decls3.go	native				typechecker	PASS	-	-	0
PASS	typechecker:go/types/TestCheck/decls4.go	compiled				typechecker	PASS	-	-	0.01
PASS	typechecker:go/types/TestCheck/decls4.go	interpreted				typechecker	PASS	-	-	0.01
PASS	typechecker:go/types/TestCheck/decls4.go	native				typechecker	PASS	-	-	0
PASS	typechecker:go/types/TestCheck/decls5.go	compiled				typechecker	PASS	-	-	0.01
PASS	typechecker:go/types/TestCheck/decls5.go	interpreted				typechecker	PASS	-	-	0.01
PASS	typechecker:go/types/TestCheck/decls5.go	native				typechecker	PASS	-	-	0
PASS	typechecker:go/types/TestCheck/doubled_labels.go	compiled				typechecker	PASS	-	-	0.01
PASS	typechecker:go/types/TestCheck/doubled_labels.go	interpreted				typechecker	PASS	-	-	0.01
PASS	typechecker:go/types/TestCheck/doubled_labels.go	native				typechecker	PASS	-	-	0
PASS	typechecker:go/types/TestCheck/errors.go	compiled				typechecker	PASS	-	-	0.01
PASS	typechecker:go/types/TestCheck/errors.go	interpreted				typechecker	PASS	-	-	0.01
PASS	typechecker:go/types/TestCheck/errors.go	native				typechecker	PASS	-	-	0
PASS	typechecker:go/types/TestCheck/expr0.go	compiled				typechecker	PASS	-	-	0.01
PASS	typechecker:go/types/TestCheck/expr0.go	interpreted				typechecker	PASS	-	-	0.01
PASS	typechecker:go/types/TestCheck/expr0.go	native				typechecker	PASS	-	-	0
PASS	typechecker:go/types/TestCheck/expr1.go	compiled				typechecker	PASS	-	-	0.01
PASS	typechecker:go/types/TestCheck/expr1.go	interpreted				typechecker	PASS	-	-	0.01
PASS	typechecker:go/types/TestCheck/expr1.go	native				typechecker	PASS	-	-	0
PASS	typechecker:go/types/TestCheck/expr2.go	compiled				typechecker	PASS	-	-	0.01
PASS	typechecker:go/types/TestCheck/expr2.go	interpreted				typechecker	PASS	-	-	0.01
PASS	typechecker:go/types/TestCheck/expr2.go	native				typechecker	PASS	-	-	0
PASS	typechecker:go/types/TestCheck/expr3.go	compiled				typechecker	PASS	-	-	0.07
PASS	typechecker:go/types/TestCheck/expr3.go	interpreted				typechecker	PASS	-	-	0.07
PASS	typechecker:go/types/TestCheck/expr3.go	native				typechecker	PASS	-	-	0
PASS	typechecker:go/types/TestCheck/funcinference.go	compiled				typechecker	PASS	-	-	0.06
PASS	typechecker:go/types/TestCheck/funcinference.go	interpreted				typechecker	PASS	-	-	0.06
PASS	typechecker:go/types/TestCheck/funcinference.go	native				typechecker	PASS	-	-	0.03
PASS	typechecker:go/types/TestCheck/go1_12.go	compiled				typechecker	PASS	-	-	0.01
PASS	typechecker:go/types/TestCheck/go1_12.go	interpreted				typechecker	PASS	-	-	0.01
PASS	typechecker:go/types/TestCheck/go1_12.go	native				typechecker	PASS	-	-	0
PASS	typechecker:go/types/TestCheck/go1_13.go	compiled				typechecker	PASS	-	-	0.01
PASS	typechecker:go/types/TestCheck/go1_13.go	interpreted				typechecker	PASS	-	-	0.01
PASS	typechecker:go/types/TestCheck/go1_13.go	native				typechecker	PASS	-	-	0
PASS	typechecker:go/types/TestCheck/go1_16.go	compiled				typechecker	PASS	-	-	0.01
PASS	typechecker:go/types/TestCheck/go1_16.go	interpreted				typechecker	PASS	-	-	0.01
PASS	typechecker:go/types/TestCheck/go1_16.go	native				typechecker	PASS	-	-	0
PASS	typechecker:go/types/TestCheck/go1_19.go	compiled				typechecker	PASS	-	-	0.01
PASS	typechecker:go/types/TestCheck/go1_19.go	interpreted				typechecker	PASS	-	-	0.01
PASS	typechecker:go/types/TestCheck/go1_19.go	native				typechecker	PASS	-	-	0
PASS	typechecker:go/types/TestCheck/go1_19_20.go	compiled				typechecker	PASS	-	-	0.01
PASS	typechecker:go/types/TestCheck/go1_19_20.go	interpreted				typechecker	PASS	-	-	0.01
PASS	typechecker:go/types/TestCheck/go1_19_20.go	native				typechecker	PASS	-	-	0
PASS	typechecker:go/types/TestCheck/go1_20_19.go	compiled				typechecker	PASS	-	-	0.01
PASS	typechecker:go/types/TestCheck/go1_20_19.go	interpreted				typechecker	PASS	-	-	0.01
PASS	typechecker:go/types/TestCheck/go1_20_19.go	native				typechecker	PASS	-	-	0
PASS	typechecker:go/types/TestCheck/go1_21_19.go	compiled				typechecker	PASS	-	-	0.01
PASS	typechecker:go/types/TestCheck/go1_21_19.go	interpreted				typechecker	PASS	-	-	0.01
PASS	typechecker:go/types/TestCheck/go1_21_19.go	native				typechecker	PASS	-	-	0
PASS	typechecker:go/types/TestCheck/go1_21_22.go	compiled				typechecker	PASS	-	-	0.01
PASS	typechecker:go/types/TestCheck/go1_21_22.go	interpreted				typechecker	PASS	-	-	0.01
PASS	typechecker:go/types/TestCheck/go1_21_22.go	native				typechecker	PASS	-	-	0
PASS	typechecker:go/types/TestCheck/go1_22_21.go	compiled				typechecker	PASS	-	-	0.01
PASS	typechecker:go/types/TestCheck/go1_22_21.go	interpreted				typechecker	PASS	-	-	0.01
PASS	typechecker:go/types/TestCheck/go1_22_21.go	native				typechecker	PASS	-	-	0
PASS	typechecker:go/types/TestCheck/go1_25.go	compiled				typechecker	PASS	-	-	0.01
PASS	typechecker:go/types/TestCheck/go1_25.go	interpreted				typechecker	PASS	-	-	0.01
PASS	typechecker:go/types/TestCheck/go1_25.go	native				typechecker	PASS	-	-	0
PASS	typechecker:go/types/TestCheck/go1_8.go	compiled				typechecker	PASS	-	-	0.01
PASS	typechecker:go/types/TestCheck/go1_8.go	interpreted				typechecker	PASS	-	-	0.01
PASS	typechecker:go/types/TestCheck/go1_8.go	native				typechecker	PASS	-	-	0
PASS	typechecker:go/types/TestCheck/go1_xx_19.go	compiled				typechecker	PASS	-	-	0.01
PASS	typechecker:go/types/TestCheck/go1_xx_19.go	interpreted				typechecker	PASS	-	-	0.01
PASS	typechecker:go/types/TestCheck/go1_xx_19.go	native				typechecker	PASS	-	-	0
PASS	typechecker:go/types/TestCheck/gotos.go	compiled				typechecker	PASS	-	-	0.01
PASS	typechecker:go/types/TestCheck/gotos.go	interpreted				typechecker	PASS	-	-	0.01
PASS	typechecker:go/types/TestCheck/gotos.go	native				typechecker	PASS	-	-	0
PASS	typechecker:go/types/TestCheck/importC.go	compiled				typechecker	PASS	-	-	0.01
PASS	typechecker:go/types/TestCheck/importC.go	interpreted				typechecker	PASS	-	-	0.01
PASS	typechecker:go/types/TestCheck/importC.go	native				typechecker	PASS	-	-	0
PASS	typechecker:go/types/TestCheck/importdecl0	compiled				typechecker	PASS	-	-	0.21
PASS	typechecker:go/types/TestCheck/importdecl0	interpreted				typechecker	PASS	-	-	0.21
PASS	typechecker:go/types/TestCheck/importdecl0	native				typechecker	PASS	-	-	0.2
PASS	typechecker:go/types/TestCheck/importdecl1	compiled				typechecker	PASS	-	-	0.08
PASS	typechecker:go/types/TestCheck/importdecl1	interpreted				typechecker	PASS	-	-	0.07
PASS	typechecker:go/types/TestCheck/importdecl1	native				typechecker	PASS	-	-	0.04
PASS	typechecker:go/types/TestCheck/init0.go	compiled				typechecker	PASS	-	-	0.01
PASS	typechecker:go/types/TestCheck/init0.go	interpreted				typechecker	PASS	-	-	0.01
PASS	typechecker:go/types/TestCheck/init0.go	native				typechecker	PASS	-	-	0
PASS	typechecker:go/types/TestCheck/init1.go	compiled				typechecker	PASS	-	-	0.01
PASS	typechecker:go/types/TestCheck/init1.go	interpreted				typechecker	PASS	-	-	0.01
PASS	typechecker:go/types/TestCheck/init1.go	native				typechecker	PASS	-	-	0
PASS	typechecker:go/types/TestCheck/init2.go	compiled				typechecker	PASS	-	-	0.01
PASS	typechecker:go/types/TestCheck/init2.go	interpreted				typechecker	PASS	-	-	0.01
PASS	typechecker:go/types/TestCheck/init2.go	native				typechecker	PASS	-	-	0
PASS	typechecker:go/types/TestCheck/issue25008	compiled				typechecker	PASS	-	-	0.06
PASS	typechecker:go/types/TestCheck/issue25008	interpreted				typechecker	PASS	-	-	0.07
PASS	typechecker:go/types/TestCheck/issue25008	native				typechecker	PASS	-	-	0
PASS	typechecker:go/types/TestCheck/issue70974.go	compiled				typechecker	PASS	-	-	0.01
PASS	typechecker:go/types/TestCheck/issue70974.go	interpreted				typechecker	PASS	-	-	0.01
PASS	typechecker:go/types/TestCheck/issue70974.go	native				typechecker	PASS	-	-	0
PASS	typechecker:go/types/TestCheck/issues0.go	compiled				typechecker	PASS	-	-	0.26
PASS	typechecker:go/types/TestCheck/issues0.go	interpreted				typechecker	PASS	-	-	0.3
PASS	typechecker:go/types/TestCheck/issues0.go	native				typechecker	PASS	-	-	0.12
PASS	typechecker:go/types/TestCheck/issues1.go	compiled				typechecker	PASS	-	-	0.11
PASS	typechecker:go/types/TestCheck/issues1.go	interpreted				typechecker	PASS	-	-	0.13
PASS	typechecker:go/types/TestCheck/issues1.go	native				typechecker	PASS	-	-	0.03
PASS	typechecker:go/types/TestCheck/labels.go	compiled				typechecker	PASS	-	-	0.01
PASS	typechecker:go/types/TestCheck/labels.go	interpreted				typechecker	PASS	-	-	0.01
PASS	typechecker:go/types/TestCheck/labels.go	native				typechecker	PASS	-	-	0
PASS	typechecker:go/types/TestCheck/linalg.go	compiled				typechecker	PASS	-	-	0.01
PASS	typechecker:go/types/TestCheck/linalg.go	interpreted				typechecker	PASS	-	-	0.01
PASS	typechecker:go/types/TestCheck/linalg.go	native				typechecker	PASS	-	-	0
PASS	typechecker:go/types/TestCheck/literals.go	compiled				typechecker	PASS	-	-	0.01
PASS	typechecker:go/types/TestCheck/literals.go	interpreted				typechecker	PASS	-	-	0.01
PASS	typechecker:go/types/TestCheck/literals.go	native				typechecker	PASS	-	-	0
PASS	typechecker:go/types/TestCheck/lookup1.go	compiled				typechecker	PASS	-	-	0.07
PASS	typechecker:go/types/TestCheck/lookup1.go	interpreted				typechecker	PASS	-	-	0.09
PASS	typechecker:go/types/TestCheck/lookup1.go	native				typechecker	PASS	-	-	0
PASS	typechecker:go/types/TestCheck/lookup2.go	compiled				typechecker	PASS	-	-	0.14
PASS	typechecker:go/types/TestCheck/lookup2.go	interpreted				typechecker	PASS	-	-	0.16
PASS	typechecker:go/types/TestCheck/lookup2.go	native				typechecker	PASS	-	-	0
PASS	typechecker:go/types/TestCheck/main0.go	compiled				typechecker	PASS	-	-	0.01
PASS	typechecker:go/types/TestCheck/main0.go	interpreted				typechecker	PASS	-	-	0.01
PASS	typechecker:go/types/TestCheck/main0.go	native				typechecker	PASS	-	-	0
PASS	typechecker:go/types/TestCheck/main1.go	compiled				typechecker	PASS	-	-	0.01
PASS	typechecker:go/types/TestCheck/main1.go	interpreted				typechecker	PASS	-	-	0.01
PASS	typechecker:go/types/TestCheck/main1.go	native				typechecker	PASS	-	-	0
PASS	typechecker:go/types/TestCheck/map0.go	compiled				typechecker	PASS	-	-	0.06
PASS	typechecker:go/types/TestCheck/map0.go	interpreted				typechecker	PASS	-	-	0.08
PASS	typechecker:go/types/TestCheck/map0.go	native				typechecker	PASS	-	-	0
PASS	typechecker:go/types/TestCheck/map1.go	compiled				typechecker	PASS	-	-	0.01
PASS	typechecker:go/types/TestCheck/map1.go	interpreted				typechecker	PASS	-	-	0.01
PASS	typechecker:go/types/TestCheck/map1.go	native				typechecker	PASS	-	-	0
PASS	typechecker:go/types/TestCheck/methodsets.go	compiled				typechecker	PASS	-	-	0.01
PASS	typechecker:go/types/TestCheck/methodsets.go	interpreted				typechecker	PASS	-	-	0.01
PASS	typechecker:go/types/TestCheck/methodsets.go	native				typechecker	PASS	-	-	0
PASS	typechecker:go/types/TestCheck/shifts.go	compiled				typechecker	PASS	-	-	0.01
PASS	typechecker:go/types/TestCheck/shifts.go	interpreted				typechecker	PASS	-	-	0.02
PASS	typechecker:go/types/TestCheck/shifts.go	native				typechecker	PASS	-	-	0
PASS	typechecker:go/types/TestCheck/slices.go	compiled				typechecker	PASS	-	-	0.01
PASS	typechecker:go/types/TestCheck/slices.go	interpreted				typechecker	PASS	-	-	0.01
PASS	typechecker:go/types/TestCheck/slices.go	native				typechecker	PASS	-	-	0
PASS	typechecker:go/types/TestCheck/stmt0.go	compiled				typechecker	PASS	-	-	0.01
PASS	typechecker:go/types/TestCheck/stmt0.go	interpreted				typechecker	PASS	-	-	0.02
PASS	typechecker:go/types/TestCheck/stmt0.go	native				typechecker	PASS	-	-	0
PASS	typechecker:go/types/TestCheck/stmt1.go	compiled				typechecker	PASS	-	-	0.01
PASS	typechecker:go/types/TestCheck/stmt1.go	interpreted				typechecker	PASS	-	-	0.01
PASS	typechecker:go/types/TestCheck/stmt1.go	native				typechecker	PASS	-	-	0
PASS	typechecker:go/types/TestCheck/typeinference.go	compiled				typechecker	PASS	-	-	0.01
PASS	typechecker:go/types/TestCheck/typeinference.go	interpreted				typechecker	PASS	-	-	0.01
PASS	typechecker:go/types/TestCheck/typeinference.go	native				typechecker	PASS	-	-	0
PASS	typechecker:go/types/TestCheck/typeinst0.go	compiled				typechecker	PASS	-	-	0.01
PASS	typechecker:go/types/TestCheck/typeinst0.go	interpreted				typechecker	PASS	-	-	0.01
PASS	typechecker:go/types/TestCheck/typeinst0.go	native				typechecker	PASS	-	-	0
PASS	typechecker:go/types/TestCheck/typeinst1.go	compiled				typechecker	PASS	-	-	0.01
PASS	typechecker:go/types/TestCheck/typeinst1.go	interpreted				typechecker	PASS	-	-	0.01
PASS	typechecker:go/types/TestCheck/typeinst1.go	native				typechecker	PASS	-	-	0
PASS	typechecker:go/types/TestCheck/typeinstcycles.go	compiled				typechecker	PASS	-	-	0.01
PASS	typechecker:go/types/TestCheck/typeinstcycles.go	interpreted				typechecker	PASS	-	-	0.01
PASS	typechecker:go/types/TestCheck/typeinstcycles.go	native				typechecker	PASS	-	-	0
PASS	typechecker:go/types/TestCheck/typeparams.go	compiled				typechecker	PASS	-	-	0.01
PASS	typechecker:go/types/TestCheck/typeparams.go	interpreted				typechecker	PASS	-	-	0.02
PASS	typechecker:go/types/TestCheck/typeparams.go	native				typechecker	PASS	-	-	0
PASS	typechecker:go/types/TestCheck/unions.go	compiled				typechecker	PASS	-	-	0.01
PASS	typechecker:go/types/TestCheck/unions.go	interpreted				typechecker	PASS	-	-	0.01
PASS	typechecker:go/types/TestCheck/unions.go	native				typechecker	PASS	-	-	0
PASS	typechecker:go/types/TestCheck/vardecl.go	compiled				typechecker	PASS	-	-	0.03
PASS	typechecker:go/types/TestCheck/vardecl.go	interpreted				typechecker	PASS	-	-	0.03
PASS	typechecker:go/types/TestCheck/vardecl.go	native				typechecker	PASS	-	-	0
PASS	typechecker:go/types/TestExamples/constraints.go	compiled				typechecker	PASS	-	-	0.01
PASS	typechecker:go/types/TestExamples/constraints.go	interpreted				typechecker	PASS	-	-	0.01
PASS	typechecker:go/types/TestExamples/constraints.go	native				typechecker	PASS	-	-	0
PASS	typechecker:go/types/TestExamples/functions.go	compiled				typechecker	PASS	-	-	0.01
PASS	typechecker:go/types/TestExamples/functions.go	interpreted				typechecker	PASS	-	-	0.01
PASS	typechecker:go/types/TestExamples/functions.go	native				typechecker	PASS	-	-	0
PASS	typechecker:go/types/TestExamples/inference.go	compiled				typechecker	PASS	-	-	0.01
PASS	typechecker:go/types/TestExamples/inference.go	interpreted				typechecker	PASS	-	-	0.01
PASS	typechecker:go/types/TestExamples/inference.go	native				typechecker	PASS	-	-	0
PASS	typechecker:go/types/TestExamples/inference2.go	compiled				typechecker	PASS	-	-	0.01
PASS	typechecker:go/types/TestExamples/inference2.go	interpreted				typechecker	PASS	-	-	0.01
PASS	typechecker:go/types/TestExamples/inference2.go	native				typechecker	PASS	-	-	0
PASS	typechecker:go/types/TestExamples/methods.go	compiled				typechecker	PASS	-	-	0.01
PASS	typechecker:go/types/TestExamples/methods.go	interpreted				typechecker	PASS	-	-	0.01
PASS	typechecker:go/types/TestExamples/methods.go	native				typechecker	PASS	-	-	0
PASS	typechecker:go/types/TestExamples/operations.go	compiled				typechecker	PASS	-	-	0.01
PASS	typechecker:go/types/TestExamples/operations.go	interpreted				typechecker	PASS	-	-	0.01
PASS	typechecker:go/types/TestExamples/operations.go	native				typechecker	PASS	-	-	0
PASS	typechecker:go/types/TestExamples/types.go	compiled				typechecker	PASS	-	-	0.01
PASS	typechecker:go/types/TestExamples/types.go	interpreted				typechecker	PASS	-	-	0.01
PASS	typechecker:go/types/TestExamples/types.go	native				typechecker	PASS	-	-	0
PASS	typechecker:go/types/TestExamples/typesets.go	compiled				typechecker	PASS	-	-	0.01
PASS	typechecker:go/types/TestExamples/typesets.go	interpreted				typechecker	PASS	-	-	0.01
PASS	typechecker:go/types/TestExamples/typesets.go	native				typechecker	PASS	-	-	0
PASS	typechecker:go/types/TestFixedbugs/issue20583.go	compiled				typechecker	PASS	-	-	0.01
PASS	typechecker:go/types/TestFixedbugs/issue20583.go	interpreted				typechecker	PASS	-	-	0.01
PASS	typechecker:go/types/TestFixedbugs/issue20583.go	native				typechecker	PASS	-	-	0
PASS	typechecker:go/types/TestFixedbugs/issue23203a.go	compiled				typechecker	PASS	-	-	0.01
PASS	typechecker:go/types/TestFixedbugs/issue23203a.go	interpreted				typechecker	PASS	-	-	0.01
PASS	typechecker:go/types/TestFixedbugs/issue23203a.go	native				typechecker	PASS	-	-	0
PASS	typechecker:go/types/TestFixedbugs/issue23203b.go	compiled				typechecker	PASS	-	-	0.01
PASS	typechecker:go/types/TestFixedbugs/issue23203b.go	interpreted				typechecker	PASS	-	-	0.01
PASS	typechecker:go/types/TestFixedbugs/issue23203b.go	native				typechecker	PASS	-	-	0
PASS	typechecker:go/types/TestFixedbugs/issue25838.go	compiled				typechecker	PASS	-	-	0.01
PASS	typechecker:go/types/TestFixedbugs/issue25838.go	interpreted				typechecker	PASS	-	-	0.01
PASS	typechecker:go/types/TestFixedbugs/issue25838.go	native				typechecker	PASS	-	-	0
PASS	typechecker:go/types/TestFixedbugs/issue26390.go	compiled				typechecker	PASS	-	-	0.01
PASS	typechecker:go/types/TestFixedbugs/issue26390.go	interpreted				typechecker	PASS	-	-	0.01
PASS	typechecker:go/types/TestFixedbugs/issue26390.go	native				typechecker	PASS	-	-	0
PASS	typechecker:go/types/TestFixedbugs/issue28251.go	compiled				typechecker	PASS	-	-	0.01
PASS	typechecker:go/types/TestFixedbugs/issue28251.go	interpreted				typechecker	PASS	-	-	0.01
PASS	typechecker:go/types/TestFixedbugs/issue28251.go	native				typechecker	PASS	-	-	0
PASS	typechecker:go/types/TestFixedbugs/issue3117.go	compiled				typechecker	PASS	-	-	0.01
PASS	typechecker:go/types/TestFixedbugs/issue3117.go	interpreted				typechecker	PASS	-	-	0.01
PASS	typechecker:go/types/TestFixedbugs/issue3117.go	native				typechecker	PASS	-	-	0
PASS	typechecker:go/types/TestFixedbugs/issue39634.go	compiled				typechecker	PASS	-	-	0.01
PASS	typechecker:go/types/TestFixedbugs/issue39634.go	interpreted				typechecker	PASS	-	-	0.01
PASS	typechecker:go/types/TestFixedbugs/issue39634.go	native				typechecker	PASS	-	-	0
PASS	typechecker:go/types/TestFixedbugs/issue39664.go	compiled				typechecker	PASS	-	-	0.01
PASS	typechecker:go/types/TestFixedbugs/issue39664.go	interpreted				typechecker	PASS	-	-	0.01
PASS	typechecker:go/types/TestFixedbugs/issue39664.go	native				typechecker	PASS	-	-	0
PASS	typechecker:go/types/TestFixedbugs/issue39680.go	compiled				typechecker	PASS	-	-	0.01
PASS	typechecker:go/types/TestFixedbugs/issue39680.go	interpreted				typechecker	PASS	-	-	0.01
PASS	typechecker:go/types/TestFixedbugs/issue39680.go	native				typechecker	PASS	-	-	0
PASS	typechecker:go/types/TestFixedbugs/issue39693.go	compiled				typechecker	PASS	-	-	0.01
PASS	typechecker:go/types/TestFixedbugs/issue39693.go	interpreted				typechecker	PASS	-	-	0.01
PASS	typechecker:go/types/TestFixedbugs/issue39693.go	native				typechecker	PASS	-	-	0
PASS	typechecker:go/types/TestFixedbugs/issue39699.go	compiled				typechecker	PASS	-	-	0.01
PASS	typechecker:go/types/TestFixedbugs/issue39699.go	interpreted				typechecker	PASS	-	-	0.01
PASS	typechecker:go/types/TestFixedbugs/issue39699.go	native				typechecker	PASS	-	-	0
PASS	typechecker:go/types/TestFixedbugs/issue39711.go	compiled				typechecker	PASS	-	-	0.01
PASS	typechecker:go/types/TestFixedbugs/issue39711.go	interpreted				typechecker	PASS	-	-	0.01
PASS	typechecker:go/types/TestFixedbugs/issue39711.go	native				typechecker	PASS	-	-	0
PASS	typechecker:go/types/TestFixedbugs/issue39723.go	compiled				typechecker	PASS	-	-	0.01
PASS	typechecker:go/types/TestFixedbugs/issue39723.go	interpreted				typechecker	PASS	-	-	0.01
PASS	typechecker:go/types/TestFixedbugs/issue39723.go	native				typechecker	PASS	-	-	0
PASS	typechecker:go/types/TestFixedbugs/issue39725.go	compiled				typechecker	PASS	-	-	0.01
PASS	typechecker:go/types/TestFixedbugs/issue39725.go	interpreted				typechecker	PASS	-	-	0.01
PASS	typechecker:go/types/TestFixedbugs/issue39725.go	native				typechecker	PASS	-	-	0
PASS	typechecker:go/types/TestFixedbugs/issue39754.go	compiled				typechecker	PASS	-	-	0.01
PASS	typechecker:go/types/TestFixedbugs/issue39754.go	interpreted				typechecker	PASS	-	-	0.01
PASS	typechecker:go/types/TestFixedbugs/issue39754.go	native				typechecker	PASS	-	-	0
PASS	typechecker:go/types/TestFixedbugs/issue39755.go	compiled				typechecker	PASS	-	-	0.01
PASS	typechecker:go/types/TestFixedbugs/issue39755.go	interpreted				typechecker	PASS	-	-	0.01
PASS	typechecker:go/types/TestFixedbugs/issue39755.go	native				typechecker	PASS	-	-	0
PASS	typechecker:go/types/TestFixedbugs/issue39768.go	compiled				typechecker	PASS	-	-	0.01
PASS	typechecker:go/types/TestFixedbugs/issue39768.go	interpreted				typechecker	PASS	-	-	0.01
PASS	typechecker:go/types/TestFixedbugs/issue39768.go	native				typechecker	PASS	-	-	0
PASS	typechecker:go/types/TestFixedbugs/issue39938.go	compiled				typechecker	PASS	-	-	0.01
PASS	typechecker:go/types/TestFixedbugs/issue39938.go	interpreted				typechecker	PASS	-	-	0.01
PASS	typechecker:go/types/TestFixedbugs/issue39938.go	native				typechecker	PASS	-	-	0
PASS	typechecker:go/types/TestFixedbugs/issue39948.go	compiled				typechecker	PASS	-	-	0.01
PASS	typechecker:go/types/TestFixedbugs/issue39948.go	interpreted				typechecker	PASS	-	-	0.01
PASS	typechecker:go/types/TestFixedbugs/issue39948.go	native				typechecker	PASS	-	-	0
PASS	typechecker:go/types/TestFixedbugs/issue39976.go	compiled				typechecker	PASS	-	-	0.01
PASS	typechecker:go/types/TestFixedbugs/issue39976.go	interpreted				typechecker	PASS	-	-	0.01
PASS	typechecker:go/types/TestFixedbugs/issue39976.go	native				typechecker	PASS	-	-	0
PASS	typechecker:go/types/TestFixedbugs/issue39982.go	compiled				typechecker	PASS	-	-	0.01
PASS	typechecker:go/types/TestFixedbugs/issue39982.go	interpreted				typechecker	PASS	-	-	0.01
PASS	typechecker:go/types/TestFixedbugs/issue39982.go	native				typechecker	PASS	-	-	0
PASS	typechecker:go/types/TestFixedbugs/issue40038.go	compiled				typechecker	PASS	-	-	0.01
PASS	typechecker:go/types/TestFixedbugs/issue40038.go	interpreted				typechecker	PASS	-	-	0.01
PASS	typechecker:go/types/TestFixedbugs/issue40038.go	native				typechecker	PASS	-	-	0
PASS	typechecker:go/types/TestFixedbugs/issue40056.go	compiled				typechecker	PASS	-	-	0.01
PASS	typechecker:go/types/TestFixedbugs/issue40056.go	interpreted				typechecker	PASS	-	-	0.01
PASS	typechecker:go/types/TestFixedbugs/issue40056.go	native				typechecker	PASS	-	-	0
PASS	typechecker:go/types/TestFixedbugs/issue40057.go	compiled				typechecker	PASS	-	-	0.01
PASS	typechecker:go/types/TestFixedbugs/issue40057.go	interpreted				typechecker	PASS	-	-	0.01
PASS	typechecker:go/types/TestFixedbugs/issue40057.go	native				typechecker	PASS	-	-	0
PASS	typechecker:go/types/TestFixedbugs/issue40301.go	compiled				typechecker	PASS	-	-	0.01
PASS	typechecker:go/types/TestFixedbugs/issue40301.go	interpreted				typechecker	PASS	-	-	0.01
PASS	typechecker:go/types/TestFixedbugs/issue40301.go	native				typechecker	PASS	-	-	0
PASS	typechecker:go/types/TestFixedbugs/issue40350.go	compiled				typechecker	PASS	-	-	0.01
PASS	typechecker:go/types/TestFixedbugs/issue40350.go	interpreted				typechecker	PASS	-	-	0.01
PASS	typechecker:go/types/TestFixedbugs/issue40350.go	native				typechecker	PASS	-	-	0
PASS	typechecker:go/types/TestFixedbugs/issue40684.go	compiled				typechecker	PASS	-	-	0.01
PASS	typechecker:go/types/TestFixedbugs/issue40684.go	interpreted				typechecker	PASS	-	-	0.01
PASS	typechecker:go/types/TestFixedbugs/issue40684.go	native				typechecker	PASS	-	-	0
PASS	typechecker:go/types/TestFixedbugs/issue40789.go	compiled				typechecker	PASS	-	-	0.07
PASS	typechecker:go/types/TestFixedbugs/issue40789.go	interpreted				typechecker	PASS	-	-	0.08
PASS	typechecker:go/types/TestFixedbugs/issue40789.go	native				typechecker	PASS	-	-	0
PASS	typechecker:go/types/TestFixedbugs/issue41124.go	compiled				typechecker	PASS	-	-	0.01
PASS	typechecker:go/types/TestFixedbugs/issue41124.go	interpreted				typechecker	PASS	-	-	0.01
PASS	typechecker:go/types/TestFixedbugs/issue41124.go	native				typechecker	PASS	-	-	0
PASS	typechecker:go/types/TestFixedbugs/issue41176.go	compiled				typechecker	PASS	-	-	0.01
PASS	typechecker:go/types/TestFixedbugs/issue41176.go	interpreted				typechecker	PASS	-	-	0.01
PASS	typechecker:go/types/TestFixedbugs/issue41176.go	native				typechecker	PASS	-	-	0
PASS	typechecker:go/types/TestFixedbugs/issue42695.go	compiled				typechecker	PASS	-	-	0.01
PASS	typechecker:go/types/TestFixedbugs/issue42695.go	interpreted				typechecker	PASS	-	-	0.01
PASS	typechecker:go/types/TestFixedbugs/issue42695.go	native				typechecker	PASS	-	-	0
PASS	typechecker:go/types/TestFixedbugs/issue42758.go	compiled				typechecker	PASS	-	-	0.01
PASS	typechecker:go/types/TestFixedbugs/issue42758.go	interpreted				typechecker	PASS	-	-	0.01
PASS	typechecker:go/types/TestFixedbugs/issue42758.go	native				typechecker	PASS	-	-	0
PASS	typechecker:go/types/TestFixedbugs/issue42881.go	compiled				typechecker	PASS	-	-	0.01
PASS	typechecker:go/types/TestFixedbugs/issue42881.go	interpreted				typechecker	PASS	-	-	0.01
PASS	typechecker:go/types/TestFixedbugs/issue42881.go	native				typechecker	PASS	-	-	0
PASS	typechecker:go/types/TestFixedbugs/issue42987.go	compiled				typechecker	PASS	-	-	0.01
PASS	typechecker:go/types/TestFixedbugs/issue42987.go	interpreted				typechecker	PASS	-	-	0.01
PASS	typechecker:go/types/TestFixedbugs/issue42987.go	native				typechecker	PASS	-	-	0
PASS	typechecker:go/types/TestFixedbugs/issue43056.go	compiled				typechecker	PASS	-	-	0.01
PASS	typechecker:go/types/TestFixedbugs/issue43056.go	interpreted				typechecker	PASS	-	-	0.01
PASS	typechecker:go/types/TestFixedbugs/issue43056.go	native				typechecker	PASS	-	-	0
PASS	typechecker:go/types/TestFixedbugs/issue43087.go	compiled				typechecker	PASS	-	-	0.01
PASS	typechecker:go/types/TestFixedbugs/issue43087.go	interpreted				typechecker	PASS	-	-	0.01
PASS	typechecker:go/types/TestFixedbugs/issue43087.go	native				typechecker	PASS	-	-	0
PASS	typechecker:go/types/TestFixedbugs/issue43109.go	compiled				typechecker	PASS	-	-	0.01
PASS	typechecker:go/types/TestFixedbugs/issue43109.go	interpreted				typechecker	PASS	-	-	0.01
PASS	typechecker:go/types/TestFixedbugs/issue43109.go	native				typechecker	PASS	-	-	0
PASS	typechecker:go/types/TestFixedbugs/issue43110.go	compiled				typechecker	PASS	-	-	0.01
PASS	typechecker:go/types/TestFixedbugs/issue43110.go	interpreted				typechecker	PASS	-	-	0.01
PASS	typechecker:go/types/TestFixedbugs/issue43110.go	native				typechecker	PASS	-	-	0
PASS	typechecker:go/types/TestFixedbugs/issue43124.go	compiled				typechecker	PASS	-	-	0.01
PASS	typechecker:go/types/TestFixedbugs/issue43124.go	interpreted				typechecker	PASS	-	-	0.01
PASS	typechecker:go/types/TestFixedbugs/issue43124.go	native				typechecker	PASS	-	-	0
PASS	typechecker:go/types/TestFixedbugs/issue43190.go	compiled				typechecker	PASS	-	-	0.09
PASS	typechecker:go/types/TestFixedbugs/issue43190.go	interpreted				typechecker	PASS	-	-	0.1
PASS	typechecker:go/types/TestFixedbugs/issue43190.go	native				typechecker	PASS	-	-	0
PASS	typechecker:go/types/TestFixedbugs/issue43527.go	compiled				typechecker	PASS	-	-	0.01
PASS	typechecker:go/types/TestFixedbugs/issue43527.go	interpreted				typechecker	PASS	-	-	0.01
PASS	typechecker:go/types/TestFixedbugs/issue43527.go	native				typechecker	PASS	-	-	0
PASS	typechecker:go/types/TestFixedbugs/issue43671.go	compiled				typechecker	PASS	-	-	0.01
PASS	typechecker:go/types/TestFixedbugs/issue43671.go	interpreted				typechecker	PASS	-	-	0.01
PASS	typechecker:go/types/TestFixedbugs/issue43671.go	native				typechecker	PASS	-	-	0
PASS	typechecker:go/types/TestFixedbugs/issue44688.go	compiled				typechecker	PASS	-	-	0.01
PASS	typechecker:go/types/TestFixedbugs/issue44688.go	interpreted				typechecker	PASS	-	-	0.01
PASS	typechecker:go/types/TestFixedbugs/issue44688.go	native				typechecker	PASS	-	-	0
PASS	typechecker:go/types/TestFixedbugs/issue44799.go	compiled				typechecker	PASS	-	-	0.01
PASS	typechecker:go/types/TestFixedbugs/issue44799.go	interpreted				typechecker	PASS	-	-	0.01
PASS	typechecker:go/types/TestFixedbugs/issue44799.go	native				typechecker	PASS	-	-	0
PASS	typechecker:go/types/TestFixedbugs/issue45114.go	compiled				typechecker	PASS	-	-	0.01
PASS	typechecker:go/types/TestFixedbugs/issue45114.go	interpreted				typechecker	PASS	-	-	0.01
PASS	typechecker:go/types/TestFixedbugs/issue45114.go	native				typechecker	PASS	-	-	0
PASS	typechecker:go/types/TestFixedbugs/issue45548.go	compiled				typechecker	PASS	-	-	0.01
PASS	typechecker:go/types/TestFixedbugs/issue45548.go	interpreted				typechecker	PASS	-	-	0.01
PASS	typechecker:go/types/TestFixedbugs/issue45548.go	native				typechecker	PASS	-	-	0
PASS	typechecker:go/types/TestFixedbugs/issue45550.go	compiled				typechecker	PASS	-	-	0.01
PASS	typechecker:go/types/TestFixedbugs/issue45550.go	interpreted				typechecker	PASS	-	-	0.01
PASS	typechecker:go/types/TestFixedbugs/issue45550.go	native				typechecker	PASS	-	-	0
PASS	typechecker:go/types/TestFixedbugs/issue45635.go	compiled				typechecker	PASS	-	-	0.01
PASS	typechecker:go/types/TestFixedbugs/issue45635.go	interpreted				typechecker	PASS	-	-	0.01
PASS	typechecker:go/types/TestFixedbugs/issue45635.go	native				typechecker	PASS	-	-	0
PASS	typechecker:go/types/TestFixedbugs/issue45639.go	compiled				typechecker	PASS	-	-	0.01
PASS	typechecker:go/types/TestFixedbugs/issue45639.go	interpreted				typechecker	PASS	-	-	0.01
PASS	typechecker:go/types/TestFixedbugs/issue45639.go	native				typechecker	PASS	-	-	0
PASS	typechecker:go/types/TestFixedbugs/issue45920.go	compiled				typechecker	PASS	-	-	0.01
PASS	typechecker:go/types/TestFixedbugs/issue45920.go	interpreted				typechecker	PASS	-	-	0.01
PASS	typechecker:go/types/TestFixedbugs/issue45920.go	native				typechecker	PASS	-	-	0
PASS	typechecker:go/types/TestFixedbugs/issue45985.go	compiled				typechecker	PASS	-	-	0.01
PASS	typechecker:go/types/TestFixedbugs/issue45985.go	interpreted				typechecker	PASS	-	-	0.01
PASS	typechecker:go/types/TestFixedbugs/issue45985.go	native				typechecker	PASS	-	-	0
PASS	typechecker:go/types/TestFixedbugs/issue46090.go	compiled				typechecker	PASS	-	-	0.01
PASS	typechecker:go/types/TestFixedbugs/issue46090.go	interpreted				typechecker	PASS	-	-	0.01
PASS	typechecker:go/types/TestFixedbugs/issue46090.go	native				typechecker	PASS	-	-	0
PASS	typechecker:go/types/TestFixedbugs/issue46275.go	compiled				typechecker	PASS	-	-	0.01
PASS	typechecker:go/types/TestFixedbugs/issue46275.go	interpreted				typechecker	PASS	-	-	0.01
PASS	typechecker:go/types/TestFixedbugs/issue46275.go	native				typechecker	PASS	-	-	0
PASS	typechecker:go/types/TestFixedbugs/issue46403.go	compiled				typechecker	PASS	-	-	0.01
PASS	typechecker:go/types/TestFixedbugs/issue46403.go	interpreted				typechecker	PASS	-	-	0.01
PASS	typechecker:go/types/TestFixedbugs/issue46403.go	native				typechecker	PASS	-	-	0
PASS	typechecker:go/types/TestFixedbugs/issue46404.go	compiled				typechecker	PASS	-	-	0.01
PASS	typechecker:go/types/TestFixedbugs/issue46404.go	interpreted				typechecker	PASS	-	-	0.01
PASS	typechecker:go/types/TestFixedbugs/issue46404.go	native				typechecker	PASS	-	-	0
PASS	typechecker:go/types/TestFixedbugs/issue46461.go	compiled				typechecker	PASS	-	-	0.01
PASS	typechecker:go/types/TestFixedbugs/issue46461.go	interpreted				typechecker	PASS	-	-	0.01
PASS	typechecker:go/types/TestFixedbugs/issue46461.go	native				typechecker	PASS	-	-	0
PASS	typechecker:go/types/TestFixedbugs/issue46583.go	compiled				typechecker	PASS	-	-	0.01
PASS	typechecker:go/types/TestFixedbugs/issue46583.go	interpreted				typechecker	PASS	-	-	0.01
PASS	typechecker:go/types/TestFixedbugs/issue46583.go	native				typechecker	PASS	-	-	0
PASS	typechecker:go/types/TestFixedbugs/issue47031.go	compiled				typechecker	PASS	-	-	0.01
PASS	typechecker:go/types/TestFixedbugs/issue47031.go	interpreted				typechecker	PASS	-	-	0.01
PASS	typechecker:go/types/TestFixedbugs/issue47031.go	native				typechecker	PASS	-	-	0
PASS	typechecker:go/types/TestFixedbugs/issue47115.go	compiled				typechecker	PASS	-	-	0.01
PASS	typechecker:go/types/TestFixedbugs/issue47115.go	interpreted				typechecker	PASS	-	-	0.01
PASS	typechecker:go/types/TestFixedbugs/issue47115.go	native				typechecker	PASS	-	-	0
PASS	typechecker:go/types/TestFixedbugs/issue47127.go	compiled				typechecker	PASS	-	-	0.01
PASS	typechecker:go/types/TestFixedbugs/issue47127.go	interpreted				typechecker	PASS	-	-	0.01
PASS	typechecker:go/types/TestFixedbugs/issue47127.go	native				typechecker	PASS	-	-	0
PASS	typechecker:go/types/TestFixedbugs/issue47411.go	compiled				typechecker	PASS	-	-	0.01
PASS	typechecker:go/types/TestFixedbugs/issue47411.go	interpreted				typechecker	PASS	-	-	0.01
PASS	typechecker:go/types/TestFixedbugs/issue47411.go	native				typechecker	PASS	-	-	0
PASS	typechecker:go/types/TestFixedbugs/issue47747.go	compiled				typechecker	PASS	-	-	0.01
PASS	typechecker:go/types/TestFixedbugs/issue47747.go	interpreted				typechecker	PASS	-	-	0.01
PASS	typechecker:go/types/TestFixedbugs/issue47747.go	native				typechecker	PASS	-	-	0
PASS	typechecker:go/types/TestFixedbugs/issue47796.go	compiled				typechecker	PASS	-	-	0.01
PASS	typechecker:go/types/TestFixedbugs/issue47796.go	interpreted				typechecker	PASS	-	-	0.01
PASS	typechecker:go/types/TestFixedbugs/issue47796.go	native				typechecker	PASS	-	-	0
PASS	typechecker:go/types/TestFixedbugs/issue47818.go	compiled				typechecker	PASS	-	-	0.01
PASS	typechecker:go/types/TestFixedbugs/issue47818.go	interpreted				typechecker	PASS	-	-	0.01
PASS	typechecker:go/types/TestFixedbugs/issue47818.go	native				typechecker	PASS	-	-	0
PASS	typechecker:go/types/TestFixedbugs/issue47887.go	compiled				typechecker	PASS	-	-	0.01
PASS	typechecker:go/types/TestFixedbugs/issue47887.go	interpreted				typechecker	PASS	-	-	0.01
PASS	typechecker:go/types/TestFixedbugs/issue47887.go	native				typechecker	PASS	-	-	0
PASS	typechecker:go/types/TestFixedbugs/issue47968.go	compiled				typechecker	PASS	-	-	0.01
PASS	typechecker:go/types/TestFixedbugs/issue47968.go	interpreted				typechecker	PASS	-	-	0.01
PASS	typechecker:go/types/TestFixedbugs/issue47968.go	native				typechecker	PASS	-	-	0
PASS	typechecker:go/types/TestFixedbugs/issue48008.go	compiled				typechecker	PASS	-	-	0.01
PASS	typechecker:go/types/TestFixedbugs/issue48008.go	interpreted				typechecker	PASS	-	-	0.01
PASS	typechecker:go/types/TestFixedbugs/issue48008.go	native				typechecker	PASS	-	-	0
PASS	typechecker:go/types/TestFixedbugs/issue48018.go	compiled				typechecker	PASS	-	-	0.01
PASS	typechecker:go/types/TestFixedbugs/issue48018.go	interpreted				typechecker	PASS	-	-	0.01
PASS	typechecker:go/types/TestFixedbugs/issue48018.go	native				typechecker	PASS	-	-	0
PASS	typechecker:go/types/TestFixedbugs/issue48048.go	compiled				typechecker	PASS	-	-	0.01
PASS	typechecker:go/types/TestFixedbugs/issue48048.go	interpreted				typechecker	PASS	-	-	0.01
PASS	typechecker:go/types/TestFixedbugs/issue48048.go	native				typechecker	PASS	-	-	0
PASS	typechecker:go/types/TestFixedbugs/issue48082.go	compiled				typechecker	PASS	-	-	0.07
PASS	typechecker:go/types/TestFixedbugs/issue48082.go	interpreted				typechecker	PASS	-	-	0.09
PASS	typechecker:go/types/TestFixedbugs/issue48082.go	native				typechecker	PASS	-	-	0
PASS	typechecker:go/types/TestFixedbugs/issue48083.go	compiled				typechecker	PASS	-	-	0.01
PASS	typechecker:go/types/TestFixedbugs/issue48083.go	interpreted				typechecker	PASS	-	-	0.01
PASS	typechecker:go/types/TestFixedbugs/issue48083.go	native				typechecker	PASS	-	-	0
PASS	typechecker:go/types/TestFixedbugs/issue48136.go	compiled				typechecker	PASS	-	-	0.01
PASS	typechecker:go/types/TestFixedbugs/issue48136.go	interpreted				typechecker	PASS	-	-	0.01
PASS	typechecker:go/types/TestFixedbugs/issue48136.go	native				typechecker	PASS	-	-	0
PASS	typechecker:go/types/TestFixedbugs/issue48234.go	compiled				typechecker	PASS	-	-	0.01
PASS	typechecker:go/types/TestFixedbugs/issue48234.go	interpreted				typechecker	PASS	-	-	0.01
PASS	typechecker:go/types/TestFixedbugs/issue48234.go	native				typechecker	PASS	-	-	0
PASS	typechecker:go/types/TestFixedbugs/issue48312.go	compiled				typechecker	PASS	-	-	0.01
PASS	typechecker:go/types/TestFixedbugs/issue48312.go	interpreted				typechecker	PASS	-	-	0.01
PASS	typechecker:go/types/TestFixedbugs/issue48312.go	native				typechecker	PASS	-	-	0
PASS	typechecker:go/types/TestFixedbugs/issue48472.go	compiled				typechecker	PASS	-	-	0.01
PASS	typechecker:go/types/TestFixedbugs/issue48472.go	interpreted				typechecker	PASS	-	-	0.01
PASS	typechecker:go/types/TestFixedbugs/issue48472.go	native				typechecker	PASS	-	-	0
PASS	typechecker:go/types/TestFixedbugs/issue48529.go	compiled				typechecker	PASS	-	-	0.01
PASS	typechecker:go/types/TestFixedbugs/issue48529.go	interpreted				typechecker	PASS	-	-	0.01
PASS	typechecker:go/types/TestFixedbugs/issue48529.go	native				typechecker	PASS	-	-	0
PASS	typechecker:go/types/TestFixedbugs/issue48582.go	compiled				typechecker	PASS	-	-	0.01
PASS	typechecker:go/types/TestFixedbugs/issue48582.go	interpreted				typechecker	PASS	-	-	0.01
PASS	typechecker:go/types/TestFixedbugs/issue48582.go	native				typechecker	PASS	-	-	0
PASS	typechecker:go/types/TestFixedbugs/issue48619.go	compiled				typechecker	PASS	-	-	0.01
PASS	typechecker:go/types/TestFixedbugs/issue48619.go	interpreted				typechecker	PASS	-	-	0.01
PASS	typechecker:go/types/TestFixedbugs/issue48619.go	native				typechecker	PASS	-	-	0
PASS	typechecker:go/types/TestFixedbugs/issue48656.go	compiled				typechecker	PASS	-	-	0.01
PASS	typechecker:go/types/TestFixedbugs/issue48656.go	interpreted				typechecker	PASS	-	-	0.01
PASS	typechecker:go/types/TestFixedbugs/issue48656.go	native				typechecker	PASS	-	-	0
PASS	typechecker:go/types/TestFixedbugs/issue48695.go	compiled				typechecker	PASS	-	-	0.01
PASS	typechecker:go/types/TestFixedbugs/issue48695.go	interpreted				typechecker	PASS	-	-	0.01
PASS	typechecker:go/types/TestFixedbugs/issue48695.go	native				typechecker	PASS	-	-	0
PASS	typechecker:go/types/TestFixedbugs/issue48703.go	compiled				typechecker	PASS	-	-	0.01
PASS	typechecker:go/types/TestFixedbugs/issue48703.go	interpreted				typechecker	PASS	-	-	0.01
PASS	typechecker:go/types/TestFixedbugs/issue48703.go	native				typechecker	PASS	-	-	0
PASS	typechecker:go/types/TestFixedbugs/issue48712.go	compiled				typechecker	PASS	-	-	0.01
PASS	typechecker:go/types/TestFixedbugs/issue48712.go	interpreted				typechecker	PASS	-	-	0.01
PASS	typechecker:go/types/TestFixedbugs/issue48712.go	native				typechecker	PASS	-	-	0
PASS	typechecker:go/types/TestFixedbugs/issue48819.go	compiled				typechecker	PASS	-	-	0.01
PASS	typechecker:go/types/TestFixedbugs/issue48819.go	interpreted				typechecker	PASS	-	-	0.01
PASS	typechecker:go/types/TestFixedbugs/issue48819.go	native				typechecker	PASS	-	-	0
PASS	typechecker:go/types/TestFixedbugs/issue48827.go	compiled				typechecker	PASS	-	-	0.01
PASS	typechecker:go/types/TestFixedbugs/issue48827.go	interpreted				typechecker	PASS	-	-	0.01
PASS	typechecker:go/types/TestFixedbugs/issue48827.go	native				typechecker	PASS	-	-	0
PASS	typechecker:go/types/TestFixedbugs/issue48951.go	compiled				typechecker	PASS	-	-	0.01
PASS	typechecker:go/types/TestFixedbugs/issue48951.go	interpreted				typechecker	PASS	-	-	0.01
PASS	typechecker:go/types/TestFixedbugs/issue48951.go	native				typechecker	PASS	-	-	0
PASS	typechecker:go/types/TestFixedbugs/issue48962.go	compiled				typechecker	PASS	-	-	0.01
PASS	typechecker:go/types/TestFixedbugs/issue48962.go	interpreted				typechecker	PASS	-	-	0.01
PASS	typechecker:go/types/TestFixedbugs/issue48962.go	native				typechecker	PASS	-	-	0
PASS	typechecker:go/types/TestFixedbugs/issue48974.go	compiled				typechecker	PASS	-	-	0.01
PASS	typechecker:go/types/TestFixedbugs/issue48974.go	interpreted				typechecker	PASS	-	-	0.01
PASS	typechecker:go/types/TestFixedbugs/issue48974.go	native				typechecker	PASS	-	-	0
PASS	typechecker:go/types/TestFixedbugs/issue49003.go	compiled				typechecker	PASS	-	-	0.01
PASS	typechecker:go/types/TestFixedbugs/issue49003.go	interpreted				typechecker	PASS	-	-	0.01
PASS	typechecker:go/types/TestFixedbugs/issue49003.go	native				typechecker	PASS	-	-	0
PASS	typechecker:go/types/TestFixedbugs/issue49005.go	compiled				typechecker	PASS	-	-	0.01
PASS	typechecker:go/types/TestFixedbugs/issue49005.go	interpreted				typechecker	PASS	-	-	0.01
PASS	typechecker:go/types/TestFixedbugs/issue49005.go	native				typechecker	PASS	-	-	0
PASS	typechecker:go/types/TestFixedbugs/issue49043.go	compiled				typechecker	PASS	-	-	0.01
PASS	typechecker:go/types/TestFixedbugs/issue49043.go	interpreted				typechecker	PASS	-	-	0.01
PASS	typechecker:go/types/TestFixedbugs/issue49043.go	native				typechecker	PASS	-	-	0
PASS	typechecker:go/types/TestFixedbugs/issue49112.go	compiled				typechecker	PASS	-	-	0.01
PASS	typechecker:go/types/TestFixedbugs/issue49112.go	interpreted				typechecker	PASS	-	-	0.01
PASS	typechecker:go/types/TestFixedbugs/issue49112.go	native				typechecker	PASS	-	-	0
PASS	typechecker:go/types/TestFixedbugs/issue49179.go	compiled				typechecker	PASS	-	-	0.01
PASS	typechecker:go/types/TestFixedbugs/issue49179.go	interpreted				typechecker	PASS	-	-	0.01
PASS	typechecker:go/types/TestFixedbugs/issue49179.go	native				typechecker	PASS	-	-	0
PASS	typechecker:go/types/TestFixedbugs/issue49242.go	compiled				typechecker	PASS	-	-	0.01
PASS	typechecker:go/types/TestFixedbugs/issue49242.go	interpreted				typechecker	PASS	-	-	0.01
PASS	typechecker:go/types/TestFixedbugs/issue49242.go	native				typechecker	PASS	-	-	0
PASS	typechecker:go/types/TestFixedbugs/issue49247.go	compiled				typechecker	PASS	-	-	0.01
PASS	typechecker:go/types/TestFixedbugs/issue49247.go	interpreted				typechecker	PASS	-	-	0.01
PASS	typechecker:go/types/TestFixedbugs/issue49247.go	native				typechecker	PASS	-	-	0
PASS	typechecker:go/types/TestFixedbugs/issue49276.go	compiled				typechecker	PASS	-	-	0.01
PASS	typechecker:go/types/TestFixedbugs/issue49276.go	interpreted				typechecker	PASS	-	-	0.01
PASS	typechecker:go/types/TestFixedbugs/issue49276.go	native				typechecker	PASS	-	-	0
PASS	typechecker:go/types/TestFixedbugs/issue49296.go	compiled				typechecker	PASS	-	-	0.01
PASS	typechecker:go/types/TestFixedbugs/issue49296.go	interpreted				typechecker	PASS	-	-	0.01
PASS	typechecker:go/types/TestFixedbugs/issue49296.go	native				typechecker	PASS	-	-	0
PASS	typechecker:go/types/TestFixedbugs/issue49439.go	compiled				typechecker	PASS	-	-	0.01
PASS	typechecker:go/types/TestFixedbugs/issue49439.go	interpreted				typechecker	PASS	-	-	0.01
PASS	typechecker:go/types/TestFixedbugs/issue49439.go	native				typechecker	PASS	-	-	0
PASS	typechecker:go/types/TestFixedbugs/issue49482.go	compiled				typechecker	PASS	-	-	0.01
PASS	typechecker:go/types/TestFixedbugs/issue49482.go	interpreted				typechecker	PASS	-	-	0.01
PASS	typechecker:go/types/TestFixedbugs/issue49482.go	native				typechecker	PASS	-	-	0
PASS	typechecker:go/types/TestFixedbugs/issue49541.go	compiled				typechecker	PASS	-	-	0.01
PASS	typechecker:go/types/TestFixedbugs/issue49541.go	interpreted				typechecker	PASS	-	-	0.01
PASS	typechecker:go/types/TestFixedbugs/issue49541.go	native				typechecker	PASS	-	-	0
PASS	typechecker:go/types/TestFixedbugs/issue49579.go	compiled				typechecker	PASS	-	-	0.01
PASS	typechecker:go/types/TestFixedbugs/issue49579.go	interpreted				typechecker	PASS	-	-	0.01
PASS	typechecker:go/types/TestFixedbugs/issue49579.go	native				typechecker	PASS	-	-	0
PASS	typechecker:go/types/TestFixedbugs/issue49592.go	compiled				typechecker	PASS	-	-	0.01
PASS	typechecker:go/types/TestFixedbugs/issue49592.go	interpreted				typechecker	PASS	-	-	0.01
PASS	typechecker:go/types/TestFixedbugs/issue49592.go	native				typechecker	PASS	-	-	0
PASS	typechecker:go/types/TestFixedbugs/issue49602.go	compiled				typechecker	PASS	-	-	0.01
PASS	typechecker:go/types/TestFixedbugs/issue49602.go	interpreted				typechecker	PASS	-	-	0.01
PASS	typechecker:go/types/TestFixedbugs/issue49602.go	native				typechecker	PASS	-	-	0
PASS	typechecker:go/types/TestFixedbugs/issue49705.go	compiled				typechecker	PASS	-	-	0.01
PASS	typechecker:go/types/TestFixedbugs/issue49705.go	interpreted				typechecker	PASS	-	-	0.01
PASS	typechecker:go/types/TestFixedbugs/issue49705.go	native				typechecker	PASS	-	-	0
PASS	typechecker:go/types/TestFixedbugs/issue49735.go	compiled				typechecker	PASS	-	-	0.01
PASS	typechecker:go/types/TestFixedbugs/issue49735.go	interpreted				typechecker	PASS	-	-	0.01
PASS	typechecker:go/types/TestFixedbugs/issue49735.go	native				typechecker	PASS	-	-	0
PASS	typechecker:go/types/TestFixedbugs/issue49736.go	compiled				typechecker	PASS	-	-	0.07
PASS	typechecker:go/types/TestFixedbugs/issue49736.go	interpreted				typechecker	PASS	-	-	0.09
PASS	typechecker:go/types/TestFixedbugs/issue49736.go	native				typechecker	PASS	-	-	0
PASS	typechecker:go/types/TestFixedbugs/issue49739.go	compiled				typechecker	PASS	-	-	0.01
PASS	typechecker:go/types/TestFixedbugs/issue49739.go	interpreted				typechecker	PASS	-	-	0.01
PASS	typechecker:go/types/TestFixedbugs/issue49739.go	native				typechecker	PASS	-	-	0
PASS	typechecker:go/types/TestFixedbugs/issue49864.go	compiled				typechecker	PASS	-	-	0.01
PASS	typechecker:go/types/TestFixedbugs/issue49864.go	interpreted				typechecker	PASS	-	-	0.01
PASS	typechecker:go/types/TestFixedbugs/issue49864.go	native				typechecker	PASS	-	-	0
PASS	typechecker:go/types/TestFixedbugs/issue50259.go	compiled				typechecker	PASS	-	-	0.01
PASS	typechecker:go/types/TestFixedbugs/issue50259.go	interpreted				typechecker	PASS	-	-	0.01
PASS	typechecker:go/types/TestFixedbugs/issue50259.go	native				typechecker	PASS	-	-	0
PASS	typechecker:go/types/TestFixedbugs/issue50276.go	compiled				typechecker	PASS	-	-	0.01
PASS	typechecker:go/types/TestFixedbugs/issue50276.go	interpreted				typechecker	PASS	-	-	0.01
PASS	typechecker:go/types/TestFixedbugs/issue50276.go	native				typechecker	PASS	-	-	0
PASS	typechecker:go/types/TestFixedbugs/issue50281.go	compiled				typechecker	PASS	-	-	0.01
PASS	typechecker:go/types/TestFixedbugs/issue50281.go	interpreted				typechecker	PASS	-	-	0.01
PASS	typechecker:go/types/TestFixedbugs/issue50281.go	native				typechecker	PASS	-	-	0
PASS	typechecker:go/types/TestFixedbugs/issue50321.go	compiled				typechecker	PASS	-	-	0.01
PASS	typechecker:go/types/TestFixedbugs/issue50321.go	interpreted				typechecker	PASS	-	-	0.01
PASS	typechecker:go/types/TestFixedbugs/issue50321.go	native				typechecker	PASS	-	-	0
PASS	typechecker:go/types/TestFixedbugs/issue50372.go	compiled				typechecker	PASS	-	-	0.01
PASS	typechecker:go/types/TestFixedbugs/issue50372.go	interpreted				typechecker	PASS	-	-	0.01
PASS	typechecker:go/types/TestFixedbugs/issue50372.go	native				typechecker	PASS	-	-	0
PASS	typechecker:go/types/TestFixedbugs/issue50417.go	compiled				typechecker	PASS	-	-	0.01
PASS	typechecker:go/types/TestFixedbugs/issue50417.go	interpreted				typechecker	PASS	-	-	0.01
PASS	typechecker:go/types/TestFixedbugs/issue50417.go	native				typechecker	PASS	-	-	0
PASS	typechecker:go/types/TestFixedbugs/issue50426.go	compiled				typechecker	PASS	-	-	0.01
PASS	typechecker:go/types/TestFixedbugs/issue50426.go	interpreted				typechecker	PASS	-	-	0.01
PASS	typechecker:go/types/TestFixedbugs/issue50426.go	native				typechecker	PASS	-	-	0
PASS	typechecker:go/types/TestFixedbugs/issue50427a.go	compiled				typechecker	PASS	-	-	0.01
PASS	typechecker:go/types/TestFixedbugs/issue50427a.go	interpreted				typechecker	PASS	-	-	0.01
PASS	typechecker:go/types/TestFixedbugs/issue50427a.go	native				typechecker	PASS	-	-	0
PASS	typechecker:go/types/TestFixedbugs/issue50427b.go	compiled				typechecker	PASS	-	-	0.01
PASS	typechecker:go/types/TestFixedbugs/issue50427b.go	interpreted				typechecker	PASS	-	-	0.01
PASS	typechecker:go/types/TestFixedbugs/issue50427b.go	native				typechecker	PASS	-	-	0
PASS	typechecker:go/types/TestFixedbugs/issue50450.go	compiled				typechecker	PASS	-	-	0.01
PASS	typechecker:go/types/TestFixedbugs/issue50450.go	interpreted				typechecker	PASS	-	-	0.01
PASS	typechecker:go/types/TestFixedbugs/issue50450.go	native				typechecker	PASS	-	-	0
PASS	typechecker:go/types/TestFixedbugs/issue50516.go	compiled				typechecker	PASS	-	-	0.01
PASS	typechecker:go/types/TestFixedbugs/issue50516.go	interpreted				typechecker	PASS	-	-	0.01
PASS	typechecker:go/types/TestFixedbugs/issue50516.go	native				typechecker	PASS	-	-	0
PASS	typechecker:go/types/TestFixedbugs/issue50646.go	compiled				typechecker	PASS	-	-	0.01
PASS	typechecker:go/types/TestFixedbugs/issue50646.go	interpreted				typechecker	PASS	-	-	0.01
PASS	typechecker:go/types/TestFixedbugs/issue50646.go	native				typechecker	PASS	-	-	0
PASS	typechecker:go/types/TestFixedbugs/issue50729.go	compiled				typechecker	PASS	-	-	0.01
PASS	typechecker:go/types/TestFixedbugs/issue50729.go	interpreted				typechecker	PASS	-	-	0.01
PASS	typechecker:go/types/TestFixedbugs/issue50729.go	native				typechecker	PASS	-	-	0
PASS	typechecker:go/types/TestFixedbugs/issue50729b.go	compiled				typechecker	PASS	-	-	0.01
PASS	typechecker:go/types/TestFixedbugs/issue50729b.go	interpreted				typechecker	PASS	-	-	0.01
PASS	typechecker:go/types/TestFixedbugs/issue50729b.go	native				typechecker	PASS	-	-	0
PASS	typechecker:go/types/TestFixedbugs/issue50755.go	compiled				typechecker	PASS	-	-	0.01
PASS	typechecker:go/types/TestFixedbugs/issue50755.go	interpreted				typechecker	PASS	-	-	0.01
PASS	typechecker:go/types/TestFixedbugs/issue50755.go	native				typechecker	PASS	-	-	0
PASS	typechecker:go/types/TestFixedbugs/issue50779.go	compiled				typechecker	PASS	-	-	0.01
PASS	typechecker:go/types/TestFixedbugs/issue50779.go	interpreted				typechecker	PASS	-	-	0.01
PASS	typechecker:go/types/TestFixedbugs/issue50779.go	native				typechecker	PASS	-	-	0
PASS	typechecker:go/types/TestFixedbugs/issue50782.go	compiled				typechecker	PASS	-	-	0.01
PASS	typechecker:go/types/TestFixedbugs/issue50782.go	interpreted				typechecker	PASS	-	-	0.01
PASS	typechecker:go/types/TestFixedbugs/issue50782.go	native				typechecker	PASS	-	-	0
PASS	typechecker:go/types/TestFixedbugs/issue50816.go	compiled				typechecker	PASS	-	-	0.01
PASS	typechecker:go/types/TestFixedbugs/issue50816.go	interpreted				typechecker	PASS	-	-	0.01
PASS	typechecker:go/types/TestFixedbugs/issue50816.go	native				typechecker	PASS	-	-	0
PASS	typechecker:go/types/TestFixedbugs/issue50833.go	compiled				typechecker	PASS	-	-	0.01
PASS	typechecker:go/types/TestFixedbugs/issue50833.go	interpreted				typechecker	PASS	-	-	0.01
PASS	typechecker:go/types/TestFixedbugs/issue50833.go	native				typechecker	PASS	-	-	0
PASS	typechecker:go/types/TestFixedbugs/issue50912.go	compiled				typechecker	PASS	-	-	0.01
PASS	typechecker:go/types/TestFixedbugs/issue50912.go	interpreted				typechecker	PASS	-	-	0.01
PASS	typechecker:go/types/TestFixedbugs/issue50912.go	native				typechecker	PASS	-	-	0
PASS	typechecker:go/types/TestFixedbugs/issue50918.go	compiled				typechecker	PASS	-	-	0.01
PASS	typechecker:go/types/TestFixedbugs/issue50918.go	interpreted				typechecker	PASS	-	-	0.01
PASS	typechecker:go/types/TestFixedbugs/issue50918.go	native				typechecker	PASS	-	-	0
PASS	typechecker:go/types/TestFixedbugs/issue50929.go	compiled				typechecker	PASS	-	-	0.07
PASS	typechecker:go/types/TestFixedbugs/issue50929.go	interpreted				typechecker	PASS	-	-	0.09
PASS	typechecker:go/types/TestFixedbugs/issue50929.go	native				typechecker	PASS	-	-	0
PASS	typechecker:go/types/TestFixedbugs/issue50965.go	compiled				typechecker	PASS	-	-	0.01
PASS	typechecker:go/types/TestFixedbugs/issue50965.go	interpreted				typechecker	PASS	-	-	0.01
PASS	typechecker:go/types/TestFixedbugs/issue50965.go	native				typechecker	PASS	-	-	0
PASS	typechecker:go/types/TestFixedbugs/issue51025.go	compiled				typechecker	PASS	-	-	0.01
PASS	typechecker:go/types/TestFixedbugs/issue51025.go	interpreted				typechecker	PASS	-	-	0.01
PASS	typechecker:go/types/TestFixedbugs/issue51025.go	native				typechecker	PASS	-	-	0
PASS	typechecker:go/types/TestFixedbugs/issue51048.go	compiled				typechecker	PASS	-	-	0.01
PASS	typechecker:go/types/TestFixedbugs/issue51048.go	interpreted				typechecker	PASS	-	-	0.01
PASS	typechecker:go/types/TestFixedbugs/issue51048.go	native				typechecker	PASS	-	-	0
PASS	typechecker:go/types/TestFixedbugs/issue51139.go	compiled				typechecker	PASS	-	-	0.01
PASS	typechecker:go/types/TestFixedbugs/issue51139.go	interpreted				typechecker	PASS	-	-	0.01
PASS	typechecker:go/types/TestFixedbugs/issue51139.go	native				typechecker	PASS	-	-	0
PASS	typechecker:go/types/TestFixedbugs/issue51145.go	compiled				typechecker	PASS	-	-	0.07
PASS	typechecker:go/types/TestFixedbugs/issue51145.go	interpreted				typechecker	PASS	-	-	0.09
PASS	typechecker:go/types/TestFixedbugs/issue51145.go	native				typechecker	PASS	-	-	0
PASS	typechecker:go/types/TestFixedbugs/issue51158.go	compiled				typechecker	PASS	-	-	0.01
PASS	typechecker:go/types/TestFixedbugs/issue51158.go	interpreted				typechecker	PASS	-	-	0.01
PASS	typechecker:go/types/TestFixedbugs/issue51158.go	native				typechecker	PASS	-	-	0
PASS	typechecker:go/types/TestFixedbugs/issue51229.go	compiled				typechecker	PASS	-	-	0.01
PASS	typechecker:go/types/TestFixedbugs/issue51229.go	interpreted				typechecker	PASS	-	-	0.01
PASS	typechecker:go/types/TestFixedbugs/issue51229.go	native				typechecker	PASS	-	-	0
PASS	typechecker:go/types/TestFixedbugs/issue51232.go	compiled				typechecker	PASS	-	-	0.01
PASS	typechecker:go/types/TestFixedbugs/issue51232.go	interpreted				typechecker	PASS	-	-	0.01
PASS	typechecker:go/types/TestFixedbugs/issue51232.go	native				typechecker	PASS	-	-	0
PASS	typechecker:go/types/TestFixedbugs/issue51233.go	compiled				typechecker	PASS	-	-	0.01
PASS	typechecker:go/types/TestFixedbugs/issue51233.go	interpreted				typechecker	PASS	-	-	0.01
PASS	typechecker:go/types/TestFixedbugs/issue51233.go	native				typechecker	PASS	-	-	0
PASS	typechecker:go/types/TestFixedbugs/issue51257.go	compiled				typechecker	PASS	-	-	0.01
PASS	typechecker:go/types/TestFixedbugs/issue51257.go	interpreted				typechecker	PASS	-	-	0.01
PASS	typechecker:go/types/TestFixedbugs/issue51257.go	native				typechecker	PASS	-	-	0
PASS	typechecker:go/types/TestFixedbugs/issue51335.go	compiled				typechecker	PASS	-	-	0.01
PASS	typechecker:go/types/TestFixedbugs/issue51335.go	interpreted				typechecker	PASS	-	-	0.01
PASS	typechecker:go/types/TestFixedbugs/issue51335.go	native				typechecker	PASS	-	-	0
PASS	typechecker:go/types/TestFixedbugs/issue51339.go	compiled				typechecker	PASS	-	-	0.01
PASS	typechecker:go/types/TestFixedbugs/issue51339.go	interpreted				typechecker	PASS	-	-	0.01
PASS	typechecker:go/types/TestFixedbugs/issue51339.go	native				typechecker	PASS	-	-	0
PASS	typechecker:go/types/TestFixedbugs/issue51360.go	compiled				typechecker	PASS	-	-	0.01
PASS	typechecker:go/types/TestFixedbugs/issue51360.go	interpreted				typechecker	PASS	-	-	0.01
PASS	typechecker:go/types/TestFixedbugs/issue51360.go	native				typechecker	PASS	-	-	0
PASS	typechecker:go/types/TestFixedbugs/issue51376.go	compiled				typechecker	PASS	-	-	0.01
PASS	typechecker:go/types/TestFixedbugs/issue51376.go	interpreted				typechecker	PASS	-	-	0.01
PASS	typechecker:go/types/TestFixedbugs/issue51376.go	native				typechecker	PASS	-	-	0
PASS	typechecker:go/types/TestFixedbugs/issue51386.go	compiled				typechecker	PASS	-	-	0.01
PASS	typechecker:go/types/TestFixedbugs/issue51386.go	interpreted				typechecker	PASS	-	-	0.01
PASS	typechecker:go/types/TestFixedbugs/issue51386.go	native				typechecker	PASS	-	-	0
PASS	typechecker:go/types/TestFixedbugs/issue51437.go	compiled				typechecker	PASS	-	-	0.01
PASS	typechecker:go/types/TestFixedbugs/issue51437.go	interpreted				typechecker	PASS	-	-	0.01
PASS	typechecker:go/types/TestFixedbugs/issue51437.go	native				typechecker	PASS	-	-	0
PASS	typechecker:go/types/TestFixedbugs/issue51472.go	compiled				typechecker	PASS	-	-	0.01
PASS	typechecker:go/types/TestFixedbugs/issue51472.go	interpreted				typechecker	PASS	-	-	0.01
PASS	typechecker:go/types/TestFixedbugs/issue51472.go	native				typechecker	PASS	-	-	0
PASS	typechecker:go/types/TestFixedbugs/issue51503.go	compiled				typechecker	PASS	-	-	0.01
PASS	typechecker:go/types/TestFixedbugs/issue51503.go	interpreted				typechecker	PASS	-	-	0.01
PASS	typechecker:go/types/TestFixedbugs/issue51503.go	native				typechecker	PASS	-	-	0
PASS	typechecker:go/types/TestFixedbugs/issue51509.go	compiled				typechecker	PASS	-	-	0.01
PASS	typechecker:go/types/TestFixedbugs/issue51509.go	interpreted				typechecker	PASS	-	-	0.01
PASS	typechecker:go/types/TestFixedbugs/issue51509.go	native				typechecker	PASS	-	-	0
PASS	typechecker:go/types/TestFixedbugs/issue51525.go	compiled				typechecker	PASS	-	-	0.01
PASS	typechecker:go/types/TestFixedbugs/issue51525.go	interpreted				typechecker	PASS	-	-	0.01
PASS	typechecker:go/types/TestFixedbugs/issue51525.go	native				typechecker	PASS	-	-	0
PASS	typechecker:go/types/TestFixedbugs/issue51533.go	compiled				typechecker	PASS	-	-	0.01
PASS	typechecker:go/types/TestFixedbugs/issue51533.go	interpreted				typechecker	PASS	-	-	0.01
PASS	typechecker:go/types/TestFixedbugs/issue51533.go	native				typechecker	PASS	-	-	0
PASS	typechecker:go/types/TestFixedbugs/issue51578.go	compiled				typechecker	PASS	-	-	0.01
PASS	typechecker:go/types/TestFixedbugs/issue51578.go	interpreted				typechecker	PASS	-	-	0.01
PASS	typechecker:go/types/TestFixedbugs/issue51578.go	native				typechecker	PASS	-	-	0
PASS	typechecker:go/types/TestFixedbugs/issue51593.go	compiled				typechecker	PASS	-	-	0.01
PASS	typechecker:go/types/TestFixedbugs/issue51593.go	interpreted				typechecker	PASS	-	-	0.01
PASS	typechecker:go/types/TestFixedbugs/issue51593.go	native				typechecker	PASS	-	-	0
PASS	typechecker:go/types/TestFixedbugs/issue51607.go	compiled				typechecker	PASS	-	-	0.01
PASS	typechecker:go/types/TestFixedbugs/issue51607.go	interpreted				typechecker	PASS	-	-	0.01
PASS	typechecker:go/types/TestFixedbugs/issue51607.go	native				typechecker	PASS	-	-	0
PASS	typechecker:go/types/TestFixedbugs/issue51610.go	compiled				typechecker	PASS	-	-	0.01
PASS	typechecker:go/types/TestFixedbugs/issue51610.go	interpreted				typechecker	PASS	-	-	0.01
PASS	typechecker:go/types/TestFixedbugs/issue51610.go	native				typechecker	PASS	-	-	0
PASS	typechecker:go/types/TestFixedbugs/issue51616.go	compiled				typechecker	PASS	-	-	0.01
PASS	typechecker:go/types/TestFixedbugs/issue51616.go	interpreted				typechecker	PASS	-	-	0.01
PASS	typechecker:go/types/TestFixedbugs/issue51616.go	native				typechecker	PASS	-	-	0
PASS	typechecker:go/types/TestFixedbugs/issue51658.go	compiled				typechecker	PASS	-	-	0.01
PASS	typechecker:go/types/TestFixedbugs/issue51658.go	interpreted				typechecker	PASS	-	-	0.01
PASS	typechecker:go/types/TestFixedbugs/issue51658.go	native				typechecker	PASS	-	-	0
PASS	typechecker:go/types/TestFixedbugs/issue51877.go	compiled				typechecker	PASS	-	-	0.01
PASS	typechecker:go/types/TestFixedbugs/issue51877.go	interpreted				typechecker	PASS	-	-	0.01
PASS	typechecker:go/types/TestFixedbugs/issue51877.go	native				typechecker	PASS	-	-	0
PASS	typechecker:go/types/TestFixedbugs/issue52031.go	compiled				typechecker	PASS	-	-	0.01
PASS	typechecker:go/types/TestFixedbugs/issue52031.go	interpreted				typechecker	PASS	-	-	0.01
PASS	typechecker:go/types/TestFixedbugs/issue52031.go	native				typechecker	PASS	-	-	0
PASS	typechecker:go/types/TestFixedbugs/issue52401.go	compiled				typechecker	PASS	-	-	0.01
PASS	typechecker:go/types/TestFixedbugs/issue52401.go	interpreted				typechecker	PASS	-	-	0.01
PASS	typechecker:go/types/TestFixedbugs/issue52401.go	native				typechecker	PASS	-	-	0
PASS	typechecker:go/types/TestFixedbugs/issue52529.go	compiled				typechecker	PASS	-	-	0.01
PASS	typechecker:go/types/TestFixedbugs/issue52529.go	interpreted				typechecker	PASS	-	-	0.01
PASS	typechecker:go/types/TestFixedbugs/issue52529.go	native				typechecker	PASS	-	-	0
PASS	typechecker:go/types/TestFixedbugs/issue52698.go	compiled				typechecker	PASS	-	-	0.01
PASS	typechecker:go/types/TestFixedbugs/issue52698.go	interpreted				typechecker	PASS	-	-	0.01
PASS	typechecker:go/types/TestFixedbugs/issue52698.go	native				typechecker	PASS	-	-	0
PASS	typechecker:go/types/TestFixedbugs/issue52915.go	compiled				typechecker	PASS	-	-	0.01
PASS	typechecker:go/types/TestFixedbugs/issue52915.go	interpreted				typechecker	PASS	-	-	0.01
PASS	typechecker:go/types/TestFixedbugs/issue52915.go	native				typechecker	PASS	-	-	0
PASS	typechecker:go/types/TestFixedbugs/issue53358.go	compiled				typechecker	PASS	-	-	0.01
PASS	typechecker:go/types/TestFixedbugs/issue53358.go	interpreted				typechecker	PASS	-	-	0.01
PASS	typechecker:go/types/TestFixedbugs/issue53358.go	native				typechecker	PASS	-	-	0
PASS	typechecker:go/types/TestFixedbugs/issue53535.go	compiled				typechecker	PASS	-	-	0.06
PASS	typechecker:go/types/TestFixedbugs/issue53535.go	interpreted				typechecker	PASS	-	-	0.07
PASS	typechecker:go/types/TestFixedbugs/issue53535.go	native				typechecker	PASS	-	-	0
PASS	typechecker:go/types/TestFixedbugs/issue53650.go	compiled				typechecker	PASS	-	-	0.13
PASS	typechecker:go/types/TestFixedbugs/issue53650.go	interpreted				typechecker	PASS	-	-	0.15
PASS	typechecker:go/types/TestFixedbugs/issue53650.go	native				typechecker	PASS	-	-	0
PASS	typechecker:go/types/TestFixedbugs/issue53692.go	compiled				typechecker	PASS	-	-	0.01
PASS	typechecker:go/types/TestFixedbugs/issue53692.go	interpreted				typechecker	PASS	-	-	0.01
PASS	typechecker:go/types/TestFixedbugs/issue53692.go	native				typechecker	PASS	-	-	0
PASS	typechecker:go/types/TestFixedbugs/issue54280.go	compiled				typechecker	PASS	-	-	0.01
PASS	typechecker:go/types/TestFixedbugs/issue54280.go	interpreted				typechecker	PASS	-	-	0.01
PASS	typechecker:go/types/TestFixedbugs/issue54280.go	native				typechecker	PASS	-	-	0
PASS	typechecker:go/types/TestFixedbugs/issue54405.go	compiled				typechecker	PASS	-	-	0.01
PASS	typechecker:go/types/TestFixedbugs/issue54405.go	interpreted				typechecker	PASS	-	-	0.01
PASS	typechecker:go/types/TestFixedbugs/issue54405.go	native				typechecker	PASS	-	-	0
PASS	typechecker:go/types/TestFixedbugs/issue54424.go	compiled				typechecker	PASS	-	-	0.01
PASS	typechecker:go/types/TestFixedbugs/issue54424.go	interpreted				typechecker	PASS	-	-	0.01
PASS	typechecker:go/types/TestFixedbugs/issue54424.go	native				typechecker	PASS	-	-	0
PASS	typechecker:go/types/TestFixedbugs/issue54942.go	compiled				typechecker	PASS	-	-	0.14
PASS	typechecker:go/types/TestFixedbugs/issue54942.go	interpreted				typechecker	PASS	-	-	0.17
PASS	typechecker:go/types/TestFixedbugs/issue54942.go	native				typechecker	PASS	-	-	0.05
PASS	typechecker:go/types/TestFixedbugs/issue56351.go	compiled				typechecker	PASS	-	-	0.01
PASS	typechecker:go/types/TestFixedbugs/issue56351.go	interpreted				typechecker	PASS	-	-	0.01
PASS	typechecker:go/types/TestFixedbugs/issue56351.go	native				typechecker	PASS	-	-	0
PASS	typechecker:go/types/TestFixedbugs/issue56425.go	compiled				typechecker	PASS	-	-	0.01
PASS	typechecker:go/types/TestFixedbugs/issue56425.go	interpreted				typechecker	PASS	-	-	0.01
PASS	typechecker:go/types/TestFixedbugs/issue56425.go	native				typechecker	PASS	-	-	0
PASS	typechecker:go/types/TestFixedbugs/issue56665.go	compiled				typechecker	PASS	-	-	0.01
PASS	typechecker:go/types/TestFixedbugs/issue56665.go	interpreted				typechecker	PASS	-	-	0.01
PASS	typechecker:go/types/TestFixedbugs/issue56665.go	native				typechecker	PASS	-	-	0
PASS	typechecker:go/types/TestFixedbugs/issue57155.go	compiled				typechecker	PASS	-	-	0.01
PASS	typechecker:go/types/TestFixedbugs/issue57155.go	interpreted				typechecker	PASS	-	-	0.01
PASS	typechecker:go/types/TestFixedbugs/issue57155.go	native				typechecker	PASS	-	-	0
PASS	typechecker:go/types/TestFixedbugs/issue57160.go	compiled				typechecker	PASS	-	-	0.01
PASS	typechecker:go/types/TestFixedbugs/issue57160.go	interpreted				typechecker	PASS	-	-	0.01
PASS	typechecker:go/types/TestFixedbugs/issue57160.go	native				typechecker	PASS	-	-	0
PASS	typechecker:go/types/TestFixedbugs/issue57192.go	compiled				typechecker	PASS	-	-	0.01
PASS	typechecker:go/types/TestFixedbugs/issue57192.go	interpreted				typechecker	PASS	-	-	0.01
PASS	typechecker:go/types/TestFixedbugs/issue57192.go	native				typechecker	PASS	-	-	0
PASS	typechecker:go/types/TestFixedbugs/issue57352.go	compiled				typechecker	PASS	-	-	0.01
PASS	typechecker:go/types/TestFixedbugs/issue57352.go	interpreted				typechecker	PASS	-	-	0.01
PASS	typechecker:go/types/TestFixedbugs/issue57352.go	native				typechecker	PASS	-	-	0
PASS	typechecker:go/types/TestFixedbugs/issue57486.go	compiled				typechecker	PASS	-	-	0.01
PASS	typechecker:go/types/TestFixedbugs/issue57486.go	interpreted				typechecker	PASS	-	-	0.01
PASS	typechecker:go/types/TestFixedbugs/issue57486.go	native				typechecker	PASS	-	-	0
PASS	typechecker:go/types/TestFixedbugs/issue57500.go	compiled				typechecker	PASS	-	-	0.01
PASS	typechecker:go/types/TestFixedbugs/issue57500.go	interpreted				typechecker	PASS	-	-	0.01
PASS	typechecker:go/types/TestFixedbugs/issue57500.go	native				typechecker	PASS	-	-	0
PASS	typechecker:go/types/TestFixedbugs/issue57522.go	compiled				typechecker	PASS	-	-	0.01
PASS	typechecker:go/types/TestFixedbugs/issue57522.go	interpreted				typechecker	PASS	-	-	0.01
PASS	typechecker:go/types/TestFixedbugs/issue57522.go	native				typechecker	PASS	-	-	0
PASS	typechecker:go/types/TestFixedbugs/issue58611.go	compiled				typechecker	PASS	-	-	0.11
PASS	typechecker:go/types/TestFixedbugs/issue58611.go	interpreted				typechecker	PASS	-	-	0.13
PASS	typechecker:go/types/TestFixedbugs/issue58611.go	native				typechecker	PASS	-	-	0.03
PASS	typechecker:go/types/TestFixedbugs/issue58612.go	compiled				typechecker	PASS	-	-	0.01
PASS	typechecker:go/types/TestFixedbugs/issue58612.go	interpreted				typechecker	PASS	-	-	0.01
PASS	typechecker:go/types/TestFixedbugs/issue58612.go	native				typechecker	PASS	-	-	0
PASS	typechecker:go/types/TestFixedbugs/issue58671.go	compiled				typechecker	PASS	-	-	0.01
PASS	typechecker:go/types/TestFixedbugs/issue58671.go	interpreted				typechecker	PASS	-	-	0.01
PASS	typechecker:go/types/TestFixedbugs/issue58671.go	native				typechecker	PASS	-	-	0
PASS	typechecker:go/types/TestFixedbugs/issue58742.go	compiled				typechecker	PASS	-	-	0.01
PASS	typechecker:go/types/TestFixedbugs/issue58742.go	interpreted				typechecker	PASS	-	-	0.01
PASS	typechecker:go/types/TestFixedbugs/issue58742.go	native				typechecker	PASS	-	-	0
PASS	typechecker:go/types/TestFixedbugs/issue59190.go	compiled				typechecker	PASS	-	-	0.01
PASS	typechecker:go/types/TestFixedbugs/issue59190.go	interpreted				typechecker	PASS	-	-	0.01
PASS	typechecker:go/types/TestFixedbugs/issue59190.go	native				typechecker	PASS	-	-	0
PASS	typechecker:go/types/TestFixedbugs/issue59207.go	compiled				typechecker	PASS	-	-	0.01
PASS	typechecker:go/types/TestFixedbugs/issue59207.go	interpreted				typechecker	PASS	-	-	0.01
PASS	typechecker:go/types/TestFixedbugs/issue59207.go	native				typechecker	PASS	-	-	0
PASS	typechecker:go/types/TestFixedbugs/issue59209.go	compiled				typechecker	PASS	-	-	0.01
PASS	typechecker:go/types/TestFixedbugs/issue59209.go	interpreted				typechecker	PASS	-	-	0.01
PASS	typechecker:go/types/TestFixedbugs/issue59209.go	native				typechecker	PASS	-	-	0
PASS	typechecker:go/types/TestFixedbugs/issue59338a.go	compiled				typechecker	PASS	-	-	0.01
PASS	typechecker:go/types/TestFixedbugs/issue59338a.go	interpreted				typechecker	PASS	-	-	0.01
PASS	typechecker:go/types/TestFixedbugs/issue59338a.go	native				typechecker	PASS	-	-	0
PASS	typechecker:go/types/TestFixedbugs/issue59338b.go	compiled				typechecker	PASS	-	-	0.01
PASS	typechecker:go/types/TestFixedbugs/issue59338b.go	interpreted				typechecker	PASS	-	-	0.01
PASS	typechecker:go/types/TestFixedbugs/issue59338b.go	native				typechecker	PASS	-	-	0
PASS	typechecker:go/types/TestFixedbugs/issue59371.go	compiled				typechecker	PASS	-	-	0.01
PASS	typechecker:go/types/TestFixedbugs/issue59371.go	interpreted				typechecker	PASS	-	-	0.01
PASS	typechecker:go/types/TestFixedbugs/issue59371.go	native				typechecker	PASS	-	-	0
PASS	typechecker:go/types/TestFixedbugs/issue59639.go	compiled				typechecker	PASS	-	-	0.01
PASS	typechecker:go/types/TestFixedbugs/issue59639.go	interpreted				typechecker	PASS	-	-	0.01
PASS	typechecker:go/types/TestFixedbugs/issue59639.go	native				typechecker	PASS	-	-	0
PASS	typechecker:go/types/TestFixedbugs/issue59740.go	compiled				typechecker	PASS	-	-	0.01
PASS	typechecker:go/types/TestFixedbugs/issue59740.go	interpreted				typechecker	PASS	-	-	0.01
PASS	typechecker:go/types/TestFixedbugs/issue59740.go	native				typechecker	PASS	-	-	0
PASS	typechecker:go/types/TestFixedbugs/issue59848.go	compiled				typechecker	PASS	-	-	0.01
PASS	typechecker:go/types/TestFixedbugs/issue59848.go	interpreted				typechecker	PASS	-	-	0.01
PASS	typechecker:go/types/TestFixedbugs/issue59848.go	native				typechecker	PASS	-	-	0
PASS	typechecker:go/types/TestFixedbugs/issue59890.go	compiled				typechecker	PASS	-	-	0.01
PASS	typechecker:go/types/TestFixedbugs/issue59890.go	interpreted				typechecker	PASS	-	-	0.01
PASS	typechecker:go/types/TestFixedbugs/issue59890.go	native				typechecker	PASS	-	-	0
PASS	typechecker:go/types/TestFixedbugs/issue59953.go	compiled				typechecker	PASS	-	-	0.01
PASS	typechecker:go/types/TestFixedbugs/issue59953.go	interpreted				typechecker	PASS	-	-	0.01
PASS	typechecker:go/types/TestFixedbugs/issue59953.go	native				typechecker	PASS	-	-	0
PASS	typechecker:go/types/TestFixedbugs/issue59956.go	compiled				typechecker	PASS	-	-	0.01
PASS	typechecker:go/types/TestFixedbugs/issue59956.go	interpreted				typechecker	PASS	-	-	0.01
PASS	typechecker:go/types/TestFixedbugs/issue59956.go	native				typechecker	PASS	-	-	0
PASS	typechecker:go/types/TestFixedbugs/issue59958.go	compiled				typechecker	PASS	-	-	0.01
PASS	typechecker:go/types/TestFixedbugs/issue59958.go	interpreted				typechecker	PASS	-	-	0.01
PASS	typechecker:go/types/TestFixedbugs/issue59958.go	native				typechecker	PASS	-	-	0
PASS	typechecker:go/types/TestFixedbugs/issue60346.go	compiled				typechecker	PASS	-	-	0.01
PASS	typechecker:go/types/TestFixedbugs/issue60346.go	interpreted				typechecker	PASS	-	-	0.01
PASS	typechecker:go/types/TestFixedbugs/issue60346.go	native				typechecker	PASS	-	-	0
PASS	typechecker:go/types/TestFixedbugs/issue60377.go	compiled				typechecker	PASS	-	-	0.01
PASS	typechecker:go/types/TestFixedbugs/issue60377.go	interpreted				typechecker	PASS	-	-	0.01
PASS	typechecker:go/types/TestFixedbugs/issue60377.go	native				typechecker	PASS	-	-	0
PASS	typechecker:go/types/TestFixedbugs/issue60434.go	compiled				typechecker	PASS	-	-	0.01
PASS	typechecker:go/types/TestFixedbugs/issue60434.go	interpreted				typechecker	PASS	-	-	0.01
PASS	typechecker:go/types/TestFixedbugs/issue60434.go	native				typechecker	PASS	-	-	0
PASS	typechecker:go/types/TestFixedbugs/issue60460.go	compiled				typechecker	PASS	-	-	0.01
PASS	typechecker:go/types/TestFixedbugs/issue60460.go	interpreted				typechecker	PASS	-	-	0.01
PASS	typechecker:go/types/TestFixedbugs/issue60460.go	native				typechecker	PASS	-	-	0
PASS	typechecker:go/types/TestFixedbugs/issue60500.go	compiled				typechecker	PASS	-	-	0.01
PASS	typechecker:go/types/TestFixedbugs/issue60500.go	interpreted				typechecker	PASS	-	-	0.01
PASS	typechecker:go/types/TestFixedbugs/issue60500.go	native				typechecker	PASS	-	-	0
PASS	typechecker:go/types/TestFixedbugs/issue60542.go	compiled				typechecker	PASS	-	-	0.01
PASS	typechecker:go/types/TestFixedbugs/issue60542.go	interpreted				typechecker	PASS	-	-	0.01
PASS	typechecker:go/types/TestFixedbugs/issue60542.go	native				typechecker	PASS	-	-	0
PASS	typechecker:go/types/TestFixedbugs/issue60556.go	compiled				typechecker	PASS	-	-	0.01
PASS	typechecker:go/types/TestFixedbugs/issue60556.go	interpreted				typechecker	PASS	-	-	0.01
PASS	typechecker:go/types/TestFixedbugs/issue60556.go	native				typechecker	PASS	-	-	0
PASS	typechecker:go/types/TestFixedbugs/issue60562.go	compiled				typechecker	PASS	-	-	0.01
PASS	typechecker:go/types/TestFixedbugs/issue60562.go	interpreted				typechecker	PASS	-	-	0.01
PASS	typechecker:go/types/TestFixedbugs/issue60562.go	native				typechecker	PASS	-	-	0
PASS	typechecker:go/types/TestFixedbugs/issue60688.go	compiled				typechecker	PASS	-	-	0.01
PASS	typechecker:go/types/TestFixedbugs/issue60688.go	interpreted				typechecker	PASS	-	-	0.01
PASS	typechecker:go/types/TestFixedbugs/issue60688.go	native				typechecker	PASS	-	-	0
PASS	typechecker:go/types/TestFixedbugs/issue60747.go	compiled				typechecker	PASS	-	-	0.01
PASS	typechecker:go/types/TestFixedbugs/issue60747.go	interpreted				typechecker	PASS	-	-	0.01
PASS	typechecker:go/types/TestFixedbugs/issue60747.go	native				typechecker	PASS	-	-	0
PASS	typechecker:go/types/TestFixedbugs/issue60906.go	compiled				typechecker	PASS	-	-	0.01
PASS	typechecker:go/types/TestFixedbugs/issue60906.go	interpreted				typechecker	PASS	-	-	0.01
PASS	typechecker:go/types/TestFixedbugs/issue60906.go	native				typechecker	PASS	-	-	0
PASS	typechecker:go/types/TestFixedbugs/issue60933.go	compiled				typechecker	PASS	-	-	0.12
PASS	typechecker:go/types/TestFixedbugs/issue60933.go	interpreted				typechecker	PASS	-	-	0.14
PASS	typechecker:go/types/TestFixedbugs/issue60933.go	native				typechecker	PASS	-	-	0
PASS	typechecker:go/types/TestFixedbugs/issue60946.go	compiled				typechecker	PASS	-	-	0.01
PASS	typechecker:go/types/TestFixedbugs/issue60946.go	interpreted				typechecker	PASS	-	-	0.01
PASS	typechecker:go/types/TestFixedbugs/issue60946.go	native				typechecker	PASS	-	-	0
PASS	typechecker:go/types/TestFixedbugs/issue61486.go	compiled				typechecker	PASS	-	-	0.01
PASS	typechecker:go/types/TestFixedbugs/issue61486.go	interpreted				typechecker	PASS	-	-	0.01
PASS	typechecker:go/types/TestFixedbugs/issue61486.go	native				typechecker	PASS	-	-	0
PASS	typechecker:go/types/TestFixedbugs/issue61685.go	compiled				typechecker	PASS	-	-	0.01
PASS	typechecker:go/types/TestFixedbugs/issue61685.go	interpreted				typechecker	PASS	-	-	0.01
PASS	typechecker:go/types/TestFixedbugs/issue61685.go	native				typechecker	PASS	-	-	0
PASS	typechecker:go/types/TestFixedbugs/issue61822.go	compiled				typechecker	PASS	-	-	0.01
PASS	typechecker:go/types/TestFixedbugs/issue61822.go	interpreted				typechecker	PASS	-	-	0.01
PASS	typechecker:go/types/TestFixedbugs/issue61822.go	native				typechecker	PASS	-	-	0
PASS	typechecker:go/types/TestFixedbugs/issue61879.go	compiled				typechecker	PASS	-	-	0.07
PASS	typechecker:go/types/TestFixedbugs/issue61879.go	interpreted				typechecker	PASS	-	-	0.08
PASS	typechecker:go/types/TestFixedbugs/issue61879.go	native				typechecker	PASS	-	-	0
PASS	typechecker:go/types/TestFixedbugs/issue61903.go	compiled				typechecker	PASS	-	-	0.01
PASS	typechecker:go/types/TestFixedbugs/issue61903.go	interpreted				typechecker	PASS	-	-	0.01
PASS	typechecker:go/types/TestFixedbugs/issue61903.go	native				typechecker	PASS	-	-	0
PASS	typechecker:go/types/TestFixedbugs/issue62157.go	compiled				typechecker	PASS	-	-	0.01
PASS	typechecker:go/types/TestFixedbugs/issue62157.go	interpreted				typechecker	PASS	-	-	0.01
PASS	typechecker:go/types/TestFixedbugs/issue62157.go	native				typechecker	PASS	-	-	0
PASS	typechecker:go/types/TestFixedbugs/issue63563.go	compiled				typechecker	PASS	-	-	0.01
PASS	typechecker:go/types/TestFixedbugs/issue63563.go	interpreted				typechecker	PASS	-	-	0.01
PASS	typechecker:go/types/TestFixedbugs/issue63563.go	native				typechecker	PASS	-	-	0
PASS	typechecker:go/types/TestFixedbugs/issue64406.go	compiled				typechecker	PASS	-	-	0.01
PASS	typechecker:go/types/TestFixedbugs/issue64406.go	interpreted				typechecker	PASS	-	-	0.01
PASS	typechecker:go/types/TestFixedbugs/issue64406.go	native				typechecker	PASS	-	-	0
PASS	typechecker:go/types/TestFixedbugs/issue64704.go	compiled				typechecker	PASS	-	-	0.01
PASS	typechecker:go/types/TestFixedbugs/issue64704.go	interpreted				typechecker	PASS	-	-	0.01
PASS	typechecker:go/types/TestFixedbugs/issue64704.go	native				typechecker	PASS	-	-	0
PASS	typechecker:go/types/TestFixedbugs/issue65344.go	compiled				typechecker	PASS	-	-	0.01
PASS	typechecker:go/types/TestFixedbugs/issue65344.go	interpreted				typechecker	PASS	-	-	0.01
PASS	typechecker:go/types/TestFixedbugs/issue65344.go	native				typechecker	PASS	-	-	0
PASS	typechecker:go/types/TestFixedbugs/issue65711.go	compiled				typechecker	PASS	-	-	0.01
PASS	typechecker:go/types/TestFixedbugs/issue65711.go	interpreted				typechecker	PASS	-	-	0.01
PASS	typechecker:go/types/TestFixedbugs/issue65711.go	native				typechecker	PASS	-	-	0
PASS	typechecker:go/types/TestFixedbugs/issue65854.go	compiled				typechecker	PASS	-	-	0.01
PASS	typechecker:go/types/TestFixedbugs/issue65854.go	interpreted				typechecker	PASS	-	-	0.01
PASS	typechecker:go/types/TestFixedbugs/issue65854.go	native				typechecker	PASS	-	-	0
PASS	typechecker:go/types/TestFixedbugs/issue66064.go	compiled				typechecker	PASS	-	-	0.06
PASS	typechecker:go/types/TestFixedbugs/issue66064.go	interpreted				typechecker	PASS	-	-	0.07
PASS	typechecker:go/types/TestFixedbugs/issue66064.go	native				typechecker	PASS	-	-	0.03
PASS	typechecker:go/types/TestFixedbugs/issue66285.go	compiled				typechecker	PASS	-	-	0.06
PASS	typechecker:go/types/TestFixedbugs/issue66285.go	interpreted				typechecker	PASS	-	-	0.07
PASS	typechecker:go/types/TestFixedbugs/issue66285.go	native				typechecker	PASS	-	-	0
PASS	typechecker:go/types/TestFixedbugs/issue66323.go	compiled				typechecker	PASS	-	-	0.06
PASS	typechecker:go/types/TestFixedbugs/issue66323.go	interpreted				typechecker	PASS	-	-	0.07
PASS	typechecker:go/types/TestFixedbugs/issue66323.go	native				typechecker	PASS	-	-	0
PASS	typechecker:go/types/TestFixedbugs/issue66751.go	compiled				typechecker	PASS	-	-	0.01
PASS	typechecker:go/types/TestFixedbugs/issue66751.go	interpreted				typechecker	PASS	-	-	0.01
PASS	typechecker:go/types/TestFixedbugs/issue66751.go	native				typechecker	PASS	-	-	0
PASS	typechecker:go/types/TestFixedbugs/issue66878.go	compiled				typechecker	PASS	-	-	0.01
PASS	typechecker:go/types/TestFixedbugs/issue66878.go	interpreted				typechecker	PASS	-	-	0.01
PASS	typechecker:go/types/TestFixedbugs/issue66878.go	native				typechecker	PASS	-	-	0
PASS	typechecker:go/types/TestFixedbugs/issue67547.go	compiled				typechecker	PASS	-	-	0.01
PASS	typechecker:go/types/TestFixedbugs/issue67547.go	interpreted				typechecker	PASS	-	-	0.01
PASS	typechecker:go/types/TestFixedbugs/issue67547.go	native				typechecker	PASS	-	-	0
PASS	typechecker:go/types/TestFixedbugs/issue67628.go	compiled				typechecker	PASS	-	-	0.01
PASS	typechecker:go/types/TestFixedbugs/issue67628.go	interpreted				typechecker	PASS	-	-	0.01
PASS	typechecker:go/types/TestFixedbugs/issue67628.go	native				typechecker	PASS	-	-	0
PASS	typechecker:go/types/TestFixedbugs/issue67683.go	compiled				typechecker	PASS	-	-	0.01
PASS	typechecker:go/types/TestFixedbugs/issue67683.go	interpreted				typechecker	PASS	-	-	0.01
PASS	typechecker:go/types/TestFixedbugs/issue67683.go	native				typechecker	PASS	-	-	0
PASS	typechecker:go/types/TestFixedbugs/issue67872.go	compiled				typechecker	PASS	-	-	0.01
PASS	typechecker:go/types/TestFixedbugs/issue67872.go	interpreted				typechecker	PASS	-	-	0.01
PASS	typechecker:go/types/TestFixedbugs/issue67872.go	native				typechecker	PASS	-	-	0
PASS	typechecker:go/types/TestFixedbugs/issue67962.go	compiled				typechecker	PASS	-	-	0.07
PASS	typechecker:go/types/TestFixedbugs/issue67962.go	interpreted				typechecker	PASS	-	-	0.09
PASS	typechecker:go/types/TestFixedbugs/issue67962.go	native				typechecker	PASS	-	-	0
PASS	typechecker:go/types/TestFixedbugs/issue6814.go	compiled				typechecker	PASS	-	-	0.01
PASS	typechecker:go/types/TestFixedbugs/issue6814.go	interpreted				typechecker	PASS	-	-	0.01
PASS	typechecker:go/types/TestFixedbugs/issue6814.go	native				typechecker	PASS	-	-	0
PASS	typechecker:go/types/TestFixedbugs/issue68162.go	compiled				typechecker	PASS	-	-	0.01
PASS	typechecker:go/types/TestFixedbugs/issue68162.go	interpreted				typechecker	PASS	-	-	0.01
PASS	typechecker:go/types/TestFixedbugs/issue68162.go	native				typechecker	PASS	-	-	0
PASS	typechecker:go/types/TestFixedbugs/issue68184.go	compiled				typechecker	PASS	-	-	0.01
PASS	typechecker:go/types/TestFixedbugs/issue68184.go	interpreted				typechecker	PASS	-	-	0.01
PASS	typechecker:go/types/TestFixedbugs/issue68184.go	native				typechecker	PASS	-	-	0
PASS	typechecker:go/types/TestFixedbugs/issue68903.go	compiled				typechecker	PASS	-	-	0.01
PASS	typechecker:go/types/TestFixedbugs/issue68903.go	interpreted				typechecker	PASS	-	-	0.01
PASS	typechecker:go/types/TestFixedbugs/issue68903.go	native				typechecker	PASS	-	-	0
PASS	typechecker:go/types/TestFixedbugs/issue68935.go	compiled				typechecker	PASS	-	-	0.01
PASS	typechecker:go/types/TestFixedbugs/issue68935.go	interpreted				typechecker	PASS	-	-	0.01
PASS	typechecker:go/types/TestFixedbugs/issue68935.go	native				typechecker	PASS	-	-	0
PASS	typechecker:go/types/TestFixedbugs/issue69576.go	compiled				typechecker	PASS	-	-	0.01
PASS	typechecker:go/types/TestFixedbugs/issue69576.go	interpreted				typechecker	PASS	-	-	0.01
PASS	typechecker:go/types/TestFixedbugs/issue69576.go	native				typechecker	PASS	-	-	0
PASS	typechecker:go/types/TestFixedbugs/issue6977.go	compiled				typechecker	PASS	-	-	0.06
PASS	typechecker:go/types/TestFixedbugs/issue6977.go	interpreted				typechecker	PASS	-	-	0.07
PASS	typechecker:go/types/TestFixedbugs/issue6977.go	native				typechecker	PASS	-	-	0
PASS	typechecker:go/types/TestFixedbugs/issue69955.go	compiled				typechecker	PASS	-	-	0.07
PASS	typechecker:go/types/TestFixedbugs/issue69955.go	interpreted				typechecker	PASS	-	-	0.09
PASS	typechecker:go/types/TestFixedbugs/issue69955.go	native				typechecker	PASS	-	-	0
PASS	typechecker:go/types/TestFixedbugs/issue70150.go	compiled				typechecker	PASS	-	-	0.01
PASS	typechecker:go/types/TestFixedbugs/issue70150.go	interpreted				typechecker	PASS	-	-	0.01
PASS	typechecker:go/types/TestFixedbugs/issue70150.go	native				typechecker	PASS	-	-	0
PASS	typechecker:go/types/TestFixedbugs/issue70417.go	compiled				typechecker	PASS	-	-	0.01
PASS	typechecker:go/types/TestFixedbugs/issue70417.go	interpreted				typechecker	PASS	-	-	0.01
PASS	typechecker:go/types/TestFixedbugs/issue70417.go	native				typechecker	PASS	-	-	0
PASS	typechecker:go/types/TestFixedbugs/issue70526.go	compiled				typechecker	PASS	-	-	0.01
PASS	typechecker:go/types/TestFixedbugs/issue70526.go	interpreted				typechecker	PASS	-	-	0.01
PASS	typechecker:go/types/TestFixedbugs/issue70526.go	native				typechecker	PASS	-	-	0
PASS	typechecker:go/types/TestFixedbugs/issue70549.go	compiled				typechecker	PASS	-	-	0.03
PASS	typechecker:go/types/TestFixedbugs/issue70549.go	interpreted				typechecker	PASS	-	-	0.03
PASS	typechecker:go/types/TestFixedbugs/issue70549.go	native				typechecker	PASS	-	-	0
PASS	typechecker:go/types/TestFixedbugs/issue71131.go	compiled				typechecker	PASS	-	-	0.01
PASS	typechecker:go/types/TestFixedbugs/issue71131.go	interpreted				typechecker	PASS	-	-	0.01
PASS	typechecker:go/types/TestFixedbugs/issue71131.go	native				typechecker	PASS	-	-	0
PASS	typechecker:go/types/TestFixedbugs/issue71198.go	compiled				typechecker	PASS	-	-	0.01
PASS	typechecker:go/types/TestFixedbugs/issue71198.go	interpreted				typechecker	PASS	-	-	0.01
PASS	typechecker:go/types/TestFixedbugs/issue71198.go	native				typechecker	PASS	-	-	0
PASS	typechecker:go/types/TestFixedbugs/issue71284.go	compiled				typechecker	PASS	-	-	0.01
PASS	typechecker:go/types/TestFixedbugs/issue71284.go	interpreted				typechecker	PASS	-	-	0.01
PASS	typechecker:go/types/TestFixedbugs/issue71284.go	native				typechecker	PASS	-	-	0
PASS	typechecker:go/types/TestFixedbugs/issue72936.go	compiled				typechecker	PASS	-	-	0.01
PASS	typechecker:go/types/TestFixedbugs/issue72936.go	interpreted				typechecker	PASS	-	-	0.01
PASS	typechecker:go/types/TestFixedbugs/issue72936.go	native				typechecker	PASS	-	-	0
PASS	typechecker:go/types/TestFixedbugs/issue73428.go	compiled				typechecker	PASS	-	-	0.01
PASS	typechecker:go/types/TestFixedbugs/issue73428.go	interpreted				typechecker	PASS	-	-	0.01
PASS	typechecker:go/types/TestFixedbugs/issue73428.go	native				typechecker	PASS	-	-	0
PASS	typechecker:go/types/TestFixedbugs/issue75194.go	compiled				typechecker	PASS	-	-	0.01
PASS	typechecker:go/types/TestFixedbugs/issue75194.go	interpreted				typechecker	PASS	-	-	0.01
PASS	typechecker:go/types/TestFixedbugs/issue75194.go	native				typechecker	PASS	-	-	0
PASS	typechecker:go/types/TestFixedbugs/issue75883.go	compiled				typechecker	PASS	-	-	0.01
PASS	typechecker:go/types/TestFixedbugs/issue75883.go	interpreted				typechecker	PASS	-	-	0.01
PASS	typechecker:go/types/TestFixedbugs/issue75883.go	native				typechecker	PASS	-	-	0
PASS	typechecker:go/types/TestFixedbugs/issue75885.go	compiled				typechecker	PASS	-	-	0.01
PASS	typechecker:go/types/TestFixedbugs/issue75885.go	interpreted				typechecker	PASS	-	-	0.01
PASS	typechecker:go/types/TestFixedbugs/issue75885.go	native				typechecker	PASS	-	-	0
PASS	typechecker:go/types/TestFixedbugs/issue75918.go	compiled				typechecker	PASS	-	-	0.01
PASS	typechecker:go/types/TestFixedbugs/issue75918.go	interpreted				typechecker	PASS	-	-	0.01
PASS	typechecker:go/types/TestFixedbugs/issue75918.go	native				typechecker	PASS	-	-	0
PASS	typechecker:go/types/TestFixedbugs/issue75986.go	compiled				typechecker	PASS	-	-	0.06
PASS	typechecker:go/types/TestFixedbugs/issue75986.go	interpreted				typechecker	PASS	-	-	0.07
PASS	typechecker:go/types/TestFixedbugs/issue75986.go	native				typechecker	PASS	-	-	0
PASS	typechecker:go/types/TestFixedbugs/issue76103.go	compiled				typechecker	PASS	-	-	0.01
PASS	typechecker:go/types/TestFixedbugs/issue76103.go	interpreted				typechecker	PASS	-	-	0.01
PASS	typechecker:go/types/TestFixedbugs/issue76103.go	native				typechecker	PASS	-	-	0
PASS	typechecker:go/types/TestFixedbugs/issue76220.go	compiled				typechecker	PASS	-	-	0.01
PASS	typechecker:go/types/TestFixedbugs/issue76220.go	interpreted				typechecker	PASS	-	-	0.01
PASS	typechecker:go/types/TestFixedbugs/issue76220.go	native				typechecker	PASS	-	-	0
PASS	typechecker:go/types/TestFixedbugs/issue76366.go	compiled				typechecker	PASS	-	-	0.01
PASS	typechecker:go/types/TestFixedbugs/issue76366.go	interpreted				typechecker	PASS	-	-	0.01
PASS	typechecker:go/types/TestFixedbugs/issue76366.go	native				typechecker	PASS	-	-	0
PASS	typechecker:go/types/TestFixedbugs/issue76383.go	compiled				typechecker	PASS	-	-	0.01
PASS	typechecker:go/types/TestFixedbugs/issue76383.go	interpreted				typechecker	PASS	-	-	0.01
PASS	typechecker:go/types/TestFixedbugs/issue76383.go	native				typechecker	PASS	-	-	0
PASS	typechecker:go/types/TestFixedbugs/issue76384.go	compiled				typechecker	PASS	-	-	0.01
PASS	typechecker:go/types/TestFixedbugs/issue76384.go	interpreted				typechecker	PASS	-	-	0.01
PASS	typechecker:go/types/TestFixedbugs/issue76384.go	native				typechecker	PASS	-	-	0
PASS	typechecker:go/types/TestFixedbugs/issue76478.go	compiled				typechecker	PASS	-	-	0.01
PASS	typechecker:go/types/TestFixedbugs/issue76478.go	interpreted				typechecker	PASS	-	-	0.01
PASS	typechecker:go/types/TestFixedbugs/issue76478.go	native				typechecker	PASS	-	-	0
PASS	typechecker:go/types/TestFixedbugs/issue77245.go	compiled				typechecker	PASS	-	-	0.01
PASS	typechecker:go/types/TestFixedbugs/issue77245.go	interpreted				typechecker	PASS	-	-	0.01
PASS	typechecker:go/types/TestFixedbugs/issue77245.go	native				typechecker	PASS	-	-	0
PASS	typechecker:go/types/TestFixedbugs/issue77382.go	compiled				typechecker	PASS	-	-	0.01
PASS	typechecker:go/types/TestFixedbugs/issue77382.go	interpreted				typechecker	PASS	-	-	0.01
PASS	typechecker:go/types/TestFixedbugs/issue77382.go	native				typechecker	PASS	-	-	0
PASS	typechecker:go/types/TestFixedbugs/issue77905.go	compiled				typechecker	PASS	-	-	0.01
PASS	typechecker:go/types/TestFixedbugs/issue77905.go	interpreted				typechecker	PASS	-	-	0.01
PASS	typechecker:go/types/TestFixedbugs/issue77905.go	native				typechecker	PASS	-	-	0
PASS	typechecker:go/types/TestFixedbugs/issue78163.go	compiled				typechecker	PASS	-	-	0.01
PASS	typechecker:go/types/TestFixedbugs/issue78163.go	interpreted				typechecker	PASS	-	-	0.01
PASS	typechecker:go/types/TestFixedbugs/issue78163.go	native				typechecker	PASS	-	-	0
SKIP	typechecker:go/types/TestFixedbugs/issue78346.go	compiled			check_test.go:485: all files skipped by build tags	typechecker	SKIP	-	-	0
SKIP	typechecker:go/types/TestFixedbugs/issue78346.go	interpreted			check_test.go:485: all files skipped by build tags	typechecker	SKIP	-	-	0
SKIP	typechecker:go/types/TestFixedbugs/issue78346.go	native			check_test.go:485: all files skipped by build tags	typechecker	SKIP	-	-	0
PASS	typechecker:go/types/TestFixedbugs/issue78483.go	compiled				typechecker	PASS	-	-	0.01
PASS	typechecker:go/types/TestFixedbugs/issue78483.go	interpreted				typechecker	PASS	-	-	0.01
PASS	typechecker:go/types/TestFixedbugs/issue78483.go	native				typechecker	PASS	-	-	0
PASS	typechecker:go/types/TestFixedbugs/issue78884.go	compiled				typechecker	PASS	-	-	0.01
PASS	typechecker:go/types/TestFixedbugs/issue78884.go	interpreted				typechecker	PASS	-	-	0.01
PASS	typechecker:go/types/TestFixedbugs/issue78884.go	native				typechecker	PASS	-	-	0
PASS	typechecker:go/types/TestFixedbugs/issue79265.go	compiled				typechecker	PASS	-	-	0.01
PASS	typechecker:go/types/TestFixedbugs/issue79265.go	interpreted				typechecker	PASS	-	-	0.01
PASS	typechecker:go/types/TestFixedbugs/issue79265.go	native				typechecker	PASS	-	-	0
PASS	typechecker:go/types/TestFixedbugs/issue79687.go	compiled				typechecker	PASS	-	-	0.01
PASS	typechecker:go/types/TestFixedbugs/issue79687.go	interpreted				typechecker	PASS	-	-	0.01
PASS	typechecker:go/types/TestFixedbugs/issue79687.go	native				typechecker	PASS	-	-	0
PASS	typechecker:go/types/TestFixedbugs/issue79832.go	compiled				typechecker	PASS	-	-	0.01
PASS	typechecker:go/types/TestFixedbugs/issue79832.go	interpreted				typechecker	PASS	-	-	0.01
PASS	typechecker:go/types/TestFixedbugs/issue79832.go	native				typechecker	PASS	-	-	0
PASS	typechecker:go/types/TestFixedbugs/issue79883.go	compiled				typechecker	PASS	-	-	0.01
PASS	typechecker:go/types/TestFixedbugs/issue79883.go	interpreted				typechecker	PASS	-	-	0.01
PASS	typechecker:go/types/TestFixedbugs/issue79883.go	native				typechecker	PASS	-	-	0
PASS	typechecker:go/types/TestFixedbugs/issue80042.go	compiled				typechecker	PASS	-	-	0.01
PASS	typechecker:go/types/TestFixedbugs/issue80042.go	interpreted				typechecker	PASS	-	-	0.01
PASS	typechecker:go/types/TestFixedbugs/issue80042.go	native				typechecker	PASS	-	-	0
PASS	typechecker:go/types/TestFixedbugs/issue80172.go	compiled				typechecker	PASS	-	-	0.01
PASS	typechecker:go/types/TestFixedbugs/issue80172.go	interpreted				typechecker	PASS	-	-	0.01
PASS	typechecker:go/types/TestFixedbugs/issue80172.go	native				typechecker	PASS	-	-	0
NATIVE-ONLY	typechecker:go/types/TestGCSizes/issue60431	compiled			declared native-only, no credit	typechecker	NATIVE-ONLY	-	-	0
NATIVE-ONLY	typechecker:go/types/TestGCSizes/issue60431	interpreted			declared native-only, no credit	typechecker	NATIVE-ONLY	-	-	0
NATIVE-ONLY	typechecker:go/types/TestGCSizes/issue60431	native			declared native-only, no credit	typechecker	NATIVE-ONLY	-	-	0
NATIVE-ONLY	typechecker:go/types/TestGCSizes/issue60734	compiled			declared native-only, no credit	typechecker	NATIVE-ONLY	-	-	0
NATIVE-ONLY	typechecker:go/types/TestGCSizes/issue60734	interpreted			declared native-only, no credit	typechecker	NATIVE-ONLY	-	-	0
NATIVE-ONLY	typechecker:go/types/TestGCSizes/issue60734	native			declared native-only, no credit	typechecker	NATIVE-ONLY	-	-	0
NATIVE-ONLY	typechecker:go/types/TestHasher/Hasher	compiled			declared native-only, no credit	typechecker	NATIVE-ONLY	-	-	0
NATIVE-ONLY	typechecker:go/types/TestHasher/Hasher	interpreted			declared native-only, no credit	typechecker	NATIVE-ONLY	-	-	0
NATIVE-ONLY	typechecker:go/types/TestHasher/Hasher	native			declared native-only, no credit	typechecker	NATIVE-ONLY	-	-	0
NATIVE-ONLY	typechecker:go/types/TestHasher/HasherIgnoreTags	compiled			declared native-only, no credit	typechecker	NATIVE-ONLY	-	-	0
NATIVE-ONLY	typechecker:go/types/TestHasher/HasherIgnoreTags	interpreted			declared native-only, no credit	typechecker	NATIVE-ONLY	-	-	0
NATIVE-ONLY	typechecker:go/types/TestHasher/HasherIgnoreTags	native			declared native-only, no credit	typechecker	NATIVE-ONLY	-	-	0
NATIVE-ONLY	typechecker:go/types/TestInstanceInfo/duplfunc0	compiled			declared native-only, no credit	typechecker	NATIVE-ONLY	-	-	0
NATIVE-ONLY	typechecker:go/types/TestInstanceInfo/duplfunc0	interpreted			declared native-only, no credit	typechecker	NATIVE-ONLY	-	-	0
NATIVE-ONLY	typechecker:go/types/TestInstanceInfo/duplfunc0	native			declared native-only, no credit	typechecker	NATIVE-ONLY	-	-	0
NATIVE-ONLY	typechecker:go/types/TestInstanceInfo/duplfunc1	compiled			declared native-only, no credit	typechecker	NATIVE-ONLY	-	-	0
NATIVE-ONLY	typechecker:go/types/TestInstanceInfo/duplfunc1	interpreted			declared native-only, no credit	typechecker	NATIVE-ONLY	-	-	0
NATIVE-ONLY	typechecker:go/types/TestInstanceInfo/duplfunc1	native			declared native-only, no credit	typechecker	NATIVE-ONLY	-	-	0
NATIVE-ONLY	typechecker:go/types/TestInstanceInfo/dupltype0	compiled			declared native-only, no credit	typechecker	NATIVE-ONLY	-	-	0
NATIVE-ONLY	typechecker:go/types/TestInstanceInfo/dupltype0	interpreted			declared native-only, no credit	typechecker	NATIVE-ONLY	-	-	0
NATIVE-ONLY	typechecker:go/types/TestInstanceInfo/dupltype0	native			declared native-only, no credit	typechecker	NATIVE-ONLY	-	-	0
NATIVE-ONLY	typechecker:go/types/TestInstanceInfo/dupltype1	compiled			declared native-only, no credit	typechecker	NATIVE-ONLY	-	-	0
NATIVE-ONLY	typechecker:go/types/TestInstanceInfo/dupltype1	interpreted			declared native-only, no credit	typechecker	NATIVE-ONLY	-	-	0
NATIVE-ONLY	typechecker:go/types/TestInstanceInfo/dupltype1	native			declared native-only, no credit	typechecker	NATIVE-ONLY	-	-	0
NATIVE-ONLY	typechecker:go/types/TestInstanceInfo/dupltype1#01	compiled			declared native-only, no credit	typechecker	NATIVE-ONLY	-	-	0
NATIVE-ONLY	typechecker:go/types/TestInstanceInfo/dupltype1#01	interpreted			declared native-only, no credit	typechecker	NATIVE-ONLY	-	-	0
NATIVE-ONLY	typechecker:go/types/TestInstanceInfo/dupltype1#01	native			declared native-only, no credit	typechecker	NATIVE-ONLY	-	-	0
NATIVE-ONLY	typechecker:go/types/TestInstanceInfo/i0	compiled			declared native-only, no credit	typechecker	NATIVE-ONLY	-	-	0
NATIVE-ONLY	typechecker:go/types/TestInstanceInfo/i0	interpreted			declared native-only, no credit	typechecker	NATIVE-ONLY	-	-	0
NATIVE-ONLY	typechecker:go/types/TestInstanceInfo/i0	native			declared native-only, no credit	typechecker	NATIVE-ONLY	-	-	0
NATIVE-ONLY	typechecker:go/types/TestInstanceInfo/issue51803	compiled			declared native-only, no credit	typechecker	NATIVE-ONLY	-	-	0
NATIVE-ONLY	typechecker:go/types/TestInstanceInfo/issue51803	interpreted			declared native-only, no credit	typechecker	NATIVE-ONLY	-	-	0
NATIVE-ONLY	typechecker:go/types/TestInstanceInfo/issue51803	native			declared native-only, no credit	typechecker	NATIVE-ONLY	-	-	0
NATIVE-ONLY	typechecker:go/types/TestInstanceInfo/issue59956	compiled			declared native-only, no credit	typechecker	NATIVE-ONLY	-	-	0
NATIVE-ONLY	typechecker:go/types/TestInstanceInfo/issue59956	interpreted			declared native-only, no credit	typechecker	NATIVE-ONLY	-	-	0
NATIVE-ONLY	typechecker:go/types/TestInstanceInfo/issue59956	native			declared native-only, no credit	typechecker	NATIVE-ONLY	-	-	0
NATIVE-ONLY	typechecker:go/types/TestInstanceInfo/p0	compiled			declared native-only, no credit	typechecker	NATIVE-ONLY	-	-	0
NATIVE-ONLY	typechecker:go/types/TestInstanceInfo/p0	interpreted			declared native-only, no credit	typechecker	NATIVE-ONLY	-	-	0
NATIVE-ONLY	typechecker:go/types/TestInstanceInfo/p0	native			declared native-only, no credit	typechecker	NATIVE-ONLY	-	-	0
NATIVE-ONLY	typechecker:go/types/TestInstanceInfo/p1	compiled			declared native-only, no credit	typechecker	NATIVE-ONLY	-	-	0
NATIVE-ONLY	typechecker:go/types/TestInstanceInfo/p1	interpreted			declared native-only, no credit	typechecker	NATIVE-ONLY	-	-	0
NATIVE-ONLY	typechecker:go/types/TestInstanceInfo/p1	native			declared native-only, no credit	typechecker	NATIVE-ONLY	-	-	0
NATIVE-ONLY	typechecker:go/types/TestInstanceInfo/p2	compiled			declared native-only, no credit	typechecker	NATIVE-ONLY	-	-	0
NATIVE-ONLY	typechecker:go/types/TestInstanceInfo/p2	interpreted			declared native-only, no credit	typechecker	NATIVE-ONLY	-	-	0
NATIVE-ONLY	typechecker:go/types/TestInstanceInfo/p2	native			declared native-only, no credit	typechecker	NATIVE-ONLY	-	-	0
NATIVE-ONLY	typechecker:go/types/TestInstanceInfo/p3	compiled			declared native-only, no credit	typechecker	NATIVE-ONLY	-	-	0
NATIVE-ONLY	typechecker:go/types/TestInstanceInfo/p3	interpreted			declared native-only, no credit	typechecker	NATIVE-ONLY	-	-	0
NATIVE-ONLY	typechecker:go/types/TestInstanceInfo/p3	native			declared native-only, no credit	typechecker	NATIVE-ONLY	-	-	0
NATIVE-ONLY	typechecker:go/types/TestInstanceInfo/p4	compiled			declared native-only, no credit	typechecker	NATIVE-ONLY	-	-	0
NATIVE-ONLY	typechecker:go/types/TestInstanceInfo/p4	interpreted			declared native-only, no credit	typechecker	NATIVE-ONLY	-	-	0
NATIVE-ONLY	typechecker:go/types/TestInstanceInfo/p4	native			declared native-only, no credit	typechecker	NATIVE-ONLY	-	-	0
NATIVE-ONLY	typechecker:go/types/TestInstanceInfo/reverse1a	compiled			declared native-only, no credit	typechecker	NATIVE-ONLY	-	-	0
NATIVE-ONLY	typechecker:go/types/TestInstanceInfo/reverse1a	interpreted			declared native-only, no credit	typechecker	NATIVE-ONLY	-	-	0
NATIVE-ONLY	typechecker:go/types/TestInstanceInfo/reverse1a	native			declared native-only, no credit	typechecker	NATIVE-ONLY	-	-	0
NATIVE-ONLY	typechecker:go/types/TestInstanceInfo/reverse1b	compiled			declared native-only, no credit	typechecker	NATIVE-ONLY	-	-	0
NATIVE-ONLY	typechecker:go/types/TestInstanceInfo/reverse1b	interpreted			declared native-only, no credit	typechecker	NATIVE-ONLY	-	-	0
NATIVE-ONLY	typechecker:go/types/TestInstanceInfo/reverse1b	native			declared native-only, no credit	typechecker	NATIVE-ONLY	-	-	0
NATIVE-ONLY	typechecker:go/types/TestInstanceInfo/reverse2a	compiled			declared native-only, no credit	typechecker	NATIVE-ONLY	-	-	0
NATIVE-ONLY	typechecker:go/types/TestInstanceInfo/reverse2a	interpreted			declared native-only, no credit	typechecker	NATIVE-ONLY	-	-	0
NATIVE-ONLY	typechecker:go/types/TestInstanceInfo/reverse2a	native			declared native-only, no credit	typechecker	NATIVE-ONLY	-	-	0
NATIVE-ONLY	typechecker:go/types/TestInstanceInfo/reverse2b	compiled			declared native-only, no credit	typechecker	NATIVE-ONLY	-	-	0
NATIVE-ONLY	typechecker:go/types/TestInstanceInfo/reverse2b	interpreted			declared native-only, no credit	typechecker	NATIVE-ONLY	-	-	0
NATIVE-ONLY	typechecker:go/types/TestInstanceInfo/reverse2b	native			declared native-only, no credit	typechecker	NATIVE-ONLY	-	-	0
NATIVE-ONLY	typechecker:go/types/TestInstanceInfo/reverse2c	compiled			declared native-only, no credit	typechecker	NATIVE-ONLY	-	-	0
NATIVE-ONLY	typechecker:go/types/TestInstanceInfo/reverse2c	interpreted			declared native-only, no credit	typechecker	NATIVE-ONLY	-	-	0
NATIVE-ONLY	typechecker:go/types/TestInstanceInfo/reverse2c	native			declared native-only, no credit	typechecker	NATIVE-ONLY	-	-	0
NATIVE-ONLY	typechecker:go/types/TestInstanceInfo/reverse3b	compiled			declared native-only, no credit	typechecker	NATIVE-ONLY	-	-	0
NATIVE-ONLY	typechecker:go/types/TestInstanceInfo/reverse3b	interpreted			declared native-only, no credit	typechecker	NATIVE-ONLY	-	-	0
NATIVE-ONLY	typechecker:go/types/TestInstanceInfo/reverse3b	native			declared native-only, no credit	typechecker	NATIVE-ONLY	-	-	0
NATIVE-ONLY	typechecker:go/types/TestInstanceInfo/reverse4a	compiled			declared native-only, no credit	typechecker	NATIVE-ONLY	-	-	0
NATIVE-ONLY	typechecker:go/types/TestInstanceInfo/reverse4a	interpreted			declared native-only, no credit	typechecker	NATIVE-ONLY	-	-	0
NATIVE-ONLY	typechecker:go/types/TestInstanceInfo/reverse4a	native			declared native-only, no credit	typechecker	NATIVE-ONLY	-	-	0
NATIVE-ONLY	typechecker:go/types/TestInstanceInfo/reverse4b	compiled			declared native-only, no credit	typechecker	NATIVE-ONLY	-	-	0
NATIVE-ONLY	typechecker:go/types/TestInstanceInfo/reverse4b	interpreted			declared native-only, no credit	typechecker	NATIVE-ONLY	-	-	0
NATIVE-ONLY	typechecker:go/types/TestInstanceInfo/reverse4b	native			declared native-only, no credit	typechecker	NATIVE-ONLY	-	-	0
NATIVE-ONLY	typechecker:go/types/TestInstanceInfo/s1	compiled			declared native-only, no credit	typechecker	NATIVE-ONLY	-	-	0
NATIVE-ONLY	typechecker:go/types/TestInstanceInfo/s1	interpreted			declared native-only, no credit	typechecker	NATIVE-ONLY	-	-	0
NATIVE-ONLY	typechecker:go/types/TestInstanceInfo/s1	native			declared native-only, no credit	typechecker	NATIVE-ONLY	-	-	0
NATIVE-ONLY	typechecker:go/types/TestInstanceInfo/s2	compiled			declared native-only, no credit	typechecker	NATIVE-ONLY	-	-	0
NATIVE-ONLY	typechecker:go/types/TestInstanceInfo/s2	interpreted			declared native-only, no credit	typechecker	NATIVE-ONLY	-	-	0
NATIVE-ONLY	typechecker:go/types/TestInstanceInfo/s2	native			declared native-only, no credit	typechecker	NATIVE-ONLY	-	-	0
NATIVE-ONLY	typechecker:go/types/TestInstanceInfo/s3	compiled			declared native-only, no credit	typechecker	NATIVE-ONLY	-	-	0
NATIVE-ONLY	typechecker:go/types/TestInstanceInfo/s3	interpreted			declared native-only, no credit	typechecker	NATIVE-ONLY	-	-	0
NATIVE-ONLY	typechecker:go/types/TestInstanceInfo/s3	native			declared native-only, no credit	typechecker	NATIVE-ONLY	-	-	0
NATIVE-ONLY	typechecker:go/types/TestInstanceInfo/s4	compiled			declared native-only, no credit	typechecker	NATIVE-ONLY	-	-	0
NATIVE-ONLY	typechecker:go/types/TestInstanceInfo/s4	interpreted			declared native-only, no credit	typechecker	NATIVE-ONLY	-	-	0
NATIVE-ONLY	typechecker:go/types/TestInstanceInfo/s4	native			declared native-only, no credit	typechecker	NATIVE-ONLY	-	-	0
NATIVE-ONLY	typechecker:go/types/TestInstanceInfo/t1	compiled			declared native-only, no credit	typechecker	NATIVE-ONLY	-	-	0
NATIVE-ONLY	typechecker:go/types/TestInstanceInfo/t1	interpreted			declared native-only, no credit	typechecker	NATIVE-ONLY	-	-	0
NATIVE-ONLY	typechecker:go/types/TestInstanceInfo/t1	native			declared native-only, no credit	typechecker	NATIVE-ONLY	-	-	0
NATIVE-ONLY	typechecker:go/types/TestInstanceInfo/t2	compiled			declared native-only, no credit	typechecker	NATIVE-ONLY	-	-	0
NATIVE-ONLY	typechecker:go/types/TestInstanceInfo/t2	interpreted			declared native-only, no credit	typechecker	NATIVE-ONLY	-	-	0
NATIVE-ONLY	typechecker:go/types/TestInstanceInfo/t2	native			declared native-only, no credit	typechecker	NATIVE-ONLY	-	-	0
NATIVE-ONLY	typechecker:go/types/TestInstanceInfo/t3	compiled			declared native-only, no credit	typechecker	NATIVE-ONLY	-	-	0
NATIVE-ONLY	typechecker:go/types/TestInstanceInfo/t3	interpreted			declared native-only, no credit	typechecker	NATIVE-ONLY	-	-	0
NATIVE-ONLY	typechecker:go/types/TestInstanceInfo/t3	native			declared native-only, no credit	typechecker	NATIVE-ONLY	-	-	0
NATIVE-ONLY	typechecker:go/types/TestInstanceInfo/t4	compiled			declared native-only, no credit	typechecker	NATIVE-ONLY	-	-	0
NATIVE-ONLY	typechecker:go/types/TestInstanceInfo/t4	interpreted			declared native-only, no credit	typechecker	NATIVE-ONLY	-	-	0
NATIVE-ONLY	typechecker:go/types/TestInstanceInfo/t4	native			declared native-only, no credit	typechecker	NATIVE-ONLY	-	-	0
NATIVE-ONLY	typechecker:go/types/TestInstanceInfo/type0	compiled			declared native-only, no credit	typechecker	NATIVE-ONLY	-	-	0
NATIVE-ONLY	typechecker:go/types/TestInstanceInfo/type0	interpreted			declared native-only, no credit	typechecker	NATIVE-ONLY	-	-	0
NATIVE-ONLY	typechecker:go/types/TestInstanceInfo/type0	native			declared native-only, no credit	typechecker	NATIVE-ONLY	-	-	0
NATIVE-ONLY	typechecker:go/types/TestInstanceInfo/type1	compiled			declared native-only, no credit	typechecker	NATIVE-ONLY	-	-	0
NATIVE-ONLY	typechecker:go/types/TestInstanceInfo/type1	interpreted			declared native-only, no credit	typechecker	NATIVE-ONLY	-	-	0
NATIVE-ONLY	typechecker:go/types/TestInstanceInfo/type1	native			declared native-only, no credit	typechecker	NATIVE-ONLY	-	-	0
NATIVE-ONLY	typechecker:go/types/TestInstanceInfo/type2	compiled			declared native-only, no credit	typechecker	NATIVE-ONLY	-	-	0
NATIVE-ONLY	typechecker:go/types/TestInstanceInfo/type2	interpreted			declared native-only, no credit	typechecker	NATIVE-ONLY	-	-	0
NATIVE-ONLY	typechecker:go/types/TestInstanceInfo/type2	native			declared native-only, no credit	typechecker	NATIVE-ONLY	-	-	0
NATIVE-ONLY	typechecker:go/types/TestInstanceInfo/type3	compiled			declared native-only, no credit	typechecker	NATIVE-ONLY	-	-	0
NATIVE-ONLY	typechecker:go/types/TestInstanceInfo/type3	interpreted			declared native-only, no credit	typechecker	NATIVE-ONLY	-	-	0
NATIVE-ONLY	typechecker:go/types/TestInstanceInfo/type3	native			declared native-only, no credit	typechecker	NATIVE-ONLY	-	-	0
NATIVE-ONLY	typechecker:go/types/TestInstanceInfo/type4	compiled			declared native-only, no credit	typechecker	NATIVE-ONLY	-	-	0
NATIVE-ONLY	typechecker:go/types/TestInstanceInfo/type4	interpreted			declared native-only, no credit	typechecker	NATIVE-ONLY	-	-	0
NATIVE-ONLY	typechecker:go/types/TestInstanceInfo/type4	native			declared native-only, no credit	typechecker	NATIVE-ONLY	-	-	0
NATIVE-ONLY	typechecker:go/types/TestInstantiateEquality/basicfunc	compiled			declared native-only, no credit	typechecker	NATIVE-ONLY	-	-	0
NATIVE-ONLY	typechecker:go/types/TestInstantiateEquality/basicfunc	interpreted			declared native-only, no credit	typechecker	NATIVE-ONLY	-	-	0
NATIVE-ONLY	typechecker:go/types/TestInstantiateEquality/basicfunc	native			declared native-only, no credit	typechecker	NATIVE-ONLY	-	-	0
NATIVE-ONLY	typechecker:go/types/TestInstantiateEquality/basictype	compiled			declared native-only, no credit	typechecker	NATIVE-ONLY	-	-	0
NATIVE-ONLY	typechecker:go/types/TestInstantiateEquality/basictype	interpreted			declared native-only, no credit	typechecker	NATIVE-ONLY	-	-	0
NATIVE-ONLY	typechecker:go/types/TestInstantiateEquality/basictype	native			declared native-only, no credit	typechecker	NATIVE-ONLY	-	-	0
NATIVE-ONLY	typechecker:go/types/TestInstantiateEquality/differentfuncargs	compiled			declared native-only, no credit	typechecker	NATIVE-ONLY	-	-	0
NATIVE-ONLY	typechecker:go/types/TestInstantiateEquality/differentfuncargs	interpreted			declared native-only, no credit	typechecker	NATIVE-ONLY	-	-	0
NATIVE-ONLY	typechecker:go/types/TestInstantiateEquality/differentfuncargs	native			declared native-only, no credit	typechecker	NATIVE-ONLY	-	-	0
NATIVE-ONLY	typechecker:go/types/TestInstantiateEquality/differenttypeargs	compiled			declared native-only, no credit	typechecker	NATIVE-ONLY	-	-	0
NATIVE-ONLY	typechecker:go/types/TestInstantiateEquality/differenttypeargs	interpreted			declared native-only, no credit	typechecker	NATIVE-ONLY	-	-	0
NATIVE-ONLY	typechecker:go/types/TestInstantiateEquality/differenttypeargs	native			declared native-only, no credit	typechecker	NATIVE-ONLY	-	-	0
NATIVE-ONLY	typechecker:go/types/TestInstantiateEquality/equivalentinterfaces	compiled			declared native-only, no credit	typechecker	NATIVE-ONLY	-	-	0
NATIVE-ONLY	typechecker:go/types/TestInstantiateEquality/equivalentinterfaces	interpreted			declared native-only, no credit	typechecker	NATIVE-ONLY	-	-	0
NATIVE-ONLY	typechecker:go/types/TestInstantiateEquality/equivalentinterfaces	native			declared native-only, no credit	typechecker	NATIVE-ONLY	-	-	0
NATIVE-ONLY	typechecker:go/types/TestInstantiateEquality/equivalenttypesets	compiled			declared native-only, no credit	typechecker	NATIVE-ONLY	-	-	0
NATIVE-ONLY	typechecker:go/types/TestInstantiateEquality/equivalenttypesets	interpreted			declared native-only, no credit	typechecker	NATIVE-ONLY	-	-	0
NATIVE-ONLY	typechecker:go/types/TestInstantiateEquality/equivalenttypesets	native			declared native-only, no credit	typechecker	NATIVE-ONLY	-	-	0
NATIVE-ONLY	typechecker:go/types/TestInstantiateEquality/funcequality	compiled			declared native-only, no credit	typechecker	NATIVE-ONLY	-	-	0
NATIVE-ONLY	typechecker:go/types/TestInstantiateEquality/funcequality	interpreted			declared native-only, no credit	typechecker	NATIVE-ONLY	-	-	0
NATIVE-ONLY	typechecker:go/types/TestInstantiateEquality/funcequality	native			declared native-only, no credit	typechecker	NATIVE-ONLY	-	-	0
NATIVE-ONLY	typechecker:go/types/TestInstantiateEquality/funcslice	compiled			declared native-only, no credit	typechecker	NATIVE-ONLY	-	-	0
NATIVE-ONLY	typechecker:go/types/TestInstantiateEquality/funcslice	interpreted			declared native-only, no credit	typechecker	NATIVE-ONLY	-	-	0
NATIVE-ONLY	typechecker:go/types/TestInstantiateEquality/funcslice	native			declared native-only, no credit	typechecker	NATIVE-ONLY	-	-	0
NATIVE-ONLY	typechecker:go/types/TestInstantiateEquality/funcsymmetry	compiled			declared native-only, no credit	typechecker	NATIVE-ONLY	-	-	0
NATIVE-ONLY	typechecker:go/types/TestInstantiateEquality/funcsymmetry	interpreted			declared native-only, no credit	typechecker	NATIVE-ONLY	-	-	0
NATIVE-ONLY	typechecker:go/types/TestInstantiateEquality/funcsymmetry	native			declared native-only, no credit	typechecker	NATIVE-ONLY	-	-	0
NATIVE-ONLY	typechecker:go/types/TestInstantiateEquality/funcwithparams	compiled			declared native-only, no credit	typechecker	NATIVE-ONLY	-	-	0
NATIVE-ONLY	typechecker:go/types/TestInstantiateEquality/funcwithparams	interpreted			declared native-only, no credit	typechecker	NATIVE-ONLY	-	-	0
NATIVE-ONLY	typechecker:go/types/TestInstantiateEquality/funcwithparams	native			declared native-only, no credit	typechecker	NATIVE-ONLY	-	-	0
NATIVE-ONLY	typechecker:go/types/TestInstantiateEquality/typeslice	compiled			declared native-only, no credit	typechecker	NATIVE-ONLY	-	-	0
NATIVE-ONLY	typechecker:go/types/TestInstantiateEquality/typeslice	interpreted			declared native-only, no credit	typechecker	NATIVE-ONLY	-	-	0
NATIVE-ONLY	typechecker:go/types/TestInstantiateEquality/typeslice	native			declared native-only, no credit	typechecker	NATIVE-ONLY	-	-	0
NATIVE-ONLY	typechecker:go/types/TestInstantiatedObjects/concreteMethod	compiled			declared native-only, no credit	typechecker	NATIVE-ONLY	-	-	0
NATIVE-ONLY	typechecker:go/types/TestInstantiatedObjects/concreteMethod	interpreted			declared native-only, no credit	typechecker	NATIVE-ONLY	-	-	0
NATIVE-ONLY	typechecker:go/types/TestInstantiatedObjects/concreteMethod	native			declared native-only, no credit	typechecker	NATIVE-ONLY	-	-	0
NATIVE-ONLY	typechecker:go/types/TestInstantiatedObjects/fParam	compiled			declared native-only, no credit	typechecker	NATIVE-ONLY	-	-	0
NATIVE-ONLY	typechecker:go/types/TestInstantiatedObjects/fParam	interpreted			declared native-only, no credit	typechecker	NATIVE-ONLY	-	-	0
NATIVE-ONLY	typechecker:go/types/TestInstantiatedObjects/fParam	native			declared native-only, no credit	typechecker	NATIVE-ONLY	-	-	0
NATIVE-ONLY	typechecker:go/types/TestInstantiatedObjects/fResult	compiled			declared native-only, no credit	typechecker	NATIVE-ONLY	-	-	0
NATIVE-ONLY	typechecker:go/types/TestInstantiatedObjects/fResult	interpreted			declared native-only, no credit	typechecker	NATIVE-ONLY	-	-	0
NATIVE-ONLY	typechecker:go/types/TestInstantiatedObjects/fResult	native			declared native-only, no credit	typechecker	NATIVE-ONLY	-	-	0
NATIVE-ONLY	typechecker:go/types/TestInstantiatedObjects/field	compiled			declared native-only, no credit	typechecker	NATIVE-ONLY	-	-	0
NATIVE-ONLY	typechecker:go/types/TestInstantiatedObjects/field	interpreted			declared native-only, no credit	typechecker	NATIVE-ONLY	-	-	0
NATIVE-ONLY	typechecker:go/types/TestInstantiatedObjects/field	native			declared native-only, no credit	typechecker	NATIVE-ONLY	-	-	0
NATIVE-ONLY	typechecker:go/types/TestInstantiatedObjects/field#01	compiled			declared native-only, no credit	typechecker	NATIVE-ONLY	-	-	0
NATIVE-ONLY	typechecker:go/types/TestInstantiatedObjects/field#01	interpreted			declared native-only, no credit	typechecker	NATIVE-ONLY	-	-	0
NATIVE-ONLY	typechecker:go/types/TestInstantiatedObjects/field#01	native			declared native-only, no credit	typechecker	NATIVE-ONLY	-	-	0
NATIVE-ONLY	typechecker:go/types/TestInstantiatedObjects/ftParam	compiled			declared native-only, no credit	typechecker	NATIVE-ONLY	-	-	0
NATIVE-ONLY	typechecker:go/types/TestInstantiatedObjects/ftParam	interpreted			declared native-only, no credit	typechecker	NATIVE-ONLY	-	-	0
NATIVE-ONLY	typechecker:go/types/TestInstantiatedObjects/ftParam	native			declared native-only, no credit	typechecker	NATIVE-ONLY	-	-	0
NATIVE-ONLY	typechecker:go/types/TestInstantiatedObjects/ftResult	compiled			declared native-only, no credit	typechecker	NATIVE-ONLY	-	-	0
NATIVE-ONLY	typechecker:go/types/TestInstantiatedObjects/ftResult	interpreted			declared native-only, no credit	typechecker	NATIVE-ONLY	-	-	0
NATIVE-ONLY	typechecker:go/types/TestInstantiatedObjects/ftResult	native			declared native-only, no credit	typechecker	NATIVE-ONLY	-	-	0
NATIVE-ONLY	typechecker:go/types/TestInstantiatedObjects/interfaceMethod	compiled			declared native-only, no credit	typechecker	NATIVE-ONLY	-	-	0
NATIVE-ONLY	typechecker:go/types/TestInstantiatedObjects/interfaceMethod	interpreted			declared native-only, no credit	typechecker	NATIVE-ONLY	-	-	0
NATIVE-ONLY	typechecker:go/types/TestInstantiatedObjects/interfaceMethod	native			declared native-only, no credit	typechecker	NATIVE-ONLY	-	-	0
NATIVE-ONLY	typechecker:go/types/TestInstantiatedObjects/mParam	compiled			declared native-only, no credit	typechecker	NATIVE-ONLY	-	-	0
NATIVE-ONLY	typechecker:go/types/TestInstantiatedObjects/mParam	interpreted			declared native-only, no credit	typechecker	NATIVE-ONLY	-	-	0
NATIVE-ONLY	typechecker:go/types/TestInstantiatedObjects/mParam	native			declared native-only, no credit	typechecker	NATIVE-ONLY	-	-	0
NATIVE-ONLY	typechecker:go/types/TestInstantiatedObjects/mResult	compiled			declared native-only, no credit	typechecker	NATIVE-ONLY	-	-	0
NATIVE-ONLY	typechecker:go/types/TestInstantiatedObjects/mResult	interpreted			declared native-only, no credit	typechecker	NATIVE-ONLY	-	-	0
NATIVE-ONLY	typechecker:go/types/TestInstantiatedObjects/mResult	native			declared native-only, no credit	typechecker	NATIVE-ONLY	-	-	0
NATIVE-ONLY	typechecker:go/types/TestInstantiatedObjects/recv	compiled			declared native-only, no credit	typechecker	NATIVE-ONLY	-	-	0
NATIVE-ONLY	typechecker:go/types/TestInstantiatedObjects/recv	interpreted			declared native-only, no credit	typechecker	NATIVE-ONLY	-	-	0
NATIVE-ONLY	typechecker:go/types/TestInstantiatedObjects/recv	native			declared native-only, no credit	typechecker	NATIVE-ONLY	-	-	0
PASS	typechecker:go/types/TestLocal/issue47996.go	compiled				typechecker	PASS	-	-	0.01
PASS	typechecker:go/types/TestLocal/issue47996.go	interpreted				typechecker	PASS	-	-	0.01
PASS	typechecker:go/types/TestLocal/issue47996.go	native				typechecker	PASS	-	-	0
PASS	typechecker:go/types/TestLocal/shifts.go	compiled				typechecker	PASS	-	-	0.01
PASS	typechecker:go/types/TestLocal/shifts.go	interpreted				typechecker	PASS	-	-	0.01
PASS	typechecker:go/types/TestLocal/shifts.go	native				typechecker	PASS	-	-	0
NATIVE-ONLY	typechecker:go/types/TestObjectString/0	compiled			declared native-only, no credit	typechecker	NATIVE-ONLY	-	-	0
NATIVE-ONLY	typechecker:go/types/TestObjectString/0	interpreted			declared native-only, no credit	typechecker	NATIVE-ONLY	-	-	0
NATIVE-ONLY	typechecker:go/types/TestObjectString/0	native			declared native-only, no credit	typechecker	NATIVE-ONLY	-	-	0
NATIVE-ONLY	typechecker:go/types/TestObjectString/1	compiled			declared native-only, no credit	typechecker	NATIVE-ONLY	-	-	0
NATIVE-ONLY	typechecker:go/types/TestObjectString/1	interpreted			declared native-only, no credit	typechecker	NATIVE-ONLY	-	-	0
NATIVE-ONLY	typechecker:go/types/TestObjectString/1	native			declared native-only, no credit	typechecker	NATIVE-ONLY	-	-	0
NATIVE-ONLY	typechecker:go/types/TestObjectString/10	compiled			declared native-only, no credit	typechecker	NATIVE-ONLY	-	-	0
NATIVE-ONLY	typechecker:go/types/TestObjectString/10	interpreted			declared native-only, no credit	typechecker	NATIVE-ONLY	-	-	0
NATIVE-ONLY	typechecker:go/types/TestObjectString/10	native			declared native-only, no credit	typechecker	NATIVE-ONLY	-	-	0
NATIVE-ONLY	typechecker:go/types/TestObjectString/11	compiled			declared native-only, no credit	typechecker	NATIVE-ONLY	-	-	0
NATIVE-ONLY	typechecker:go/types/TestObjectString/11	interpreted			declared native-only, no credit	typechecker	NATIVE-ONLY	-	-	0
NATIVE-ONLY	typechecker:go/types/TestObjectString/11	native			declared native-only, no credit	typechecker	NATIVE-ONLY	-	-	0
NATIVE-ONLY	typechecker:go/types/TestObjectString/12	compiled			declared native-only, no credit	typechecker	NATIVE-ONLY	-	-	0
NATIVE-ONLY	typechecker:go/types/TestObjectString/12	interpreted			declared native-only, no credit	typechecker	NATIVE-ONLY	-	-	0
NATIVE-ONLY	typechecker:go/types/TestObjectString/12	native			declared native-only, no credit	typechecker	NATIVE-ONLY	-	-	0
NATIVE-ONLY	typechecker:go/types/TestObjectString/13	compiled			declared native-only, no credit	typechecker	NATIVE-ONLY	-	-	0
NATIVE-ONLY	typechecker:go/types/TestObjectString/13	interpreted			declared native-only, no credit	typechecker	NATIVE-ONLY	-	-	0
NATIVE-ONLY	typechecker:go/types/TestObjectString/13	native			declared native-only, no credit	typechecker	NATIVE-ONLY	-	-	0
NATIVE-ONLY	typechecker:go/types/TestObjectString/14	compiled			declared native-only, no credit	typechecker	NATIVE-ONLY	-	-	0
NATIVE-ONLY	typechecker:go/types/TestObjectString/14	interpreted			declared native-only, no credit	typechecker	NATIVE-ONLY	-	-	0
NATIVE-ONLY	typechecker:go/types/TestObjectString/14	native			declared native-only, no credit	typechecker	NATIVE-ONLY	-	-	0
NATIVE-ONLY	typechecker:go/types/TestObjectString/15	compiled			declared native-only, no credit	typechecker	NATIVE-ONLY	-	-	0
NATIVE-ONLY	typechecker:go/types/TestObjectString/15	interpreted			declared native-only, no credit	typechecker	NATIVE-ONLY	-	-	0
NATIVE-ONLY	typechecker:go/types/TestObjectString/15	native			declared native-only, no credit	typechecker	NATIVE-ONLY	-	-	0
NATIVE-ONLY	typechecker:go/types/TestObjectString/16	compiled			declared native-only, no credit	typechecker	NATIVE-ONLY	-	-	0
NATIVE-ONLY	typechecker:go/types/TestObjectString/16	interpreted			declared native-only, no credit	typechecker	NATIVE-ONLY	-	-	0
NATIVE-ONLY	typechecker:go/types/TestObjectString/16	native			declared native-only, no credit	typechecker	NATIVE-ONLY	-	-	0
NATIVE-ONLY	typechecker:go/types/TestObjectString/2	compiled			declared native-only, no credit	typechecker	NATIVE-ONLY	-	-	0
NATIVE-ONLY	typechecker:go/types/TestObjectString/2	interpreted			declared native-only, no credit	typechecker	NATIVE-ONLY	-	-	0
NATIVE-ONLY	typechecker:go/types/TestObjectString/2	native			declared native-only, no credit	typechecker	NATIVE-ONLY	-	-	0
NATIVE-ONLY	typechecker:go/types/TestObjectString/3	compiled			declared native-only, no credit	typechecker	NATIVE-ONLY	-	-	0
NATIVE-ONLY	typechecker:go/types/TestObjectString/3	interpreted			declared native-only, no credit	typechecker	NATIVE-ONLY	-	-	0
NATIVE-ONLY	typechecker:go/types/TestObjectString/3	native			declared native-only, no credit	typechecker	NATIVE-ONLY	-	-	0
NATIVE-ONLY	typechecker:go/types/TestObjectString/4	compiled			declared native-only, no credit	typechecker	NATIVE-ONLY	-	-	0
NATIVE-ONLY	typechecker:go/types/TestObjectString/4	interpreted			declared native-only, no credit	typechecker	NATIVE-ONLY	-	-	0
NATIVE-ONLY	typechecker:go/types/TestObjectString/4	native			declared native-only, no credit	typechecker	NATIVE-ONLY	-	-	0
NATIVE-ONLY	typechecker:go/types/TestObjectString/5	compiled			declared native-only, no credit	typechecker	NATIVE-ONLY	-	-	0
NATIVE-ONLY	typechecker:go/types/TestObjectString/5	interpreted			declared native-only, no credit	typechecker	NATIVE-ONLY	-	-	0
NATIVE-ONLY	typechecker:go/types/TestObjectString/5	native			declared native-only, no credit	typechecker	NATIVE-ONLY	-	-	0
NATIVE-ONLY	typechecker:go/types/TestObjectString/6	compiled			declared native-only, no credit	typechecker	NATIVE-ONLY	-	-	0
NATIVE-ONLY	typechecker:go/types/TestObjectString/6	interpreted			declared native-only, no credit	typechecker	NATIVE-ONLY	-	-	0
NATIVE-ONLY	typechecker:go/types/TestObjectString/6	native			declared native-only, no credit	typechecker	NATIVE-ONLY	-	-	0
NATIVE-ONLY	typechecker:go/types/TestObjectString/7	compiled			declared native-only, no credit	typechecker	NATIVE-ONLY	-	-	0
NATIVE-ONLY	typechecker:go/types/TestObjectString/7	interpreted			declared native-only, no credit	typechecker	NATIVE-ONLY	-	-	0
NATIVE-ONLY	typechecker:go/types/TestObjectString/7	native			declared native-only, no credit	typechecker	NATIVE-ONLY	-	-	0
NATIVE-ONLY	typechecker:go/types/TestObjectString/8	compiled			declared native-only, no credit	typechecker	NATIVE-ONLY	-	-	0
NATIVE-ONLY	typechecker:go/types/TestObjectString/8	interpreted			declared native-only, no credit	typechecker	NATIVE-ONLY	-	-	0
NATIVE-ONLY	typechecker:go/types/TestObjectString/8	native			declared native-only, no credit	typechecker	NATIVE-ONLY	-	-	0
NATIVE-ONLY	typechecker:go/types/TestObjectString/9	compiled			declared native-only, no credit	typechecker	NATIVE-ONLY	-	-	0
NATIVE-ONLY	typechecker:go/types/TestObjectString/9	interpreted			declared native-only, no credit	typechecker	NATIVE-ONLY	-	-	0
NATIVE-ONLY	typechecker:go/types/TestObjectString/9	native			declared native-only, no credit	typechecker	NATIVE-ONLY	-	-	0
PASS	typechecker:go/types/TestSpec/assignability.go	compiled				typechecker	PASS	-	-	0.01
PASS	typechecker:go/types/TestSpec/assignability.go	interpreted				typechecker	PASS	-	-	0.01
PASS	typechecker:go/types/TestSpec/assignability.go	native				typechecker	PASS	-	-	0
PASS	typechecker:go/types/TestSpec/comparable.go	compiled				typechecker	PASS	-	-	0.01
PASS	typechecker:go/types/TestSpec/comparable.go	interpreted				typechecker	PASS	-	-	0.01
PASS	typechecker:go/types/TestSpec/comparable.go	native				typechecker	PASS	-	-	0
PASS	typechecker:go/types/TestSpec/comparable1.19.go	compiled				typechecker	PASS	-	-	0.01
PASS	typechecker:go/types/TestSpec/comparable1.19.go	interpreted				typechecker	PASS	-	-	0.01
PASS	typechecker:go/types/TestSpec/comparable1.19.go	native				typechecker	PASS	-	-	0
PASS	typechecker:go/types/TestSpec/comparisons.go	compiled				typechecker	PASS	-	-	0.01
PASS	typechecker:go/types/TestSpec/comparisons.go	interpreted				typechecker	PASS	-	-	0.01
PASS	typechecker:go/types/TestSpec/comparisons.go	native				typechecker	PASS	-	-	0
PASS	typechecker:go/types/TestSpec/conversions.go	compiled				typechecker	PASS	-	-	0.01
PASS	typechecker:go/types/TestSpec/conversions.go	interpreted				typechecker	PASS	-	-	0.01
PASS	typechecker:go/types/TestSpec/conversions.go	native				typechecker	PASS	-	-	0
PASS	typechecker:go/types/TestSpec/methods.go	compiled				typechecker	PASS	-	-	0.01
PASS	typechecker:go/types/TestSpec/methods.go	interpreted				typechecker	PASS	-	-	0.01
PASS	typechecker:go/types/TestSpec/methods.go	native				typechecker	PASS	-	-	0
PASS	typechecker:go/types/TestSpec/range.go	compiled				typechecker	PASS	-	-	0.01
PASS	typechecker:go/types/TestSpec/range.go	interpreted				typechecker	PASS	-	-	0.01
PASS	typechecker:go/types/TestSpec/range.go	native				typechecker	PASS	-	-	0
PASS	typechecker:go/types/TestSpec/range_int.go	compiled				typechecker	PASS	-	-	0.01
PASS	typechecker:go/types/TestSpec/range_int.go	interpreted				typechecker	PASS	-	-	0.01
PASS	typechecker:go/types/TestSpec/range_int.go	native				typechecker	PASS	-	-	0
PASS	typechecker:go/types/TestSpec/receivers.go	compiled				typechecker	PASS	-	-	0.01
PASS	typechecker:go/types/TestSpec/receivers.go	interpreted				typechecker	PASS	-	-	0.01
PASS	typechecker:go/types/TestSpec/receivers.go	native				typechecker	PASS	-	-	0
PASS	typechecker:go/types/TestSpec/structLits.go	compiled				typechecker	PASS	-	-	0.01
PASS	typechecker:go/types/TestSpec/structLits.go	interpreted				typechecker	PASS	-	-	0.01
PASS	typechecker:go/types/TestSpec/structLits.go	native				typechecker	PASS	-	-	0
PASS	typechecker:go/types/TestSpec/typeAliases1.22.go	compiled				typechecker	PASS	-	-	0.01
PASS	typechecker:go/types/TestSpec/typeAliases1.22.go	interpreted				typechecker	PASS	-	-	0.01
PASS	typechecker:go/types/TestSpec/typeAliases1.22.go	native				typechecker	PASS	-	-	0
PASS	typechecker:go/types/TestSpec/typeAliases1.23.go	compiled				typechecker	PASS	-	-	0.01
PASS	typechecker:go/types/TestSpec/typeAliases1.23.go	interpreted				typechecker	PASS	-	-	0.01
PASS	typechecker:go/types/TestSpec/typeAliases1.23.go	native				typechecker	PASS	-	-	0
PASS	typechecker:go/types/TestSpec/typeAliases1.8.go	compiled				typechecker	PASS	-	-	0.01
PASS	typechecker:go/types/TestSpec/typeAliases1.8.go	interpreted				typechecker	PASS	-	-	0.01
PASS	typechecker:go/types/TestSpec/typeAliases1.8.go	native				typechecker	PASS	-	-	0
